id,domain,pattern,tokens_hindi,tokens_english,switch_points,pair_type,text_a,text_b,label_semantic_equivalent,label_natural,label_code_switch_valid,len_a,len_b,len_diff,token_overlap_count,token_jaccard,same_token_set,position_displacement_mean,position_displacement_max,kendall_tau_distance,edit_distance_tokens,english_ratio,hindi_ratio,num_switch_points,is_base_tf,is_base_es,is_tf_es,switch_point_bucket,bleu,bertscore_p,bertscore_r,bertscore_f1
1,travel,EN-HN-HN-HN-HN,4,1,[0],base_tf,train kaha tak jati hai,kaha tak jati hai train,,,,5,5,0,5,1.0,True,1.6,4.0,0.4,2,0.2,0.8,1,True,False,False,1_switch,0.7071067811865476,0.97963583,0.97963583,0.9796358
1,travel,EN-HN-HN-HN-HN,4,1,[0],base_es,train kaha tak jati hai,jati hai kaha tak train,,,,5,5,0,5,1.0,True,2.4,4.0,0.8,4,0.2,0.8,1,False,True,False,1_switch,0.18125262430637384,0.9514753,0.9514753,0.9514753
1,travel,EN-HN-HN-HN-HN,4,1,[0],tf_es,kaha tak jati hai train,jati hai kaha tak train,,,,5,5,0,5,1.0,True,1.6,2.0,0.4,4,0.2,0.8,1,False,False,True,1_switch,0.18125262430637384,0.9658851,0.96588516,0.9658851
2,travel,EN-EN-EN-HN-HN,3,2,"[0, 1]",base_tf,bus timing check karna hai,timing check karna hai bus ka,,,,5,6,1,5,0.8333333333333334,False,1.6,4.0,0.4,3,0.4,0.6,2,True,False,False,2_switch,0.5789300674674098,0.9651551,0.9458362,0.955398
2,travel,EN-EN-EN-HN-HN,3,2,"[0, 1]",base_es,bus timing check karna hai,check karna hai bus ka timing,,,,5,6,1,5,0.8333333333333334,False,2.6,4.0,0.6,5,0.4,0.6,2,False,True,False,2_switch,0.27862132228916886,0.9539537,0.937068,0.9454354
2,travel,EN-EN-EN-HN-HN,3,2,"[0, 1]",tf_es,timing check karna hai bus ka,check karna hai bus ka timing,,,,6,6,0,6,1.0,True,1.6666666666666667,5.0,0.3333333333333333,2,0.4,0.6,2,False,False,True,2_switch,0.7952707287670506,0.96127677,0.96127677,0.96127677
3,travel,EN-HN-HN-EN-EN-HN-HN,5,2,"[0, 3]",base_tf,station ke paas taxi available hai kya,taxi available hai kya station ke paas,,,,7,7,0,7,1.0,True,3.4285714285714284,4.0,0.5714285714285714,6,0.2857142857142857,0.7142857142857143,2,True,False,False,2_switch,0.5946035575013605,0.97772133,0.97772133,0.97772133
3,travel,EN-HN-HN-EN-EN-HN-HN,5,2,"[0, 3]",base_es,station ke paas taxi available hai kya,available hai kya station ke paas taxi,,,,7,7,0,7,1.0,True,3.4285714285714284,4.0,0.5714285714285714,6,0.2857142857142857,0.7142857142857143,2,False,True,False,2_switch,0.5946035575013605,0.97212267,0.97212267,0.97212267
3,travel,EN-HN-HN-EN-EN-HN-HN,5,2,"[0, 3]",tf_es,taxi available hai kya station ke paas,available hai kya station ke paas taxi,,,,7,7,0,7,1.0,True,1.7142857142857142,6.0,0.2857142857142857,2,0.2857142857142857,0.7142857142857143,2,False,False,True,2_switch,0.8408964152537146,0.9819174,0.9819174,0.9819174
4,travel,EN-HN-EN-EN-EN-HN-HN,3,4,"[0, 2, 3, 4]",base_tf,flight ka boarding pass print karwana hai,boarding pass print karwana hai flight ka,,,,7,7,0,7,1.0,True,2.857142857142857,5.0,0.47619047619047616,4,0.5714285714285714,0.42857142857142855,4,True,False,False,3plus_switch,0.7071067811865476,0.968156,0.968156,0.968156
4,travel,EN-HN-EN-EN-EN-HN-HN,3,4,"[0, 2, 3, 4]",base_es,flight ka boarding pass print karwana hai,print karwana hai flight ka boarding pass,,,,7,7,0,7,1.0,True,3.4285714285714284,4.0,0.5714285714285714,6,0.5714285714285714,0.42857142857142855,4,False,True,False,3plus_switch,0.5946035575013605,0.96011686,0.96011686,0.96011686
4,travel,EN-HN-EN-EN-EN-HN-HN,3,4,"[0, 2, 3, 4]",tf_es,boarding pass print karwana hai flight ka,print karwana hai flight ka boarding pass,,,,7,7,0,7,1.0,True,2.857142857142857,5.0,0.47619047619047616,4,0.5714285714285714,0.42857142857142855,4,False,False,True,3plus_switch,0.7071067811865476,0.95257014,0.9525701,0.95257014
5,travel,EN-HN-EN-HN-EN,3,2,"[0, 2]",base_tf,auto ka meter on karlo please,meter on karlo please auto ka,,,,6,6,0,6,1.0,True,2.6666666666666665,4.0,0.5333333333333333,4,0.4,0.6,2,True,False,False,2_switch,0.6042750794713536,0.9644896,0.9644895,0.9644895
5,travel,EN-HN-EN-HN-EN,3,2,"[0, 2]",base_es,auto ka meter on karlo please,on karlo auto ka meter please,,,,6,6,0,6,1.0,True,2.0,3.0,0.4,4,0.4,0.6,2,False,True,False,2_switch,0.3076539023663478,0.97220874,0.97220874,0.97220874
5,travel,EN-HN-EN-HN-EN,3,2,"[0, 2]",tf_es,meter on karlo please auto ka,on karlo auto ka meter please,,,,6,6,0,6,1.0,True,2.0,4.0,0.4,4,0.4,0.6,2,False,False,True,2_switch,0.15209048386546847,0.9596007,0.9596007,0.9596007
6,travel,EN-HN-EN-EN-EN-HN,3,3,"[0, 2, 3]",base_tf,highway pe speed limit follow karo,speed limit follow karo highway pe,,,,6,6,0,6,1.0,True,2.6666666666666665,4.0,0.5333333333333333,4,0.5,0.5,3,True,False,False,3plus_switch,0.6042750794713536,0.9506234,0.95062333,0.95062333
6,travel,EN-HN-EN-EN-EN-HN,3,3,"[0, 2, 3]",base_es,highway pe speed limit follow karo,follow karo highway pe speed limit,,,,6,6,0,6,1.0,True,2.6666666666666665,4.0,0.5333333333333333,4,0.5,0.5,3,False,True,False,3plus_switch,0.6042750794713536,0.9670428,0.9670428,0.9670428
6,travel,EN-HN-EN-EN-EN-HN,3,3,"[0, 2, 3]",tf_es,speed limit follow karo highway pe,follow karo highway pe speed limit,,,,6,6,0,6,1.0,True,2.6666666666666665,4.0,0.5333333333333333,4,0.5,0.5,3,False,False,True,3plus_switch,0.6042750794713536,0.96406645,0.9640664,0.96406645
7,travel,EN-HN-EN-EN-HN-HN-HN,4,2,"[0, 2]",base_tf,luggage ka weight check ho gaya kya,weight check ho gaya kya luggage ka,,,,7,7,0,7,1.0,True,2.857142857142857,5.0,0.47619047619047616,4,0.3333333333333333,0.6666666666666666,2,True,False,False,2_switch,0.7071067811865476,0.9670162,0.9670163,0.9670163
7,travel,EN-HN-EN-EN-HN-HN-HN,4,2,"[0, 2]",base_es,luggage ka weight check ho gaya kya,check ho gaya kya luggage ka weight,,,,7,7,0,7,1.0,True,3.4285714285714284,4.0,0.5714285714285714,6,0.3333333333333333,0.6666666666666666,2,False,True,False,2_switch,0.5946035575013605,0.97299755,0.9729976,0.9729976
7,travel,EN-HN-EN-EN-HN-HN-HN,4,2,"[0, 2]",tf_es,weight check ho gaya kya luggage ka,check ho gaya kya luggage ka weight,,,,7,7,0,7,1.0,True,1.7142857142857142,6.0,0.2857142857142857,2,0.3333333333333333,0.6666666666666666,2,False,False,True,2_switch,0.8408964152537146,0.97013175,0.97013175,0.97013175
8,travel,EN-EN-EN-EN-HN-HN,3,3,"[0, 1, 2]",base_tf,train platform number change ho gaya,platform number change ho gaya train ka,,,,6,7,1,6,0.8571428571428571,False,1.6666666666666667,5.0,0.3333333333333333,3,0.5,0.5,3,True,False,False,3plus_switch,0.6731821382417487,0.95392203,0.9298953,0.9417554
8,travel,EN-EN-EN-EN-HN-HN,3,3,"[0, 1, 2]",base_es,train platform number change ho gaya,change ho gaya train ka platform number,,,,6,7,1,6,0.8571428571428571,False,3.3333333333333335,4.0,0.6,7,0.5,0.5,3,False,True,False,3plus_switch,0.26042340594439467,0.92525613,0.89593685,0.9103605
8,travel,EN-EN-EN-EN-HN-HN,3,3,"[0, 1, 2]",tf_es,platform number change ho gaya train ka,change ho gaya train ka platform number,,,,7,7,0,7,1.0,True,2.857142857142857,5.0,0.47619047619047616,4,0.5,0.5,3,False,False,True,3plus_switch,0.7071067811865476,0.9556129,0.9556129,0.9556129
9,travel,EN-EN-HN-EN-HN-HN-HN,4,2,"[0, 1]",base_tf,flight delay ka reason bata sakte ho,reason bata sakte ho flight delay ka,,,,7,7,0,7,1.0,True,3.4285714285714284,4.0,0.5714285714285714,6,0.3333333333333333,0.6666666666666666,2,True,False,False,2_switch,0.5946035575013605,0.96134233,0.96134233,0.96134233
9,travel,EN-EN-HN-EN-HN-HN-HN,4,2,"[0, 1]",base_es,flight delay ka reason bata sakte ho,bata sakte ho flight delay ka reason,,,,7,7,0,7,1.0,True,3.4285714285714284,4.0,0.5714285714285714,6,0.3333333333333333,0.6666666666666666,2,False,True,False,2_switch,0.5946035575013605,0.9618672,0.9618672,0.9618672
9,travel,EN-EN-HN-EN-HN-HN-HN,4,2,"[0, 1]",tf_es,reason bata sakte ho flight delay ka,bata sakte ho flight delay ka reason,,,,7,7,0,7,1.0,True,1.7142857142857142,6.0,0.2857142857142857,2,0.3333333333333333,0.6666666666666666,2,False,False,True,2_switch,0.8408964152537146,0.97584826,0.97584826,0.97584826
10,travel,EN-HN-EN-EN-HN-HN-HN,4,3,"[0, 2, 3]",base_tf,ticket ka refund online mil jayega kya,refund online mil jayega kya ticket ka,,,,7,7,0,7,1.0,True,2.857142857142857,5.0,0.47619047619047616,4,0.42857142857142855,0.5714285714285714,3,True,False,False,3plus_switch,0.7071067811865476,0.9773584,0.97735834,0.9773584
10,travel,EN-HN-EN-EN-HN-HN-HN,4,3,"[0, 2, 3]",base_es,ticket ka refund online mil jayega kya,mil jayega online refund ticket ka kya,,,,7,7,0,7,1.0,True,2.5714285714285716,4.0,0.6190476190476191,6,0.42857142857142855,0.5714285714285714,3,False,True,False,3plus_switch,0.133280336353857,0.97532594,0.97532594,0.97532594
10,travel,EN-HN-EN-EN-HN-HN-HN,4,3,"[0, 2, 3]",tf_es,refund online mil jayega kya ticket ka,mil jayega online refund ticket ka kya,,,,7,7,0,7,1.0,True,1.7142857142857142,3.0,0.3333333333333333,5,0.42857142857142855,0.5714285714285714,3,False,False,True,3plus_switch,0.133280336353857,0.9736116,0.97361153,0.97361153
11,food,EN-HN-EN-EN-HN-HN,3,3,"[0, 2, 3]",base_tf,pizza ka order cancel karna padega,order cancel karna padega pizza ka,,,,6,6,0,6,1.0,True,2.6666666666666665,4.0,0.5333333333333333,4,0.5,0.5,3,True,False,False,3plus_switch,0.6042750794713536,0.9579489,0.9579489,0.9579489
11,food,EN-HN-EN-EN-HN-HN,3,3,"[0, 2, 3]",base_es,pizza ka order cancel karna padega,cancel karna padega pizza ka order,,,,6,6,0,6,1.0,True,3.0,3.0,0.6,6,0.5,0.5,3,False,True,False,3plus_switch,0.3931466788228678,0.9557134,0.9557134,0.9557134
11,food,EN-HN-EN-EN-HN-HN,3,3,"[0, 2, 3]",tf_es,order cancel karna padega pizza ka,cancel karna padega pizza ka order,,,,6,6,0,6,1.0,True,1.6666666666666667,5.0,0.3333333333333333,2,0.5,0.5,3,False,False,True,3plus_switch,0.7952707287670506,0.95774347,0.9577435,0.95774347
12,food,HN-HN-EN-EN-EN-HN-HN,3,3,"[2, 3, 4]",base_tf,chai me extra sugar add kar do,extra sugar add kar do chai me,,,,7,7,0,7,1.0,True,2.857142857142857,5.0,0.47619047619047616,4,0.5,0.5,3,True,False,False,3plus_switch,0.7071067811865476,0.96451837,0.96451837,0.96451837
12,food,HN-HN-EN-EN-EN-HN-HN,3,3,"[2, 3, 4]",base_es,chai me extra sugar add kar do,add kar do chai me extra sugar,,,,7,7,0,7,1.0,True,3.4285714285714284,4.0,0.5714285714285714,6,0.5,0.5,3,False,True,False,3plus_switch,0.5946035575013605,0.95845914,0.95845914,0.9584591
12,food,HN-HN-EN-EN-EN-HN-HN,3,3,"[2, 3, 4]",tf_es,extra sugar add kar do chai me,add kar do chai me extra sugar,,,,7,7,0,7,1.0,True,2.857142857142857,5.0,0.47619047619047616,4,0.5,0.5,3,False,False,True,3plus_switch,0.7071067811865476,0.96626997,0.96626997,0.96626997
13,food,EN-HN-EN-HN-HN,2,2,"[0, 2]",base_tf,pasta thoda spicy bana dena,thoda spicy bana dena pasta,,,,5,5,0,5,1.0,True,1.6,4.0,0.4,2,0.5,0.5,2,True,False,False,2_switch,0.7071067811865476,0.9706684,0.9706684,0.9706684
13,food,EN-HN-EN-HN-HN,2,2,"[0, 2]",base_es,pasta thoda spicy bana dena,spicy bana dena pasta thoda,,,,5,5,0,5,1.0,True,2.4,3.0,0.6,4,0.5,0.5,2,False,True,False,2_switch,0.3766136530980537,0.96371114,0.96371114,0.96371114
13,food,EN-HN-EN-HN-HN,2,2,"[0, 2]",tf_es,thoda spicy bana dena pasta,spicy bana dena pasta thoda,,,,5,5,0,5,1.0,True,1.6,4.0,0.4,2,0.5,0.5,2,False,False,True,2_switch,0.7071067811865476,0.9682628,0.9682628,0.9682628
14,food,EN-HN-EN-EN-HN-HN-HN,4,2,"[0, 2]",base_tf,juice ka bill pay kar diya kya,bill pay kar diya kya juice ka,,,,7,7,0,7,1.0,True,2.857142857142857,5.0,0.47619047619047616,4,0.3333333333333333,0.6666666666666666,2,True,False,False,2_switch,0.7071067811865476,0.966351,0.9663509,0.966351
14,food,EN-HN-EN-EN-HN-HN-HN,4,2,"[0, 2]",base_es,juice ka bill pay kar diya kya,pay kar diya juice ka bill kya,,,,7,7,0,7,1.0,True,2.5714285714285716,3.0,0.42857142857142855,6,0.3333333333333333,0.6666666666666666,2,False,True,False,2_switch,0.33748764698021977,0.968817,0.968817,0.968817
14,food,EN-HN-EN-EN-HN-HN-HN,4,2,"[0, 2]",tf_es,bill pay kar diya kya juice ka,pay kar diya juice ka bill kya,,,,7,7,0,7,1.0,True,2.0,5.0,0.3333333333333333,4,0.3333333333333333,0.6666666666666666,2,False,False,True,2_switch,0.26409835612697957,0.95724505,0.957245,0.95724505
15,food,HN-HN-HN-EN-HN-HN-HN,5,1,[3],base_tf,biryani me raita include hota hai kya,raita include hota hai kya biryani me,,,,7,7,0,7,1.0,True,2.857142857142857,5.0,0.47619047619047616,4,0.16666666666666666,0.8333333333333334,1,True,False,False,1_switch,0.7071067811865476,0.9668254,0.96682537,0.9668254
15,food,HN-HN-HN-EN-HN-HN-HN,5,1,[3],base_es,biryani me raita include hota hai kya,include hota hai biryani me raita kya,,,,7,7,0,7,1.0,True,2.5714285714285716,3.0,0.42857142857142855,6,0.16666666666666666,0.8333333333333334,1,False,True,False,1_switch,0.33748764698021977,0.9651131,0.9651131,0.9651131
15,food,HN-HN-HN-EN-HN-HN-HN,5,1,[3],tf_es,raita include hota hai kya biryani me,include hota hai biryani me raita kya,,,,7,7,0,7,1.0,True,2.0,5.0,0.3333333333333333,4,0.16666666666666666,0.8333333333333334,1,False,False,True,1_switch,0.26409835612697957,0.9629095,0.96290946,0.9629096
16,food,EN-EN-HN-HN-EN-HN,3,2,"[0, 1]",base_tf,cold coffee thodi kam sweet chahiye,kam sweet chahiye cold coffee thodi,,,,6,6,0,6,1.0,True,3.0,3.0,0.6,6,0.4,0.6,2,True,False,False,2_switch,0.3931466788228678,0.96420324,0.9642033,0.9642033
16,food,EN-EN-HN-HN-EN-HN,3,2,"[0, 1]",base_es,cold coffee thodi kam sweet chahiye,chahiye cold coffee thodi kam sweet,,,,6,6,0,6,1.0,True,1.6666666666666667,5.0,0.3333333333333333,2,0.4,0.6,2,False,True,False,2_switch,0.7952707287670506,0.97164285,0.9716428,0.9716428
16,food,EN-EN-HN-HN-EN-HN,3,2,"[0, 1]",tf_es,kam sweet chahiye cold coffee thodi,chahiye cold coffee thodi kam sweet,,,,6,6,0,6,1.0,True,2.6666666666666665,4.0,0.5333333333333333,4,0.4,0.6,2,False,False,True,2_switch,0.6042750794713536,0.96355754,0.96355754,0.96355754
17,food,EN-HN-HN-EN-EN-HN,3,2,"[0, 3]",base_tf,burger ke andar cheese extra daalna,cheese extra daalna burger ke andar,,,,6,6,0,6,1.0,True,3.0,3.0,0.6,6,0.4,0.6,2,True,False,False,2_switch,0.3931466788228678,0.9426898,0.9426898,0.9426898
17,food,EN-HN-HN-EN-EN-HN,3,2,"[0, 3]",base_es,burger ke andar cheese extra daalna,daalna cheese extra burger ke andar,,,,6,6,0,6,1.0,True,3.0,5.0,0.7333333333333333,6,0.4,0.6,2,False,True,False,2_switch,0.3076539023663478,0.9379667,0.93603075,0.9369977
17,food,EN-HN-HN-EN-EN-HN,3,2,"[0, 3]",tf_es,cheese extra daalna burger ke andar,daalna cheese extra burger ke andar,,,,6,6,0,6,1.0,True,0.6666666666666666,2.0,0.13333333333333333,2,0.4,0.6,2,False,False,True,2_switch,0.3076539023663478,0.9655775,0.9655775,0.9655774
18,food,HN-HN-EN-EN-HN-HN,3,2,"[2, 3]",base_tf,pani ka bottle cold hai kya,bottle cold hai kya pani ka,,,,6,6,0,6,1.0,True,2.6666666666666665,4.0,0.5333333333333333,4,0.4,0.6,2,True,False,False,2_switch,0.6042750794713536,0.9669764,0.9669764,0.9669764
18,food,HN-HN-EN-EN-HN-HN,3,2,"[2, 3]",base_es,pani ka bottle cold hai kya,cold hai pani ka bottle kya,,,,6,6,0,6,1.0,True,2.0,3.0,0.4,4,0.4,0.6,2,False,True,False,2_switch,0.3076539023663478,0.9766204,0.97662044,0.9766204
18,food,HN-HN-EN-EN-HN-HN,3,2,"[2, 3]",tf_es,bottle cold hai kya pani ka,cold hai pani ka bottle kya,,,,6,6,0,6,1.0,True,2.0,4.0,0.4,4,0.4,0.6,2,False,False,True,2_switch,0.15209048386546847,0.964996,0.964996,0.964996
19,food,HN-HN-HN-HN-HN-HN,5,0,[],base_tf,dosa ka chutney thoda aur milega,chutney thoda aur milega dosa ka,,,,6,6,0,6,1.0,True,2.6666666666666665,4.0,0.5333333333333333,4,0.0,1.0,0,True,False,False,1_switch,0.6042750794713536,0.97112656,0.9711265,0.9711265
19,food,HN-HN-HN-HN-HN-HN,5,0,[],base_es,dosa ka chutney thoda aur milega,milega dosa ka chutney thoda aur,,,,6,6,0,6,1.0,True,1.6666666666666667,5.0,0.3333333333333333,2,0.0,1.0,0,False,True,False,1_switch,0.7952707287670506,0.9738169,0.9738169,0.9738169
19,food,HN-HN-HN-HN-HN-HN,5,0,[],tf_es,chutney thoda aur milega dosa ka,milega dosa ka chutney thoda aur,,,,6,6,0,6,1.0,True,3.0,3.0,0.6,6,0.0,1.0,0,False,False,True,1_switch,0.3931466788228678,0.9649738,0.9649738,0.9649738
20,food,EN-HN-EN-EN-HN-HN,3,2,"[0, 2]",base_tf,coffee ka order ready ho gaya,order ready ho gaya coffee ka,,,,6,6,0,6,1.0,True,2.6666666666666665,4.0,0.5333333333333333,4,0.4,0.6,2,True,False,False,2_switch,0.6042750794713536,0.95901656,0.95901656,0.95901656
20,food,EN-HN-EN-EN-HN-HN,3,2,"[0, 2]",base_es,coffee ka order ready ho gaya,ready ho gaya coffee ka order,,,,6,6,0,6,1.0,True,3.0,3.0,0.6,6,0.4,0.6,2,False,True,False,2_switch,0.3931466788228678,0.96614504,0.96614504,0.96614504
20,food,EN-HN-EN-EN-HN-HN,3,2,"[0, 2]",tf_es,order ready ho gaya coffee ka,ready ho gaya coffee ka order,,,,6,6,0,6,1.0,True,1.6666666666666667,5.0,0.3333333333333333,2,0.4,0.6,2,False,False,True,2_switch,0.7952707287670506,0.971112,0.971112,0.971112
21,shopping,EN-HN-EN-EN-EN-HN,3,3,"[0, 2, 3]",base_tf,shirt ka size medium available hai,size medium available hai shirt ka,,,,6,6,0,6,1.0,True,2.6666666666666665,4.0,0.5333333333333333,4,0.5,0.5,3,True,False,False,3plus_switch,0.6042750794713536,0.9607141,0.9607141,0.9607141
21,shopping,EN-HN-EN-EN-EN-HN,3,3,"[0, 2, 3]",base_es,shirt ka size medium available hai,available hai shirt ka size medium,,,,6,6,0,6,1.0,True,2.6666666666666665,4.0,0.5333333333333333,4,0.5,0.5,3,False,True,False,3plus_switch,0.6042750794713536,0.9649973,0.9649973,0.9649973
21,shopping,EN-HN-EN-EN-EN-HN,3,3,"[0, 2, 3]",tf_es,size medium available hai shirt ka,available hai shirt ka size medium,,,,6,6,0,6,1.0,True,2.6666666666666665,4.0,0.5333333333333333,4,0.5,0.5,3,False,False,True,3plus_switch,0.6042750794713536,0.9770315,0.97703147,0.9770315
22,shopping,EN-HN-EN-HN-HN-HN,3,2,"[0, 2]",base_tf,jeans ka rate thoda kam karo,rate thoda kam karo jeans ka,,,,6,6,0,6,1.0,True,2.6666666666666665,4.0,0.5333333333333333,4,0.4,0.6,2,True,False,False,2_switch,0.6042750794713536,0.96284676,0.96284676,0.96284676
22,shopping,EN-HN-EN-HN-HN-HN,3,2,"[0, 2]",base_es,jeans ka rate thoda kam karo,kam karo jeans ka rate thoda,,,,6,6,0,6,1.0,True,2.6666666666666665,4.0,0.5333333333333333,4,0.4,0.6,2,False,True,False,2_switch,0.6042750794713536,0.965627,0.965627,0.965627
22,shopping,EN-HN-EN-HN-HN-HN,3,2,"[0, 2]",tf_es,rate thoda kam karo jeans ka,kam karo jeans ka rate thoda,,,,6,6,0,6,1.0,True,2.6666666666666665,4.0,0.5333333333333333,4,0.4,0.6,2,False,False,True,2_switch,0.6042750794713536,0.9620772,0.96207714,0.9620772
23,shopping,EN-HN-EN-EN-HN,2,3,"[0, 2, 3]",base_tf,shoes ka color black chahiye,color black chahiye shoes ka,,,,5,5,0,5,1.0,True,2.4,3.0,0.6,4,0.6,0.4,3,True,False,False,3plus_switch,0.3766136530980537,0.95107293,0.95107293,0.95107293
23,shopping,EN-HN-EN-EN-HN,2,3,"[0, 2, 3]",base_es,shoes ka color black chahiye,chahiye shoes ka color black,,,,5,5,0,5,1.0,True,1.6,4.0,0.4,2,0.6,0.4,3,False,True,False,3plus_switch,0.7071067811865476,0.9626253,0.9626254,0.96262527
23,shopping,EN-HN-EN-EN-HN,2,3,"[0, 2, 3]",tf_es,color black chahiye shoes ka,chahiye shoes ka color black,,,,5,5,0,5,1.0,True,2.4,3.0,0.6,4,0.6,0.4,3,False,False,True,3plus_switch,0.3766136530980537,0.952932,0.952932,0.952932
24,shopping,EN-HN-EN-EN-HN-HN-HN,4,2,"[0, 2]",base_tf,bag me laptop fit ho jayega kya,laptop fit ho jayega kya bag me,,,,7,7,0,7,1.0,True,2.857142857142857,5.0,0.47619047619047616,4,0.3333333333333333,0.6666666666666666,2,True,False,False,2_switch,0.7071067811865476,0.982581,0.9825811,0.9825811
24,shopping,EN-HN-EN-EN-HN-HN-HN,4,2,"[0, 2]",base_es,bag me laptop fit ho jayega kya,fit ho jayega bag me laptop kya,,,,7,7,0,7,1.0,True,2.5714285714285716,3.0,0.42857142857142855,6,0.3333333333333333,0.6666666666666666,2,False,True,False,2_switch,0.33748764698021977,0.976611,0.976611,0.976611
24,shopping,EN-HN-EN-EN-HN-HN-HN,4,2,"[0, 2]",tf_es,laptop fit ho jayega kya bag me,fit ho jayega bag me laptop kya,,,,7,7,0,7,1.0,True,2.0,5.0,0.3333333333333333,4,0.3333333333333333,0.6666666666666666,2,False,False,True,2_switch,0.26409835612697957,0.9766313,0.97663116,0.9766312
25,shopping,EN-EN-EN-HN-HN-HN,2,3,"[0, 1, 2]",base_tf,discount coupon apply kar diya kya,coupon apply kar diya kya discount,,,,6,6,0,6,1.0,True,1.6666666666666667,5.0,0.3333333333333333,2,0.6,0.4,3,True,False,False,3plus_switch,0.7952707287670506,0.9805454,0.98054546,0.98054546
25,shopping,EN-EN-EN-HN-HN-HN,2,3,"[0, 1, 2]",base_es,discount coupon apply kar diya kya,apply kar diya discount coupon kya,,,,6,6,0,6,1.0,True,2.0,3.0,0.4,4,0.6,0.4,3,False,True,False,3plus_switch,0.3076539023663478,0.97642314,0.9764232,0.9764232
25,shopping,EN-EN-EN-HN-HN-HN,2,3,"[0, 1, 2]",tf_es,coupon apply kar diya kya discount,apply kar diya discount coupon kya,,,,6,6,0,6,1.0,True,1.6666666666666667,4.0,0.3333333333333333,4,0.6,0.4,3,False,False,True,3plus_switch,0.27799668259661947,0.9718056,0.9718056,0.9718056
26,shopping,EN-HN-EN-EN-HN-HN,3,2,"[0, 2]",base_tf,product ki quality check karni hai,quality check karni hai product ki,,,,6,6,0,6,1.0,True,2.6666666666666665,4.0,0.5333333333333333,4,0.4,0.6,2,True,False,False,2_switch,0.6042750794713536,0.96665746,0.9666574,0.96665746
26,shopping,EN-HN-EN-EN-HN-HN,3,2,"[0, 2]",base_es,product ki quality check karni hai,check karni hai product ki quality,,,,6,6,0,6,1.0,True,3.0,3.0,0.6,6,0.4,0.6,2,False,True,False,2_switch,0.3931466788228678,0.9732588,0.97325873,0.9732588
26,shopping,EN-HN-EN-EN-HN-HN,3,2,"[0, 2]",tf_es,quality check karni hai product ki,check karni hai product ki quality,,,,6,6,0,6,1.0,True,1.6666666666666667,5.0,0.3333333333333333,2,0.4,0.6,2,False,False,True,2_switch,0.7952707287670506,0.97334325,0.9733433,0.9733433
27,shopping,EN-HN-EN-EN-HN-HN,3,2,"[0, 1]",base_tf,delivery ka status update aaya kya,status update aaya kya delivery ka,,,,6,6,0,6,1.0,True,2.6666666666666665,4.0,0.5333333333333333,4,0.4,0.6,2,True,False,False,2_switch,0.6042750794713536,0.97105324,0.97105324,0.97105324
27,shopping,EN-HN-EN-EN-HN-HN,3,2,"[0, 1]",base_es,delivery ka status update aaya kya,aaya kya delivery ka status update,,,,6,6,0,6,1.0,True,2.6666666666666665,4.0,0.5333333333333333,4,0.4,0.6,2,False,True,False,2_switch,0.6042750794713536,0.96597457,0.9659746,0.9659746
27,shopping,EN-HN-EN-EN-HN-HN,3,2,"[0, 1]",tf_es,status update aaya kya delivery ka,aaya kya delivery ka status update,,,,6,6,0,6,1.0,True,2.6666666666666665,4.0,0.5333333333333333,4,0.4,0.6,2,False,False,True,2_switch,0.6042750794713536,0.9728693,0.97286934,0.97286934
28,shopping,EN-HN-EN-EN-HN-HN,3,2,"[2, 3]",base_tf,bill me GST include hai kya,GST include hai kya bill me,,,,6,6,0,6,1.0,True,2.6666666666666665,4.0,0.5333333333333333,4,0.4,0.6,2,True,False,False,2_switch,0.6042750794713536,0.9712577,0.9712577,0.9712577
28,shopping,EN-HN-EN-EN-HN-HN,3,2,"[2, 3]",base_es,bill me GST include hai kya,include hai bill me GST kya,,,,6,6,0,6,1.0,True,2.0,3.0,0.4,4,0.4,0.6,2,False,True,False,2_switch,0.3076539023663478,0.9750506,0.97505057,0.9750506
28,shopping,EN-HN-EN-EN-HN-HN,3,2,"[2, 3]",tf_es,GST include hai kya bill me,include hai bill me GST kya,,,,6,6,0,6,1.0,True,2.0,4.0,0.4,4,0.4,0.6,2,False,False,True,2_switch,0.15209048386546847,0.97189015,0.97189015,0.97189015
29,shopping,EN-HN-EN-HN-HN,3,1,[2],base_tf,packing thodi strong kar dena,strong kar dena packing thodi,,,,5,5,0,5,1.0,True,2.4,3.0,0.6,4,0.25,0.75,1,True,False,False,1_switch,0.3766136530980537,0.9560424,0.9560424,0.9560424
29,shopping,EN-HN-EN-HN-HN,3,1,[2],base_es,packing thodi strong kar dena,kar dena packing thodi strong,,,,5,5,0,5,1.0,True,2.4,3.0,0.6,4,0.25,0.75,1,False,True,False,1_switch,0.3766136530980537,0.9533144,0.9533144,0.9533144
29,shopping,EN-HN-EN-HN-HN,3,1,[2],tf_es,strong kar dena packing thodi,kar dena packing thodi strong,,,,5,5,0,5,1.0,True,1.6,4.0,0.4,2,0.25,0.75,1,False,False,True,1_switch,0.7071067811865476,0.97387445,0.97387445,0.97387445
30,shopping,EN-EN-EN-HN-HN,2,2,"[0, 1]",base_tf,price list display nahi hui,display nahi hui price list,,,,5,5,0,5,1.0,True,2.4,3.0,0.6,4,0.5,0.5,2,True,False,False,2_switch,0.3766136530980537,0.95680076,0.9568008,0.95680076
30,shopping,EN-EN-EN-HN-HN,2,2,"[0, 1]",base_es,price list display nahi hui,nahi hui price list display,,,,5,5,0,5,1.0,True,2.4,3.0,0.6,4,0.5,0.5,2,False,True,False,2_switch,0.3766136530980537,0.95899564,0.9589957,0.95899564
30,shopping,EN-EN-EN-HN-HN,2,2,"[0, 1]",tf_es,display nahi hui price list,nahi hui price list display,,,,5,5,0,5,1.0,True,1.6,4.0,0.4,2,0.5,0.5,2,False,False,True,2_switch,0.7071067811865476,0.97331715,0.97331715,0.97331715
31,social,EN-HN-EN-EN-HN-HN,3,2,"[0, 2]",base_tf,meeting ka link send kar do,link send kar do meeting ka,,,,6,6,0,6,1.0,True,2.6666666666666665,4.0,0.5333333333333333,4,0.4,0.6,2,True,False,False,2_switch,0.6042750794713536,0.9598042,0.9598042,0.9598042
31,social,EN-HN-EN-EN-HN-HN,3,2,"[0, 2]",base_es,meeting ka link send kar do,send kar do meeting ka link,,,,6,6,0,6,1.0,True,3.0,3.0,0.6,6,0.4,0.6,2,False,True,False,2_switch,0.3931466788228678,0.96043926,0.96043926,0.96043926
31,social,EN-HN-EN-EN-HN-HN,3,2,"[0, 2]",tf_es,link send kar do meeting ka,send kar do meeting ka link,,,,6,6,0,6,1.0,True,1.6666666666666667,5.0,0.3333333333333333,2,0.4,0.6,2,False,False,True,2_switch,0.7952707287670506,0.9686201,0.9686201,0.9686201
32,social,EN-HN-EN-EN-HN-HN,3,2,"[0, 2]",base_tf,party ka plan final hua kya,plan final hua kya party ka,,,,6,6,0,6,1.0,True,2.6666666666666665,4.0,0.5333333333333333,4,0.4,0.6,2,True,False,False,2_switch,0.6042750794713536,0.9612081,0.9612081,0.9612081
32,social,EN-HN-EN-EN-HN-HN,3,2,"[0, 2]",base_es,party ka plan final hua kya,final hua party ka plan kya,,,,6,6,0,6,1.0,True,2.0,3.0,0.4,4,0.4,0.6,2,False,True,False,2_switch,0.3076539023663478,0.96380323,0.9638033,0.96380323
32,social,EN-HN-EN-EN-HN-HN,3,2,"[0, 2]",tf_es,plan final hua kya party ka,final hua party ka plan kya,,,,6,6,0,6,1.0,True,2.0,4.0,0.4,4,0.4,0.6,2,False,False,True,2_switch,0.15209048386546847,0.95354295,0.95354295,0.95354295
33,social,EN-HN-EN-HN-HN-HN,4,2,"[0, 2]",base_tf,message ka reply kyun nahi diya,reply kyun nahi diya message ka,,,,6,6,0,6,1.0,True,2.6666666666666665,4.0,0.5333333333333333,4,0.3333333333333333,0.6666666666666666,2,True,False,False,2_switch,0.6042750794713536,0.95216346,0.95216346,0.95216346
33,social,EN-HN-EN-HN-HN-HN,4,2,"[0, 2]",base_es,message ka reply kyun nahi diya,kyun nahi diya message ka reply,,,,6,6,0,6,1.0,True,3.0,3.0,0.6,6,0.3333333333333333,0.6666666666666666,2,False,True,False,2_switch,0.3931466788228678,0.949839,0.949839,0.949839
33,social,EN-HN-EN-HN-HN-HN,4,2,"[0, 2]",tf_es,reply kyun nahi diya message ka,kyun nahi diya message ka reply,,,,6,6,0,6,1.0,True,1.6666666666666667,5.0,0.3333333333333333,2,0.3333333333333333,0.6666666666666666,2,False,False,True,2_switch,0.7952707287670506,0.96203464,0.9620347,0.96203464
34,social,EN-HN-EN-EN-HN-HN,3,2,"[0, 2]",base_tf,call ka network issue ho raha,network issue ho raha call ka,,,,6,6,0,6,1.0,True,2.6666666666666665,4.0,0.5333333333333333,4,0.4,0.6,2,True,False,False,2_switch,0.6042750794713536,0.96635824,0.9663582,0.96635824
34,social,EN-HN-EN-EN-HN-HN,3,2,"[0, 2]",base_es,call ka network issue ho raha,ho raha call ka network issue,,,,6,6,0,6,1.0,True,2.6666666666666665,4.0,0.5333333333333333,4,0.4,0.6,2,False,True,False,2_switch,0.6042750794713536,0.9578535,0.9578535,0.9578535
34,social,EN-HN-EN-EN-HN-HN,3,2,"[0, 2]",tf_es,network issue ho raha call ka,ho raha call ka network issue,,,,6,6,0,6,1.0,True,2.6666666666666665,4.0,0.5333333333333333,4,0.4,0.6,2,False,False,True,2_switch,0.6042750794713536,0.9602306,0.9602306,0.9602306
35,social,EN-HN-EN-EN-HN-HN,3,2,"[0, 2]",base_tf,photo ka background change kar dena,background change kar dena photo ka,,,,6,6,0,6,1.0,True,2.6666666666666665,4.0,0.5333333333333333,4,0.4,0.6,2,True,False,False,2_switch,0.6042750794713536,0.9606707,0.9606707,0.9606707
35,social,EN-HN-EN-EN-HN-HN,3,2,"[0, 2]",base_es,photo ka background change kar dena,change kar dena photo ka background,,,,6,6,0,6,1.0,True,3.0,3.0,0.6,6,0.4,0.6,2,False,True,False,2_switch,0.3931466788228678,0.9537933,0.95379335,0.95379335
35,social,EN-HN-EN-EN-HN-HN,3,2,"[0, 2]",tf_es,background change kar dena photo ka,change kar dena photo ka background,,,,6,6,0,6,1.0,True,1.6666666666666667,5.0,0.3333333333333333,2,0.4,0.6,2,False,False,True,2_switch,0.7952707287670506,0.96621656,0.96621656,0.96621656
36,social,EN-HN-EN-HN-HN,3,1,[0],base_tf,plan ka update batao jaldi,update batao jaldi plan ka,,,,5,5,0,5,1.0,True,2.4,3.0,0.6,4,0.25,0.75,1,True,False,False,1_switch,0.3766136530980537,0.95635706,0.95635706,0.95635706
36,social,EN-HN-EN-HN-HN,3,1,[0],base_es,plan ka update batao jaldi,batao plan ka update jaldi,,,,5,5,0,5,1.0,True,1.2,3.0,0.3,2,0.25,0.75,1,False,True,False,1_switch,0.3403088515262244,0.96751493,0.96751493,0.96751493
36,social,EN-HN-EN-HN-HN,3,1,[0],tf_es,update batao jaldi plan ka,batao plan ka update jaldi,,,,5,5,0,5,1.0,True,2.0,3.0,0.5,4,0.25,0.75,1,False,False,True,1_switch,0.15241468203455805,0.9459948,0.94599485,0.9459948
37,social,EN-HN-EN-HN-HN,3,1,[0],base_tf,time ka reminder lagana padega,reminder lagana padega time ka,,,,5,5,0,5,1.0,True,2.4,3.0,0.6,4,0.25,0.75,1,True,False,False,1_switch,0.3766136530980537,0.96364635,0.96364635,0.96364635
37,social,EN-HN-EN-HN-HN,3,1,[0],base_es,time ka reminder lagana padega,lagana padega time ka reminder,,,,5,5,0,5,1.0,True,2.4,3.0,0.6,4,0.25,0.75,1,False,True,False,1_switch,0.3766136530980537,0.9599223,0.9599223,0.9599223
37,social,EN-HN-EN-HN-HN,3,1,[0],tf_es,reminder lagana padega time ka,lagana padega time ka reminder,,,,5,5,0,5,1.0,True,1.6,4.0,0.4,2,0.25,0.75,1,False,False,True,1_switch,0.7071067811865476,0.95967263,0.95967263,0.95967263
38,social,EN-HN-EN-EN-HN-HN,3,2,"[0, 2]",base_tf,friends ka group active nahi hai,group active nahi hai friends ka,,,,6,6,0,6,1.0,True,2.6666666666666665,4.0,0.5333333333333333,4,0.4,0.6,2,True,False,False,2_switch,0.6042750794713536,0.96539116,0.96539116,0.96539116
38,social,EN-HN-EN-EN-HN-HN,3,2,"[0, 2]",base_es,friends ka group active nahi hai,active nahi hai friends ka group,,,,6,6,0,6,1.0,True,3.0,3.0,0.6,6,0.4,0.6,2,False,True,False,2_switch,0.3931466788228678,0.97475797,0.9747579,0.97475797
38,social,EN-HN-EN-EN-HN-HN,3,2,"[0, 2]",tf_es,group active nahi hai friends ka,active nahi hai friends ka group,,,,6,6,0,6,1.0,True,1.6666666666666667,5.0,0.3333333333333333,2,0.4,0.6,2,False,False,True,2_switch,0.7952707287670506,0.973945,0.9739451,0.9739451
39,social,EN-HN-EN-EN-HN-HN,3,2,"[0, 2]",base_tf,birthday ka gift decide nahi hua,gift decide nahi hua birthday ka,,,,6,6,0,6,1.0,True,2.6666666666666665,4.0,0.5333333333333333,4,0.4,0.6,2,True,False,False,2_switch,0.6042750794713536,0.9659004,0.9659004,0.9659004
39,social,EN-HN-EN-EN-HN-HN,3,2,"[0, 2]",base_es,birthday ka gift decide nahi hua,decide nahi hua birthday ka gift,,,,6,6,0,6,1.0,True,3.0,3.0,0.6,6,0.4,0.6,2,False,True,False,2_switch,0.3931466788228678,0.9651932,0.9651932,0.9651932
39,social,EN-HN-EN-EN-HN-HN,3,2,"[0, 2]",tf_es,gift decide nahi hua birthday ka,decide nahi hua birthday ka gift,,,,6,6,0,6,1.0,True,1.6666666666666667,5.0,0.3333333333333333,2,0.4,0.6,2,False,False,True,2_switch,0.7952707287670506,0.96964663,0.96964663,0.96964663
40,social,EN-HN-HN-EN-HN-HN,5,1,[3],base_tf,plan me thoda change karna hoga,change karna hoga plan me thoda,,,,6,6,0,6,1.0,True,3.0,3.0,0.6,6,0.16666666666666666,0.8333333333333334,1,True,False,False,1_switch,0.3931466788228678,0.9692737,0.9692737,0.9692737
40,social,EN-HN-HN-EN-HN-HN,5,1,[3],base_es,plan me thoda change karna hoga,karna hoga plan me thoda change,,,,6,6,0,6,1.0,True,2.6666666666666665,4.0,0.5333333333333333,4,0.16666666666666666,0.8333333333333334,1,False,True,False,1_switch,0.6042750794713536,0.9622177,0.9622177,0.9622177
40,social,EN-HN-HN-EN-HN-HN,5,1,[3],tf_es,change karna hoga plan me thoda,karna hoga plan me thoda change,,,,6,6,0,6,1.0,True,1.6666666666666667,5.0,0.3333333333333333,2,0.16666666666666666,0.8333333333333334,1,False,False,True,1_switch,0.7952707287670506,0.97767127,0.9776713,0.9776713
41,work,EN-HN-EN-EN-HN-HN,3,2,"[0, 2]",base_tf,report ka draft send karna hai,draft send karna hai report ka,,,,6,6,0,6,1.0,True,2.6666666666666665,4.0,0.5333333333333333,4,0.4,0.6,2,True,False,False,2_switch,0.6042750794713536,0.96622896,0.9662289,0.9662289
41,work,EN-HN-EN-EN-HN-HN,3,2,"[0, 2]",base_es,report ka draft send karna hai,send karna hai report ka draft,,,,6,6,0,6,1.0,True,3.0,3.0,0.6,6,0.4,0.6,2,False,True,False,2_switch,0.3931466788228678,0.96261704,0.96261704,0.96261704
41,work,EN-HN-EN-EN-HN-HN,3,2,"[0, 2]",tf_es,draft send karna hai report ka,send karna hai report ka draft,,,,6,6,0,6,1.0,True,1.6666666666666667,5.0,0.3333333333333333,2,0.4,0.6,2,False,False,True,2_switch,0.7952707287670506,0.96330076,0.9635857,0.9634432
42,work,EN-HN-EN-EN-HN,2,2,"[0, 2]",base_tf,meeting ka agenda update karo,agenda update karo meeting ka,,,,5,5,0,5,1.0,True,2.4,3.0,0.6,4,0.5,0.5,2,True,False,False,2_switch,0.3766136530980537,0.943494,0.94349396,0.943494
42,work,EN-HN-EN-EN-HN,2,2,"[0, 2]",base_es,meeting ka agenda update karo,update karo meeting ka agenda,,,,5,5,0,5,1.0,True,2.4,3.0,0.6,4,0.5,0.5,2,False,True,False,2_switch,0.3766136530980537,0.947,0.947,0.947
42,work,EN-HN-EN-EN-HN,2,2,"[0, 2]",tf_es,agenda update karo meeting ka,update karo meeting ka agenda,,,,5,5,0,5,1.0,True,1.6,4.0,0.4,2,0.5,0.5,2,False,False,True,2_switch,0.7071067811865476,0.95981514,0.9598151,0.9598151
43,work,EN-HN-EN-HN-HN,2,2,"[0, 2]",base_tf,file ka backup rakh lena,backup rakh lena file ka,,,,5,5,0,5,1.0,True,2.4,3.0,0.6,4,0.5,0.5,2,True,False,False,2_switch,0.3766136530980537,0.9603377,0.96033776,0.9603377
43,work,EN-HN-EN-HN-HN,2,2,"[0, 2]",base_es,file ka backup rakh lena,rakh lena file ka backup,,,,5,5,0,5,1.0,True,2.4,3.0,0.6,4,0.5,0.5,2,False,True,False,2_switch,0.3766136530980537,0.96238846,0.96238846,0.96238846
43,work,EN-HN-EN-HN-HN,2,2,"[0, 2]",tf_es,backup rakh lena file ka,rakh lena file ka backup,,,,5,5,0,5,1.0,True,1.6,4.0,0.4,2,0.5,0.5,2,False,False,True,2_switch,0.7071067811865476,0.97321415,0.9732142,0.9732142
44,work,EN-HN-EN-EN-HN-HN-HN,4,2,"[0, 2]",base_tf,email ka attachment open nahi ho raha,attachment open nahi ho raha email ka,,,,7,7,0,7,1.0,True,2.857142857142857,5.0,0.47619047619047616,4,0.3333333333333333,0.6666666666666666,2,True,False,False,2_switch,0.7071067811865476,0.9667415,0.9667415,0.9667415
44,work,EN-HN-EN-EN-HN-HN-HN,4,2,"[0, 2]",base_es,email ka attachment open nahi ho raha,open nahi ho raha email ka attachment,,,,7,7,0,7,1.0,True,3.4285714285714284,4.0,0.5714285714285714,6,0.3333333333333333,0.6666666666666666,2,False,True,False,2_switch,0.5946035575013605,0.96368456,0.96368456,0.96368456
44,work,EN-HN-EN-EN-HN-HN-HN,4,2,"[0, 2]",tf_es,attachment open nahi ho raha email ka,open nahi ho raha email ka attachment,,,,7,7,0,7,1.0,True,1.7142857142857142,6.0,0.2857142857142857,2,0.3333333333333333,0.6666666666666666,2,False,False,True,2_switch,0.8408964152537146,0.9722489,0.9722489,0.9722489
45,work,EN-HN-EN-EN-HN,2,2,"[0, 2]",base_tf,task ka status confirm karna,status confirm karna task ka,,,,5,5,0,5,1.0,True,2.4,3.0,0.6,4,0.5,0.5,2,True,False,False,2_switch,0.3766136530980537,0.9586159,0.95861584,0.95861584
45,work,EN-HN-EN-EN-HN,2,2,"[0, 2]",base_es,task ka status confirm karna,confirm karna task ka status,,,,5,5,0,5,1.0,True,2.4,3.0,0.6,4,0.5,0.5,2,False,True,False,2_switch,0.3766136530980537,0.9659243,0.9659243,0.9659243
45,work,EN-HN-EN-EN-HN,2,2,"[0, 2]",tf_es,status confirm karna task ka,confirm karna task ka status,,,,5,5,0,5,1.0,True,1.6,4.0,0.4,2,0.5,0.5,2,False,False,True,2_switch,0.7071067811865476,0.96500283,0.9650029,0.96500283
46,work,EN-HN-EN-EN-HN-HN,3,2,"[0, 2]",base_tf,project ka timeline tight ho gaya,timeline tight ho gaya project ka,,,,6,6,0,6,1.0,True,2.6666666666666665,4.0,0.5333333333333333,4,0.4,0.6,2,True,False,False,2_switch,0.6042750794713536,0.9515714,0.95157135,0.9515714
46,work,EN-HN-EN-EN-HN-HN,3,2,"[0, 2]",base_es,project ka timeline tight ho gaya,tight ho gaya project ka timeline,,,,6,6,0,6,1.0,True,3.0,3.0,0.6,6,0.4,0.6,2,False,True,False,2_switch,0.3931466788228678,0.9538302,0.95383024,0.9538302
46,work,EN-HN-EN-EN-HN-HN,3,2,"[0, 2]",tf_es,timeline tight ho gaya project ka,tight ho gaya project ka timeline,,,,6,6,0,6,1.0,True,1.6666666666666667,5.0,0.3333333333333333,2,0.4,0.6,2,False,False,True,2_switch,0.7952707287670506,0.95058817,0.9505881,0.95058817
47,work,EN-HN-EN-EN-HN,2,2,"[0, 2]",base_tf,laptop ka charger missing hai,charger missing hai laptop ka,,,,5,5,0,5,1.0,True,2.4,3.0,0.6,4,0.5,0.5,2,True,False,False,2_switch,0.3766136530980537,0.9656512,0.9656512,0.9656512
47,work,EN-HN-EN-EN-HN,2,2,"[0, 2]",base_es,laptop ka charger missing hai,missing hai laptop ka charger,,,,5,5,0,5,1.0,True,2.4,3.0,0.6,4,0.5,0.5,2,False,True,False,2_switch,0.3766136530980537,0.9664122,0.9664122,0.9664122
47,work,EN-HN-EN-EN-HN,2,2,"[0, 2]",tf_es,charger missing hai laptop ka,missing hai laptop ka charger,,,,5,5,0,5,1.0,True,1.6,4.0,0.4,2,0.5,0.5,2,False,False,True,2_switch,0.7071067811865476,0.96583354,0.9658336,0.9658336
48,work,EN-HN-EN-HN-HN-HN,4,1,[0],base_tf,code me error aa raha hai,error aa raha hai code me,,,,6,6,0,6,1.0,True,2.6666666666666665,4.0,0.5333333333333333,4,0.2,0.8,1,True,False,False,1_switch,0.6042750794713536,0.9780164,0.9780164,0.9780164
48,work,EN-HN-EN-HN-HN-HN,4,1,[0],base_es,code me error aa raha hai,aa raha hai code me error,,,,6,6,0,6,1.0,True,3.0,3.0,0.6,6,0.2,0.8,1,False,True,False,1_switch,0.3931466788228678,0.9532371,0.95323706,0.9532371
48,work,EN-HN-EN-HN-HN-HN,4,1,[0],tf_es,error aa raha hai code me,aa raha hai code me error,,,,6,6,0,6,1.0,True,1.6666666666666667,5.0,0.3333333333333333,2,0.2,0.8,1,False,False,True,1_switch,0.7952707287670506,0.96494293,0.96494293,0.96494293
49,work,EN-HN-EN-HN-HN,3,1,[0],base_tf,work ka deadline kal hai,deadline kal hai work ka,,,,5,5,0,5,1.0,True,2.4,3.0,0.6,4,0.25,0.75,1,True,False,False,1_switch,0.3766136530980537,0.96166676,0.9616667,0.96166676
49,work,EN-HN-EN-HN-HN,3,1,[0],base_es,work ka deadline kal hai,kal hai work ka deadline,,,,5,5,0,5,1.0,True,2.4,3.0,0.6,4,0.25,0.75,1,False,True,False,1_switch,0.3766136530980537,0.9742799,0.9742799,0.9742799
49,work,EN-HN-EN-HN-HN,3,1,[0],tf_es,deadline kal hai work ka,kal hai work ka deadline,,,,5,5,0,5,1.0,True,1.6,4.0,0.4,2,0.25,0.75,1,False,False,True,1_switch,0.7071067811865476,0.97017664,0.97017664,0.97017664
50,work,EN-HN-EN-EN-HN,3,1,[0],base_tf,meeting ka link wrong tha,link wrong tha meeting ka,,,,5,5,0,5,1.0,True,2.4,3.0,0.6,4,0.25,0.75,1,True,False,False,1_switch,0.3766136530980537,0.96477675,0.96477675,0.96477675
50,work,EN-HN-EN-EN-HN,3,1,[0],base_es,meeting ka link wrong tha,wrong tha meeting ka link,,,,5,5,0,5,1.0,True,2.4,3.0,0.6,4,0.25,0.75,1,False,True,False,1_switch,0.3766136530980537,0.9623737,0.9623736,0.9623737
50,work,EN-HN-EN-EN-HN,3,1,[0],tf_es,link wrong tha meeting ka,wrong tha meeting ka link,,,,5,5,0,5,1.0,True,1.6,4.0,0.4,2,0.25,0.75,1,False,False,True,1_switch,0.7071067811865476,0.9678212,0.9678211,0.9678212
51,education,EN-HN-EN-EN-HN-HN,3,2,"[0, 2]",base_tf,homework ka topic explain kar do,topic explain kar do homework ka,,,,6,6,0,6,1.0,True,2.6666666666666665,4.0,0.5333333333333333,4,0.4,0.6,2,True,False,False,2_switch,0.6042750794713536,0.9538107,0.9538107,0.9538107
51,education,EN-HN-EN-EN-HN-HN,3,2,"[0, 2]",base_es,homework ka topic explain kar do,explain kar do homework ka topic,,,,6,6,0,6,1.0,True,3.0,3.0,0.6,6,0.4,0.6,2,False,True,False,2_switch,0.3931466788228678,0.96097475,0.96097475,0.96097475
51,education,EN-HN-EN-EN-HN-HN,3,2,"[0, 2]",tf_es,topic explain kar do homework ka,explain kar do homework ka topic,,,,6,6,0,6,1.0,True,1.6666666666666667,5.0,0.3333333333333333,2,0.4,0.6,2,False,False,True,2_switch,0.7952707287670506,0.9765217,0.9765216,0.9765217
52,education,EN-HN-EN-EN-HN-HN,3,1,[2],base_tf,class ka schedule change ho gaya,schedule change ho gaya class ka,,,,6,6,0,6,1.0,True,2.6666666666666665,4.0,0.5333333333333333,4,0.25,0.75,1,True,False,False,1_switch,0.6042750794713536,0.9560991,0.95609903,0.9560991
52,education,EN-HN-EN-EN-HN-HN,3,1,[2],base_es,class ka schedule change ho gaya,change ho gaya class ka schedule,,,,6,6,0,6,1.0,True,3.0,3.0,0.6,6,0.25,0.75,1,False,True,False,1_switch,0.3931466788228678,0.95947504,0.959475,0.959475
52,education,EN-HN-EN-EN-HN-HN,3,1,[2],tf_es,schedule change ho gaya class ka,change ho gaya class ka schedule,,,,6,6,0,6,1.0,True,1.6666666666666667,5.0,0.3333333333333333,2,0.25,0.75,1,False,False,True,1_switch,0.7952707287670506,0.95825124,0.95825124,0.95825124
53,education,EN-HN-EN-EN-HN-HN,3,1,[2],base_tf,exam ka syllabus confirm karna hai,syllabus confirm karna hai exam ka,,,,6,6,0,6,1.0,True,2.6666666666666665,4.0,0.5333333333333333,4,0.25,0.75,1,True,False,False,1_switch,0.6042750794713536,0.97472996,0.97472996,0.97472996
53,education,EN-HN-EN-EN-HN-HN,3,1,[2],base_es,exam ka syllabus confirm karna hai,confirm karna hai exam ka syllabus,,,,6,6,0,6,1.0,True,3.0,3.0,0.6,6,0.25,0.75,1,False,True,False,1_switch,0.3931466788228678,0.96769077,0.96769077,0.9676908
53,education,EN-HN-EN-EN-HN-HN,3,1,[2],tf_es,syllabus confirm karna hai exam ka,confirm karna hai exam ka syllabus,,,,6,6,0,6,1.0,True,1.6666666666666667,5.0,0.3333333333333333,2,0.25,0.75,1,False,False,True,1_switch,0.7952707287670506,0.9599542,0.9599542,0.9599542
54,education,EN-HN-EN-EN-HN-HN,3,1,[2],base_tf,notes ka PDF share kar dena,PDF share kar dena notes ka,,,,6,6,0,6,1.0,True,2.6666666666666665,4.0,0.5333333333333333,4,0.25,0.75,1,True,False,False,1_switch,0.6042750794713536,0.96203583,0.9620359,0.96203583
54,education,EN-HN-EN-EN-HN-HN,3,1,[2],base_es,notes ka PDF share kar dena,share kar dena notes ka PDF,,,,6,6,0,6,1.0,True,3.0,3.0,0.6,6,0.25,0.75,1,False,True,False,1_switch,0.3931466788228678,0.9580794,0.95807946,0.9580794
54,education,EN-HN-EN-EN-HN-HN,3,1,[2],tf_es,PDF share kar dena notes ka,share kar dena notes ka PDF,,,,6,6,0,6,1.0,True,1.6666666666666667,5.0,0.3333333333333333,2,0.25,0.75,1,False,False,True,1_switch,0.7952707287670506,0.9804227,0.9804227,0.9804227
55,education,EN-HN-EN-EN-HN-HN,4,0,[],base_tf,lecture ka recording upload hua kya,recording upload hua kya lecture ka,,,,6,6,0,6,1.0,True,2.6666666666666665,4.0,0.5333333333333333,4,0.0,1.0,0,True,False,False,1_switch,0.6042750794713536,0.9657595,0.9657595,0.9657595
55,education,EN-HN-EN-EN-HN-HN,4,0,[],base_es,lecture ka recording upload hua kya,upload hua lecture ka recording kya,,,,6,6,0,6,1.0,True,2.0,3.0,0.4,4,0.0,1.0,0,False,True,False,1_switch,0.3076539023663478,0.97454345,0.97454345,0.97454345
55,education,EN-HN-EN-EN-HN-HN,4,0,[],tf_es,recording upload hua kya lecture ka,upload hua lecture ka recording kya,,,,6,6,0,6,1.0,True,2.0,4.0,0.4,4,0.0,1.0,0,False,False,True,1_switch,0.15209048386546847,0.9654255,0.9654255,0.9654255
56,education,EN-HN-EN-EN-HN,3,1,[2],base_tf,assignment ka deadline extend hoga,deadline extend hoga assignment ka,,,,5,5,0,5,1.0,True,2.4,3.0,0.6,4,0.25,0.75,1,True,False,False,1_switch,0.3766136530980537,0.9678258,0.9678258,0.9678258
56,education,EN-HN-EN-EN-HN,3,1,[2],base_es,assignment ka deadline extend hoga,extend hoga assignment ka deadline,,,,5,5,0,5,1.0,True,2.4,3.0,0.6,4,0.25,0.75,1,False,True,False,1_switch,0.3766136530980537,0.9684881,0.9684881,0.9684881
56,education,EN-HN-EN-EN-HN,3,1,[2],tf_es,deadline extend hoga assignment ka,extend hoga assignment ka deadline,,,,5,5,0,5,1.0,True,1.6,4.0,0.4,2,0.25,0.75,1,False,False,True,1_switch,0.7071067811865476,0.9777055,0.9777055,0.9777055
57,education,EN-HN-EN-EN-HN-HN,4,1,[2],base_tf,project ka topic finalize karte hain,topic finalize karte hain project ka,,,,6,6,0,6,1.0,True,2.6666666666666665,4.0,0.5333333333333333,4,0.2,0.8,1,True,False,False,1_switch,0.6042750794713536,0.96837825,0.96837825,0.96837825
57,education,EN-HN-EN-EN-HN-HN,4,1,[2],base_es,project ka topic finalize karte hain,finalize karte hain project ka topic,,,,6,6,0,6,1.0,True,3.0,3.0,0.6,6,0.2,0.8,1,False,True,False,1_switch,0.3931466788228678,0.96798146,0.96798146,0.96798146
57,education,EN-HN-EN-EN-HN-HN,4,1,[2],tf_es,topic finalize karte hain project ka,finalize karte hain project ka topic,,,,6,6,0,6,1.0,True,1.6666666666666667,5.0,0.3333333333333333,2,0.2,0.8,1,False,False,True,1_switch,0.7952707287670506,0.9747827,0.9747827,0.9747827
58,education,EN-HN-EN-EN-HN-HN,3,1,[2],base_tf,book ka chapter difficult lag raha,chapter difficult lag raha book ka,,,,6,6,0,6,1.0,True,2.6666666666666665,4.0,0.5333333333333333,4,0.25,0.75,1,True,False,False,1_switch,0.6042750794713536,0.9600849,0.9600849,0.9600849
58,education,EN-HN-EN-EN-HN-HN,3,1,[2],base_es,book ka chapter difficult lag raha,lag raha book ka chapter difficult,,,,6,6,0,6,1.0,True,2.6666666666666665,4.0,0.5333333333333333,4,0.25,0.75,1,False,True,False,1_switch,0.6042750794713536,0.9503406,0.95034057,0.95034057
58,education,EN-HN-EN-EN-HN-HN,3,1,[2],tf_es,chapter difficult lag raha book ka,lag raha book ka chapter difficult,,,,6,6,0,6,1.0,True,2.6666666666666665,4.0,0.5333333333333333,4,0.25,0.75,1,False,False,True,1_switch,0.6042750794713536,0.9548342,0.95483416,0.95483416
59,education,EN-HN-EN-HN-HN,3,1,[2],base_tf,attendance ka criteria kya hai,criteria kya hai attendance ka,,,,5,5,0,5,1.0,True,2.4,3.0,0.6,4,0.25,0.75,1,True,False,False,1_switch,0.3766136530980537,0.9643002,0.9643002,0.9643002
59,education,EN-HN-EN-HN-HN,3,1,[2],base_es,attendance ka criteria kya hai,kya hai attendance ka criteria,,,,5,5,0,5,1.0,True,2.4,3.0,0.6,4,0.25,0.75,1,False,True,False,1_switch,0.3766136530980537,0.9794276,0.9794275,0.9794275
59,education,EN-HN-EN-HN-HN,3,1,[2],tf_es,criteria kya hai attendance ka,kya hai attendance ka criteria,,,,5,5,0,5,1.0,True,1.6,4.0,0.4,2,0.25,0.75,1,False,False,True,1_switch,0.7071067811865476,0.96808094,0.96808094,0.96808094
60,education,EN-HN-EN-HN-HN,3,1,[2],base_tf,test ka result kab aayega,result kab aayega test ka,,,,5,5,0,5,1.0,True,2.4,3.0,0.6,4,0.25,0.75,1,True,False,False,1_switch,0.3766136530980537,0.9580966,0.9580966,0.9580966
60,education,EN-HN-EN-HN-HN,3,1,[2],base_es,test ka result kab aayega,kab aayega test ka result,,,,5,5,0,5,1.0,True,2.4,3.0,0.6,4,0.25,0.75,1,False,True,False,1_switch,0.3766136530980537,0.96271783,0.9627179,0.96271783
60,education,EN-HN-EN-HN-HN,3,1,[2],tf_es,result kab aayega test ka,kab aayega test ka result,,,,5,5,0,5,1.0,True,1.6,4.0,0.4,2,0.25,0.75,1,False,False,True,1_switch,0.7071067811865476,0.95915794,0.95915794,0.95915794
61,household,EN-HN-EN-EN-HN-HN,3,2,"[0, 2]",base_tf,room ka light off kar do,light off kar do room ka,,,,6,6,0,6,1.0,True,2.6666666666666665,4.0,0.5333333333333333,4,0.4,0.6,2,True,False,False,2_switch,0.6042750794713536,0.9556289,0.9556288,0.9556288
61,household,EN-HN-EN-EN-HN-HN,3,2,"[0, 2]",base_es,room ka light off kar do,off kar do room ka light,,,,6,6,0,6,1.0,True,3.0,3.0,0.6,6,0.4,0.6,2,False,True,False,2_switch,0.3931466788228678,0.95833755,0.95833755,0.95833755
61,household,EN-HN-EN-EN-HN-HN,3,2,"[0, 2]",tf_es,light off kar do room ka,off kar do room ka light,,,,6,6,0,6,1.0,True,1.6666666666666667,5.0,0.3333333333333333,2,0.4,0.6,2,False,False,True,2_switch,0.7952707287670506,0.9726065,0.9726065,0.9726065
62,household,EN-HN-EN-EN-HN-HN,3,2,"[2, 3]",base_tf,kitchen ka slab clean karna hai,slab clean karna hai kitchen ka,,,,6,6,0,6,1.0,True,2.6666666666666665,4.0,0.5333333333333333,4,0.4,0.6,2,True,False,False,2_switch,0.6042750794713536,0.9693248,0.9693248,0.9693248
62,household,EN-HN-EN-EN-HN-HN,3,2,"[2, 3]",base_es,kitchen ka slab clean karna hai,clean karna hai kitchen ka slab,,,,6,6,0,6,1.0,True,3.0,3.0,0.6,6,0.4,0.6,2,False,True,False,2_switch,0.3931466788228678,0.9691478,0.9691477,0.96914774
62,household,EN-HN-EN-EN-HN-HN,3,2,"[2, 3]",tf_es,slab clean karna hai kitchen ka,clean karna hai kitchen ka slab,,,,6,6,0,6,1.0,True,1.6666666666666667,5.0,0.3333333333333333,2,0.4,0.6,2,False,False,True,2_switch,0.7952707287670506,0.9739599,0.9739599,0.9739599
63,household,EN-HN-EN-EN-HN-HN,3,2,"[2, 3]",base_tf,fan ka speed increase kar do,speed increase kar do fan ka,,,,6,6,0,6,1.0,True,2.6666666666666665,4.0,0.5333333333333333,4,0.4,0.6,2,True,False,False,2_switch,0.6042750794713536,0.9347364,0.9347364,0.9347364
63,household,EN-HN-EN-EN-HN-HN,3,2,"[2, 3]",base_es,fan ka speed increase kar do,increase kar do fan ka speed,,,,6,6,0,6,1.0,True,3.0,3.0,0.6,6,0.4,0.6,2,False,True,False,2_switch,0.3931466788228678,0.94414043,0.94414043,0.94414043
63,household,EN-HN-EN-EN-HN-HN,3,2,"[2, 3]",tf_es,speed increase kar do fan ka,increase kar do fan ka speed,,,,6,6,0,6,1.0,True,1.6666666666666667,5.0,0.3333333333333333,2,0.4,0.6,2,False,False,True,2_switch,0.7952707287670506,0.9489825,0.9489825,0.9489825
64,household,EN-HN-EN-EN-HN-HN,3,2,"[0, 2]",base_tf,bottle ka water fill kar do,water fill kar do bottle ka,,,,6,6,0,6,1.0,True,2.6666666666666665,4.0,0.5333333333333333,4,0.4,0.6,2,True,False,False,2_switch,0.6042750794713536,0.9611728,0.9611728,0.96117276
64,household,EN-HN-EN-EN-HN-HN,3,2,"[0, 2]",base_es,bottle ka water fill kar do,fill kar do bottle ka water,,,,6,6,0,6,1.0,True,3.0,3.0,0.6,6,0.4,0.6,2,False,True,False,2_switch,0.3931466788228678,0.9600938,0.9600938,0.9600938
64,household,EN-HN-EN-EN-HN-HN,3,2,"[0, 2]",tf_es,water fill kar do bottle ka,fill kar do bottle ka water,,,,6,6,0,6,1.0,True,1.6666666666666667,5.0,0.3333333333333333,2,0.4,0.6,2,False,False,True,2_switch,0.7952707287670506,0.9683722,0.9683722,0.9683722
65,household,EN-HN-EN-HN-HN-HN,3,2,"[0, 3]",base_tf,AC ka temperature kam kar do,temperature kam kar do AC ka,,,,6,6,0,6,1.0,True,2.6666666666666665,4.0,0.5333333333333333,4,0.4,0.6,2,True,False,False,2_switch,0.6042750794713536,0.9455069,0.9455069,0.9455069
65,household,EN-HN-EN-HN-HN-HN,3,2,"[0, 3]",base_es,AC ka temperature kam kar do,kam kar do AC ka temperature,,,,6,6,0,6,1.0,True,3.0,3.0,0.6,6,0.4,0.6,2,False,True,False,2_switch,0.3931466788228678,0.94226044,0.9422604,0.94226044
65,household,EN-HN-EN-HN-HN-HN,3,2,"[0, 3]",tf_es,temperature kam kar do AC ka,kam kar do AC ka temperature,,,,6,6,0,6,1.0,True,1.6666666666666667,5.0,0.3333333333333333,2,0.4,0.6,2,False,False,True,2_switch,0.7952707287670506,0.9624444,0.9624444,0.9624444
66,household,EN-HN-EN-HN-HN-HN,4,1,[2],base_tf,gate ka lock lagana mat bhoolna,lock lagana mat bhoolna gate ka,,,,6,6,0,6,1.0,True,2.6666666666666665,4.0,0.5333333333333333,4,0.2,0.8,1,True,False,False,1_switch,0.6042750794713536,0.96089613,0.9608961,0.9608961
66,household,EN-HN-EN-HN-HN-HN,4,1,[2],base_es,gate ka lock lagana mat bhoolna,lagana mat bhoolna gate ka lock,,,,6,6,0,6,1.0,True,3.0,3.0,0.6,6,0.2,0.8,1,False,True,False,1_switch,0.3931466788228678,0.9492456,0.9492456,0.9492456
66,household,EN-HN-EN-HN-HN-HN,4,1,[2],tf_es,lock lagana mat bhoolna gate ka,lagana mat bhoolna gate ka lock,,,,6,6,0,6,1.0,True,1.6666666666666667,5.0,0.3333333333333333,2,0.2,0.8,1,False,False,True,1_switch,0.7952707287670506,0.9748342,0.9748342,0.9748342
67,household,EN-HN-EN-EN-HN-HN,3,2,"[0, 2]",base_tf,table ka cover change kar dena,cover change kar dena table ka,,,,6,6,0,6,1.0,True,2.6666666666666665,4.0,0.5333333333333333,4,0.4,0.6,2,True,False,False,2_switch,0.6042750794713536,0.9637553,0.9637553,0.9637553
67,household,EN-HN-EN-EN-HN-HN,3,2,"[0, 2]",base_es,table ka cover change kar dena,change kar dena table ka cover,,,,6,6,0,6,1.0,True,3.0,3.0,0.6,6,0.4,0.6,2,False,True,False,2_switch,0.3931466788228678,0.958748,0.958748,0.958748
67,household,EN-HN-EN-EN-HN-HN,3,2,"[0, 2]",tf_es,cover change kar dena table ka,change kar dena table ka cover,,,,6,6,0,6,1.0,True,1.6666666666666667,5.0,0.3333333333333333,2,0.4,0.6,2,False,False,True,2_switch,0.7952707287670506,0.9709538,0.9707193,0.9708366
68,household,EN-HN-EN-HN-HN,3,1,[2],base_tf,clothes ka ironing karna hai,ironing karna hai clothes ka,,,,5,5,0,5,1.0,True,2.4,3.0,0.6,4,0.25,0.75,1,True,False,False,1_switch,0.3766136530980537,0.96392167,0.96392167,0.96392167
68,household,EN-HN-EN-HN-HN,3,1,[2],base_es,clothes ka ironing karna hai,karna hai clothes ka ironing,,,,5,5,0,5,1.0,True,2.4,3.0,0.6,4,0.25,0.75,1,False,True,False,1_switch,0.3766136530980537,0.9653497,0.9653497,0.9653497
68,household,EN-HN-EN-HN-HN,3,1,[2],tf_es,ironing karna hai clothes ka,karna hai clothes ka ironing,,,,5,5,0,5,1.0,True,1.6,4.0,0.4,2,0.25,0.75,1,False,False,True,1_switch,0.7071067811865476,0.9674983,0.96749824,0.96749824
69,household,EN-HN-EN-EN-EN-HN,3,2,"[2, 4]",base_tf,fridge ka door properly close karo,door properly close karo fridge ka,,,,6,6,0,6,1.0,True,2.6666666666666665,4.0,0.5333333333333333,4,0.4,0.6,2,True,False,False,2_switch,0.6042750794713536,0.95256305,0.95256305,0.95256305
69,household,EN-HN-EN-EN-EN-HN,3,2,"[2, 4]",base_es,fridge ka door properly close karo,close karo fridge ka door properly,,,,6,6,0,6,1.0,True,2.6666666666666665,4.0,0.5333333333333333,4,0.4,0.6,2,False,True,False,2_switch,0.6042750794713536,0.9564424,0.9564424,0.9564424
69,household,EN-HN-EN-EN-EN-HN,3,2,"[2, 4]",tf_es,door properly close karo fridge ka,close karo fridge ka door properly,,,,6,6,0,6,1.0,True,2.6666666666666665,4.0,0.5333333333333333,4,0.4,0.6,2,False,False,True,2_switch,0.6042750794713536,0.96478146,0.9647815,0.9647815
70,household,EN-HN-EN-EN-HN-HN,4,1,[0],base_tf,milk ka packet fridge me rakhna,packet fridge me rakhna milk ka,,,,6,6,0,6,1.0,True,2.6666666666666665,4.0,0.5333333333333333,4,0.2,0.8,1,True,False,False,1_switch,0.6042750794713536,0.9709346,0.9709346,0.9709346
70,household,EN-HN-EN-EN-HN-HN,4,1,[0],base_es,milk ka packet fridge me rakhna,rakhna milk ka packet fridge me,,,,6,6,0,6,1.0,True,1.6666666666666667,5.0,0.3333333333333333,2,0.2,0.8,1,False,True,False,1_switch,0.7952707287670506,0.96049035,0.959774,0.960132
70,household,EN-HN-EN-EN-HN-HN,4,1,[0],tf_es,packet fridge me rakhna milk ka,rakhna milk ka packet fridge me,,,,6,6,0,6,1.0,True,3.0,3.0,0.6,6,0.2,0.8,1,False,False,True,1_switch,0.3931466788228678,0.95686233,0.95686233,0.95686233
71,digital,EN-HN-EN-EN-HN-HN,2,3,"[0, 2, 3]",base_tf,phone ka storage full ho gaya,storage full ho gaya phone ka,,,,6,6,0,6,1.0,True,2.6666666666666665,4.0,0.5333333333333333,4,0.6,0.4,3,True,False,False,3plus_switch,0.6042750794713536,0.9562932,0.9562932,0.9562932
71,digital,EN-HN-EN-EN-HN-HN,2,3,"[0, 2, 3]",base_es,phone ka storage full ho gaya,full ho gaya phone ka storage,,,,6,6,0,6,1.0,True,3.0,3.0,0.6,6,0.6,0.4,3,False,True,False,3plus_switch,0.3931466788228678,0.95822847,0.95822847,0.95822847
71,digital,EN-HN-EN-EN-HN-HN,2,3,"[0, 2, 3]",tf_es,storage full ho gaya phone ka,full ho gaya phone ka storage,,,,6,6,0,6,1.0,True,1.6666666666666667,5.0,0.3333333333333333,2,0.6,0.4,3,False,False,True,3plus_switch,0.7952707287670506,0.9775542,0.9775542,0.9775542
72,digital,EN-HN-EN-HN-HN-HN,3,2,"[0, 2]",base_tf,app ka update install karna hai,update install karna hai app ka,,,,6,6,0,6,1.0,True,2.6666666666666665,4.0,0.5333333333333333,4,0.4,0.6,2,True,False,False,2_switch,0.6042750794713536,0.9695693,0.9695693,0.9695693
72,digital,EN-HN-EN-HN-HN-HN,3,2,"[0, 2]",base_es,app ka update install karna hai,install karna hai app ka update,,,,6,6,0,6,1.0,True,3.0,3.0,0.6,6,0.4,0.6,2,False,True,False,2_switch,0.3931466788228678,0.97385734,0.97385734,0.97385734
72,digital,EN-HN-EN-HN-HN-HN,3,2,"[0, 2]",tf_es,update install karna hai app ka,install karna hai app ka update,,,,6,6,0,6,1.0,True,1.6666666666666667,5.0,0.3333333333333333,2,0.4,0.6,2,False,False,True,2_switch,0.7952707287670506,0.97829366,0.97829366,0.97829366
73,digital,EN-HN-EN-EN-HN-HN-HN,4,2,"[0, 2]",base_tf,password ka reset option nahi mil raha,reset option nahi mil raha password ka,,,,7,7,0,7,1.0,True,2.857142857142857,5.0,0.47619047619047616,4,0.3333333333333333,0.6666666666666666,2,True,False,False,2_switch,0.7071067811865476,0.96687734,0.96687734,0.96687734
73,digital,EN-HN-EN-EN-HN-HN-HN,4,2,"[0, 2]",base_es,password ka reset option nahi mil raha,nahi mil raha password ka reset option,,,,7,7,0,7,1.0,True,3.4285714285714284,4.0,0.5714285714285714,6,0.3333333333333333,0.6666666666666666,2,False,True,False,2_switch,0.5946035575013605,0.9658792,0.9658792,0.9658792
73,digital,EN-HN-EN-EN-HN-HN-HN,4,2,"[0, 2]",tf_es,reset option nahi mil raha password ka,nahi mil raha password ka reset option,,,,7,7,0,7,1.0,True,2.857142857142857,5.0,0.47619047619047616,4,0.3333333333333333,0.6666666666666666,2,False,False,True,2_switch,0.7071067811865476,0.96680796,0.966808,0.966808
74,digital,EN-HN-EN-EN-HN-HN,3,2,"[0, 2]",base_tf,WiFi ka signal weak lag raha,signal weak lag raha WiFi ka,,,,6,6,0,6,1.0,True,2.6666666666666665,4.0,0.5333333333333333,4,0.4,0.6,2,True,False,False,2_switch,0.6042750794713536,0.9603316,0.9603316,0.9603316
74,digital,EN-HN-EN-EN-HN-HN,3,2,"[0, 2]",base_es,WiFi ka signal weak lag raha,lag raha WiFi ka signal weak,,,,6,6,0,6,1.0,True,2.6666666666666665,4.0,0.5333333333333333,4,0.4,0.6,2,False,True,False,2_switch,0.6042750794713536,0.96473724,0.96473724,0.96473724
74,digital,EN-HN-EN-EN-HN-HN,3,2,"[0, 2]",tf_es,signal weak lag raha WiFi ka,lag raha WiFi ka signal weak,,,,6,6,0,6,1.0,True,2.6666666666666665,4.0,0.5333333333333333,4,0.4,0.6,2,False,False,True,2_switch,0.6042750794713536,0.95047647,0.9504764,0.9504765
75,digital,EN-HN-EN-EN-HN-HN,3,2,"[0, 2]",base_tf,phone ka hotspot on kar do,hotspot on kar do phone ka,,,,6,6,0,6,1.0,True,2.6666666666666665,4.0,0.5333333333333333,4,0.4,0.6,2,True,False,False,2_switch,0.6042750794713536,0.9606694,0.9606694,0.9606694
75,digital,EN-HN-EN-EN-HN-HN,3,2,"[0, 2]",base_es,phone ka hotspot on kar do,on kar do phone ka hotspot,,,,6,6,0,6,1.0,True,3.0,3.0,0.6,6,0.4,0.6,2,False,True,False,2_switch,0.3931466788228678,0.9607525,0.96075255,0.96075255
75,digital,EN-HN-EN-EN-HN-HN,3,2,"[0, 2]",tf_es,hotspot on kar do phone ka,on kar do phone ka hotspot,,,,6,6,0,6,1.0,True,1.6666666666666667,5.0,0.3333333333333333,2,0.4,0.6,2,False,False,True,2_switch,0.7952707287670506,0.9617662,0.96176624,0.9617662
76,digital,EN-HN-EN-EN-HN,2,2,"[0, 2]",base_tf,laptop ka update pending hai,update pending hai laptop ka,,,,5,5,0,5,1.0,True,2.4,3.0,0.6,4,0.5,0.5,2,True,False,False,2_switch,0.3766136530980537,0.9739253,0.97392523,0.9739253
76,digital,EN-HN-EN-EN-HN,2,2,"[0, 2]",base_es,laptop ka update pending hai,pending hai laptop ka update,,,,5,5,0,5,1.0,True,2.4,3.0,0.6,4,0.5,0.5,2,False,True,False,2_switch,0.3766136530980537,0.96613514,0.96613514,0.96613514
76,digital,EN-HN-EN-EN-HN,2,2,"[0, 2]",tf_es,update pending hai laptop ka,pending hai laptop ka update,,,,5,5,0,5,1.0,True,1.6,4.0,0.4,2,0.5,0.5,2,False,False,True,2_switch,0.7071067811865476,0.96907365,0.96907365,0.96907365
77,digital,EN-HN-EN-HN-HN-HN,3,2,"[0, 2]",base_tf,screen ka brightness kam kar do,brightness kam kar do screen ka,,,,6,6,0,6,1.0,True,2.6666666666666665,4.0,0.5333333333333333,4,0.4,0.6,2,True,False,False,2_switch,0.6042750794713536,0.94924617,0.9492462,0.9492462
77,digital,EN-HN-EN-HN-HN-HN,3,2,"[0, 2]",base_es,screen ka brightness kam kar do,kam kar do screen ka brightness,,,,6,6,0,6,1.0,True,3.0,3.0,0.6,6,0.4,0.6,2,False,True,False,2_switch,0.3931466788228678,0.9597656,0.9597657,0.9597656
77,digital,EN-HN-EN-HN-HN-HN,3,2,"[0, 2]",tf_es,brightness kam kar do screen ka,kam kar do screen ka brightness,,,,6,6,0,6,1.0,True,1.6666666666666667,5.0,0.3333333333333333,2,0.4,0.6,2,False,False,True,2_switch,0.7952707287670506,0.9403527,0.9403526,0.9403526
78,digital,EN-HN-EN-EN-HN-HN-HN,3,2,"[0, 2]",base_tf,mic ka input detect nahi ho raha,input detect nahi ho raha mic ka,,,,7,7,0,7,1.0,True,2.857142857142857,5.0,0.47619047619047616,4,0.4,0.6,2,True,False,False,2_switch,0.7071067811865476,0.9662565,0.9609797,0.9636109
78,digital,EN-HN-EN-EN-HN-HN-HN,3,2,"[0, 2]",base_es,mic ka input detect nahi ho raha,detect nahi ho raha mic ka input,,,,7,7,0,7,1.0,True,3.4285714285714284,4.0,0.5714285714285714,6,0.4,0.6,2,False,True,False,2_switch,0.5946035575013605,0.9682065,0.9682065,0.9682065
78,digital,EN-HN-EN-EN-HN-HN-HN,3,2,"[0, 2]",tf_es,input detect nahi ho raha mic ka,detect nahi ho raha mic ka input,,,,7,7,0,7,1.0,True,1.7142857142857142,6.0,0.2857142857142857,2,0.4,0.6,2,False,False,True,2_switch,0.8408964152537146,0.9654921,0.9654921,0.9654921
79,digital,EN-HN-EN-EN-HN,2,2,"[0, 2]",base_tf,speaker ka volume low hai,volume low hai speaker ka,,,,5,5,0,5,1.0,True,2.4,3.0,0.6,4,0.5,0.5,2,True,False,False,2_switch,0.3766136530980537,0.96541893,0.96541893,0.96541893
79,digital,EN-HN-EN-EN-HN,2,2,"[0, 2]",base_es,speaker ka volume low hai,low hai speaker ka volume,,,,5,5,0,5,1.0,True,2.4,3.0,0.6,4,0.5,0.5,2,False,True,False,2_switch,0.3766136530980537,0.96127117,0.9612712,0.96127117
79,digital,EN-HN-EN-EN-HN,2,2,"[0, 2]",tf_es,volume low hai speaker ka,low hai speaker ka volume,,,,5,5,0,5,1.0,True,1.6,4.0,0.4,2,0.5,0.5,2,False,False,True,2_switch,0.7071067811865476,0.9698272,0.9698272,0.9698272
80,digital,EN-HN-EN-HN-HN-HN,3,2,"[0, 2]",base_tf,battery ka percentage kam ho raha,percentage kam ho raha battery ka,,,,6,6,0,6,1.0,True,2.6666666666666665,4.0,0.5333333333333333,4,0.4,0.6,2,True,False,False,2_switch,0.6042750794713536,0.9416507,0.9416507,0.9416507
80,digital,EN-HN-EN-HN-HN-HN,3,2,"[0, 2]",base_es,battery ka percentage kam ho raha,kam ho raha battery ka percentage,,,,6,6,0,6,1.0,True,3.0,3.0,0.6,6,0.4,0.6,2,False,True,False,2_switch,0.3931466788228678,0.94418466,0.94418466,0.94418466
80,digital,EN-HN-EN-HN-HN-HN,3,2,"[0, 2]",tf_es,percentage kam ho raha battery ka,kam ho raha battery ka percentage,,,,6,6,0,6,1.0,True,1.6666666666666667,5.0,0.3333333333333333,2,0.4,0.6,2,False,False,True,2_switch,0.7952707287670506,0.9536841,0.9536841,0.9536841
81,health,EN-HN-EN-HN-HN-HN,4,1,[0],base_tf,medicine ka dose kab lena hai,dose kab lena hai medicine ka,,,,6,6,0,6,1.0,True,2.6666666666666665,4.0,0.5333333333333333,4,0.2,0.8,1,True,False,False,1_switch,0.6042750794713536,0.9685426,0.9685426,0.9685426
81,health,EN-HN-EN-HN-HN-HN,4,1,[0],base_es,medicine ka dose kab lena hai,kab lena hai medicine ka dose,,,,6,6,0,6,1.0,True,3.0,3.0,0.6,6,0.2,0.8,1,False,True,False,1_switch,0.3931466788228678,0.97410846,0.97410846,0.97410846
81,health,EN-HN-EN-HN-HN-HN,4,1,[0],tf_es,dose kab lena hai medicine ka,kab lena hai medicine ka dose,,,,6,6,0,6,1.0,True,1.6666666666666667,5.0,0.3333333333333333,2,0.2,0.8,1,False,False,True,1_switch,0.7952707287670506,0.9767273,0.9767273,0.9767273
82,health,EN-HN-EN-EN-HN,3,1,[0],base_tf,doctor ka appointment confirm hua,appointment confirm hua doctor ka,,,,5,5,0,5,1.0,True,2.4,3.0,0.6,4,0.25,0.75,1,True,False,False,1_switch,0.3766136530980537,0.95892084,0.95892084,0.9589209
82,health,EN-HN-EN-EN-HN,3,1,[0],base_es,doctor ka appointment confirm hua,confirm hua doctor ka appointment,,,,5,5,0,5,1.0,True,2.4,3.0,0.6,4,0.25,0.75,1,False,True,False,1_switch,0.3766136530980537,0.96713006,0.96713006,0.96713006
82,health,EN-HN-EN-EN-HN,3,1,[0],tf_es,appointment confirm hua doctor ka,confirm hua doctor ka appointment,,,,5,5,0,5,1.0,True,1.6,4.0,0.4,2,0.25,0.75,1,False,False,True,1_switch,0.7071067811865476,0.9639608,0.9639608,0.9639608
83,health,EN-HN-EN-EN-HN,3,1,[2],base_tf,fever ka temperature check karo,temperature check karo fever ka,,,,5,5,0,5,1.0,True,2.4,3.0,0.6,4,0.25,0.75,1,True,False,False,1_switch,0.3766136530980537,0.94805104,0.94805104,0.94805104
83,health,EN-HN-EN-EN-HN,3,1,[2],base_es,fever ka temperature check karo,check karo fever ka temperature,,,,5,5,0,5,1.0,True,2.4,3.0,0.6,4,0.25,0.75,1,False,True,False,1_switch,0.3766136530980537,0.95666015,0.95666015,0.95666015
83,health,EN-HN-EN-EN-HN,3,1,[2],tf_es,temperature check karo fever ka,check karo fever ka temperature,,,,5,5,0,5,1.0,True,1.6,4.0,0.4,2,0.25,0.75,1,False,False,True,1_switch,0.7071067811865476,0.9694364,0.9694364,0.9694364
84,health,EN-HN-EN-EN-HN,3,1,[2],base_tf,syrup ka spoon measure karna,spoon measure karna syrup ka,,,,5,5,0,5,1.0,True,2.4,3.0,0.6,4,0.25,0.75,1,True,False,False,1_switch,0.3766136530980537,0.951336,0.951336,0.9513361
84,health,EN-HN-EN-EN-HN,3,1,[2],base_es,syrup ka spoon measure karna,measure karna syrup ka spoon,,,,5,5,0,5,1.0,True,2.4,3.0,0.6,4,0.25,0.75,1,False,True,False,1_switch,0.3766136530980537,0.9501012,0.9530474,0.951572
84,health,EN-HN-EN-EN-HN,3,1,[2],tf_es,spoon measure karna syrup ka,measure karna syrup ka spoon,,,,5,5,0,5,1.0,True,1.6,4.0,0.4,2,0.25,0.75,1,False,False,True,1_switch,0.7071067811865476,0.9488058,0.95141834,0.95011026
85,health,EN-HN-EN-EN-HN-HN,3,1,[2],base_tf,prescription ka photo send kar do,photo send kar do prescription ka,,,,6,6,0,6,1.0,True,2.6666666666666665,4.0,0.5333333333333333,4,0.25,0.75,1,True,False,False,1_switch,0.6042750794713536,0.95345736,0.95345736,0.95345736
85,health,EN-HN-EN-EN-HN-HN,3,1,[2],base_es,prescription ka photo send kar do,send kar do prescription ka photo,,,,6,6,0,6,1.0,True,3.0,3.0,0.6,6,0.25,0.75,1,False,True,False,1_switch,0.3931466788228678,0.95851016,0.9585101,0.9585101
85,health,EN-HN-EN-EN-HN-HN,3,1,[2],tf_es,photo send kar do prescription ka,send kar do prescription ka photo,,,,6,6,0,6,1.0,True,1.6666666666666667,5.0,0.3333333333333333,2,0.25,0.75,1,False,False,True,1_switch,0.7952707287670506,0.97396314,0.973963,0.9739631
86,health,EN-HN-EN-HN-HN-HN-HN,5,1,[2],base_tf,pain ka reason samajh nahi aa raha,reason samajh nahi aa raha pain ka,,,,7,7,0,7,1.0,True,2.857142857142857,5.0,0.47619047619047616,4,0.16666666666666666,0.8333333333333334,1,True,False,False,1_switch,0.7071067811865476,0.9632447,0.9632446,0.9632446
86,health,EN-HN-EN-HN-HN-HN-HN,5,1,[2],base_es,pain ka reason samajh nahi aa raha,samajh nahi aa raha pain ka reason,,,,7,7,0,7,1.0,True,3.4285714285714284,4.0,0.5714285714285714,6,0.16666666666666666,0.8333333333333334,1,False,True,False,1_switch,0.5946035575013605,0.95750546,0.9575054,0.9575054
86,health,EN-HN-EN-HN-HN-HN-HN,5,1,[2],tf_es,reason samajh nahi aa raha pain ka,samajh nahi aa raha pain ka reason,,,,7,7,0,7,1.0,True,1.7142857142857142,6.0,0.2857142857142857,2,0.16666666666666666,0.8333333333333334,1,False,False,True,1_switch,0.8408964152537146,0.97776735,0.97776735,0.97776735
87,health,EN-HN-EN-HN-HN-HN,3,1,[0],base_tf,BP ka reading high aa gaya,reading high aa gaya BP ka,,,,6,6,0,6,1.0,True,2.6666666666666665,4.0,0.5333333333333333,4,0.25,0.75,1,True,False,False,1_switch,0.6042750794713536,0.9525187,0.95251864,0.95251864
87,health,EN-HN-EN-HN-HN-HN,3,1,[0],base_es,BP ka reading high aa gaya,high aa gaya BP ka reading,,,,6,6,0,6,1.0,True,3.0,3.0,0.6,6,0.25,0.75,1,False,True,False,1_switch,0.3931466788228678,0.9485933,0.94859326,0.9485933
87,health,EN-HN-EN-HN-HN-HN,3,1,[0],tf_es,reading high aa gaya BP ka,high aa gaya BP ka reading,,,,6,6,0,6,1.0,True,1.6666666666666667,5.0,0.3333333333333333,2,0.25,0.75,1,False,False,True,1_switch,0.7952707287670506,0.9713169,0.97131693,0.9713169
88,health,EN-HN-EN-EN-HN,2,2,"[2, 3]",base_tf,tablet ka effect slow hai,effect slow hai tablet ka,,,,5,5,0,5,1.0,True,2.4,3.0,0.6,4,0.5,0.5,2,True,False,False,2_switch,0.3766136530980537,0.9525453,0.9525453,0.9525453
88,health,EN-HN-EN-EN-HN,2,2,"[2, 3]",base_es,tablet ka effect slow hai,slow hai tablet ka effect,,,,5,5,0,5,1.0,True,2.4,3.0,0.6,4,0.5,0.5,2,False,True,False,2_switch,0.3766136530980537,0.96078676,0.96078676,0.96078676
88,health,EN-HN-EN-EN-HN,2,2,"[2, 3]",tf_es,effect slow hai tablet ka,slow hai tablet ka effect,,,,5,5,0,5,1.0,True,1.6,4.0,0.4,2,0.5,0.5,2,False,False,True,2_switch,0.7071067811865476,0.96993303,0.95821726,0.96403956
89,health,EN-HN-EN-EN-HN-HN-HN,5,1,[2],base_tf,sugar ka test fasting me hota hai,test fasting me hota hai sugar ka,,,,7,7,0,7,1.0,True,2.857142857142857,5.0,0.47619047619047616,4,0.16666666666666666,0.8333333333333334,1,True,False,False,1_switch,0.7071067811865476,0.96830595,0.96830595,0.96830595
89,health,EN-HN-EN-EN-HN-HN-HN,5,1,[2],base_es,sugar ka test fasting me hota hai,fasting me hota hai sugar ka test,,,,7,7,0,7,1.0,True,3.4285714285714284,4.0,0.5714285714285714,6,0.16666666666666666,0.8333333333333334,1,False,True,False,1_switch,0.5946035575013605,0.9680312,0.9680312,0.9680312
89,health,EN-HN-EN-EN-HN-HN-HN,5,1,[2],tf_es,test fasting me hota hai sugar ka,fasting me hota hai sugar ka test,,,,7,7,0,7,1.0,True,1.7142857142857142,6.0,0.2857142857142857,2,0.16666666666666666,0.8333333333333334,1,False,False,True,1_switch,0.8408964152537146,0.9763379,0.9763379,0.9763379
90,health,EN-HN-EN-HN-EN-EN-HN,4,2,"[0, 4]",base_tf,doctor ka clinic kis time open hota,clinic kis time open hota doctor ka,,,,7,7,0,7,1.0,True,2.857142857142857,5.0,0.47619047619047616,4,0.3333333333333333,0.6666666666666666,2,True,False,False,2_switch,0.7071067811865476,0.9722531,0.9722532,0.97225314
90,health,EN-HN-EN-HN-EN-EN-HN,4,2,"[0, 4]",base_es,doctor ka clinic kis time open hota,kis time open hota doctor ka clinic,,,,7,7,0,7,1.0,True,3.4285714285714284,4.0,0.5714285714285714,6,0.3333333333333333,0.6666666666666666,2,False,True,False,2_switch,0.5946035575013605,0.9620954,0.9620954,0.9620954
90,health,EN-HN-EN-HN-EN-EN-HN,4,2,"[0, 4]",tf_es,clinic kis time open hota doctor ka,kis time open hota doctor ka clinic,,,,7,7,0,7,1.0,True,1.7142857142857142,6.0,0.2857142857142857,2,0.3333333333333333,0.6666666666666666,2,False,False,True,2_switch,0.8408964152537146,0.9736421,0.9736421,0.9736421
91,transport,EN-EN-HN-EN-EN-HN,3,3,"[0, 1, 3]",base_tf,bus stop ka route map dikhana,route map dikhana bus stop ka,,,,6,6,0,6,1.0,True,3.0,3.0,0.6,6,0.5,0.5,3,True,False,False,3plus_switch,0.3931466788228678,0.95956624,0.95956624,0.95956624
91,transport,EN-EN-HN-EN-EN-HN,3,3,"[0, 1, 3]",base_es,bus stop ka route map dikhana,dikhana bus stop ka route map,,,,6,6,0,6,1.0,True,1.6666666666666667,5.0,0.3333333333333333,2,0.5,0.5,3,False,True,False,3plus_switch,0.7952707287670506,0.9594677,0.9594677,0.9594677
91,transport,EN-EN-HN-EN-EN-HN,3,3,"[0, 1, 3]",tf_es,route map dikhana bus stop ka,dikhana bus stop ka route map,,,,6,6,0,6,1.0,True,2.6666666666666665,4.0,0.5333333333333333,4,0.5,0.5,3,False,False,True,3plus_switch,0.6042750794713536,0.9673502,0.9673501,0.9673502
92,transport,EN-HN-EN-EN-HN-HN,2,3,"[0, 2, 3]",base_tf,cab ka OTP enter kar do,OTP enter kar do cab ka,,,,6,6,0,6,1.0,True,2.6666666666666665,4.0,0.5333333333333333,4,0.6,0.4,3,True,False,False,3plus_switch,0.6042750794713536,0.96520853,0.96520853,0.96520853
92,transport,EN-HN-EN-EN-HN-HN,2,3,"[0, 2, 3]",base_es,cab ka OTP enter kar do,enter kar do cab ka OTP,,,,6,6,0,6,1.0,True,3.0,3.0,0.6,6,0.6,0.4,3,False,True,False,3plus_switch,0.3931466788228678,0.95755243,0.95755243,0.95755243
92,transport,EN-HN-EN-EN-HN-HN,2,3,"[0, 2, 3]",tf_es,OTP enter kar do cab ka,enter kar do cab ka OTP,,,,6,6,0,6,1.0,True,1.6666666666666667,5.0,0.3333333333333333,2,0.6,0.4,3,False,False,True,3plus_switch,0.7952707287670506,0.96523094,0.9652308,0.9652309
93,transport,EN-HN-EN-EN-HN-HN,3,2,"[0, 2]",base_tf,road ka traffic heavy lag raha,traffic heavy lag raha road ka,,,,6,6,0,6,1.0,True,2.6666666666666665,4.0,0.5333333333333333,4,0.4,0.6,2,True,False,False,2_switch,0.6042750794713536,0.9408686,0.9408686,0.9408686
93,transport,EN-HN-EN-EN-HN-HN,3,2,"[0, 2]",base_es,road ka traffic heavy lag raha,lag raha road ka traffic heavy,,,,6,6,0,6,1.0,True,2.6666666666666665,4.0,0.5333333333333333,4,0.4,0.6,2,False,True,False,2_switch,0.6042750794713536,0.9529463,0.9529463,0.9529463
93,transport,EN-HN-EN-EN-HN-HN,3,2,"[0, 2]",tf_es,traffic heavy lag raha road ka,lag raha road ka traffic heavy,,,,6,6,0,6,1.0,True,2.6666666666666665,4.0,0.5333333333333333,4,0.4,0.6,2,False,False,True,2_switch,0.6042750794713536,0.9404774,0.9404774,0.9404774
94,transport,EN-HN-EN-EN-HN-HN,3,2,"[0, 2]",base_tf,signal ka light green ho gaya,light green ho gaya signal ka,,,,6,6,0,6,1.0,True,2.6666666666666665,4.0,0.5333333333333333,4,0.4,0.6,2,True,False,False,2_switch,0.6042750794713536,0.9578624,0.9578624,0.9578624
94,transport,EN-HN-EN-EN-HN-HN,3,2,"[0, 2]",base_es,signal ka light green ho gaya,ho gaya signal ka light green,,,,6,6,0,6,1.0,True,2.6666666666666665,4.0,0.5333333333333333,4,0.4,0.6,2,False,True,False,2_switch,0.6042750794713536,0.95792794,0.95792794,0.95792794
94,transport,EN-HN-EN-EN-HN-HN,3,2,"[0, 2]",tf_es,light green ho gaya signal ka,ho gaya signal ka light green,,,,6,6,0,6,1.0,True,2.6666666666666665,4.0,0.5333333333333333,4,0.4,0.6,2,False,False,True,2_switch,0.6042750794713536,0.9613763,0.9613763,0.9613763
95,transport,EN-HN-EN-HN-EN-HN,4,1,[0],base_tf,metro ka gate kis side hoga,gate kis side hoga metro ka,,,,6,6,0,6,1.0,True,2.6666666666666665,4.0,0.5333333333333333,4,0.2,0.8,1,True,False,False,1_switch,0.6042750794713536,0.96681654,0.96681654,0.96681654
95,transport,EN-HN-EN-HN-EN-HN,4,1,[0],base_es,metro ka gate kis side hoga,kis side hoga metro ka gate,,,,6,6,0,6,1.0,True,3.0,3.0,0.6,6,0.2,0.8,1,False,True,False,1_switch,0.3931466788228678,0.96428,0.96427995,0.96427995
95,transport,EN-HN-EN-HN-EN-HN,4,1,[0],tf_es,gate kis side hoga metro ka,kis side hoga metro ka gate,,,,6,6,0,6,1.0,True,1.6666666666666667,5.0,0.3333333333333333,2,0.2,0.8,1,False,False,True,1_switch,0.7952707287670506,0.9708804,0.9708804,0.9708804
96,transport,EN-HN-EN-EN-HN-HN,3,1,[0],base_tf,cab ka driver close aa raha,driver close aa raha cab ka,,,,6,6,0,6,1.0,True,2.6666666666666665,4.0,0.5333333333333333,4,0.25,0.75,1,True,False,False,1_switch,0.6042750794713536,0.95536625,0.9553663,0.9553663
96,transport,EN-HN-EN-EN-HN-HN,3,1,[0],base_es,cab ka driver close aa raha,aa raha cab ka driver close,,,,6,6,0,6,1.0,True,2.6666666666666665,4.0,0.5333333333333333,4,0.25,0.75,1,False,True,False,1_switch,0.6042750794713536,0.9465307,0.94653064,0.94653064
96,transport,EN-HN-EN-EN-HN-HN,3,1,[0],tf_es,driver close aa raha cab ka,aa raha cab ka driver close,,,,6,6,0,6,1.0,True,2.6666666666666665,4.0,0.5333333333333333,4,0.25,0.75,1,False,False,True,1_switch,0.6042750794713536,0.95973885,0.95973873,0.9597388
97,transport,EN-HN-EN-EN-HN-HN,4,1,[2],base_tf,parking ka ticket lose mat karna,ticket lose mat karna parking ka,,,,6,6,0,6,1.0,True,2.6666666666666665,4.0,0.5333333333333333,4,0.2,0.8,1,True,False,False,1_switch,0.6042750794713536,0.9692526,0.9692525,0.9692525
97,transport,EN-HN-EN-EN-HN-HN,4,1,[2],base_es,parking ka ticket lose mat karna,lose mat karna parking ka ticket,,,,6,6,0,6,1.0,True,3.0,3.0,0.6,6,0.2,0.8,1,False,True,False,1_switch,0.3931466788228678,0.95568645,0.9556865,0.9556865
97,transport,EN-HN-EN-EN-HN-HN,4,1,[2],tf_es,ticket lose mat karna parking ka,lose mat karna parking ka ticket,,,,6,6,0,6,1.0,True,1.6666666666666667,5.0,0.3333333333333333,2,0.2,0.8,1,False,False,True,1_switch,0.7952707287670506,0.9661174,0.96611726,0.9661173
98,transport,EN-HN-EN-HN-HN-HN,3,1,[2],base_tf,petrol ka price phir badh gaya,price phir badh gaya petrol ka,,,,6,6,0,6,1.0,True,2.6666666666666665,4.0,0.5333333333333333,4,0.25,0.75,1,True,False,False,1_switch,0.6042750794713536,0.96163905,0.961639,0.961639
98,transport,EN-HN-EN-HN-HN-HN,3,1,[2],base_es,petrol ka price phir badh gaya,badh gaya petrol ka price phir,,,,6,6,0,6,1.0,True,2.6666666666666665,4.0,0.5333333333333333,4,0.25,0.75,1,False,True,False,1_switch,0.6042750794713536,0.966305,0.966305,0.966305
98,transport,EN-HN-EN-HN-HN-HN,3,1,[2],tf_es,price phir badh gaya petrol ka,badh gaya petrol ka price phir,,,,6,6,0,6,1.0,True,2.6666666666666665,4.0,0.5333333333333333,4,0.25,0.75,1,False,False,True,1_switch,0.6042750794713536,0.9549689,0.9549689,0.9549689
99,transport,EN-HN-EN-EN-HN-HN,3,2,"[0, 2]",base_tf,bike ka tyre flat ho gaya,tyre flat ho gaya bike ka,,,,6,6,0,6,1.0,True,2.6666666666666665,4.0,0.5333333333333333,4,0.4,0.6,2,True,False,False,2_switch,0.6042750794713536,0.946162,0.946162,0.946162
99,transport,EN-HN-EN-EN-HN-HN,3,2,"[0, 2]",base_es,bike ka tyre flat ho gaya,flat ho gaya bike ka tyre,,,,6,6,0,6,1.0,True,3.0,3.0,0.6,6,0.4,0.6,2,False,True,False,2_switch,0.3931466788228678,0.95322114,0.95322114,0.95322114
99,transport,EN-HN-EN-EN-HN-HN,3,2,"[0, 2]",tf_es,tyre flat ho gaya bike ka,flat ho gaya bike ka tyre,,,,6,6,0,6,1.0,True,1.6666666666666667,5.0,0.3333333333333333,2,0.4,0.6,2,False,False,True,2_switch,0.7952707287670506,0.9712159,0.9683896,0.96980065
100,transport,EN-HN-EN-HN-HN-HN,4,2,"[0, 2]",base_tf,rickshaw ka turn galat lag raha,turn galat lag raha rickshaw ka,,,,6,6,0,6,1.0,True,2.6666666666666665,4.0,0.5333333333333333,4,0.3333333333333333,0.6666666666666666,2,True,False,False,2_switch,0.6042750794713536,0.9567982,0.9567982,0.9567982
100,transport,EN-HN-EN-HN-HN-HN,4,2,"[0, 2]",base_es,rickshaw ka turn galat lag raha,lag raha rickshaw ka turn galat,,,,6,6,0,6,1.0,True,2.6666666666666665,4.0,0.5333333333333333,4,0.3333333333333333,0.6666666666666666,2,False,True,False,2_switch,0.6042750794713536,0.9697567,0.9697567,0.9697567
100,transport,EN-HN-EN-HN-HN-HN,4,2,"[0, 2]",tf_es,turn galat lag raha rickshaw ka,lag raha rickshaw ka turn galat,,,,6,6,0,6,1.0,True,2.6666666666666665,4.0,0.5333333333333333,4,0.3333333333333333,0.6666666666666666,2,False,False,True,2_switch,0.6042750794713536,0.96998763,0.96998763,0.96998763
101,travel,EN-HN-EN-EN-EN-HN-HN,4,2,"[1, 2]",base_tf,train ka AC coach available hai kya,AC coach available hai kya train ka,,,,7,7,0,7,1.0,True,2.857142857142857,5.0,0.47619047619047616,4,0.3333333333333333,0.6666666666666666,2,True,False,False,2_switch,0.7071067811865476,0.9750006,0.9750006,0.9750006
101,travel,EN-HN-EN-EN-EN-HN-HN,4,2,"[1, 2]",base_es,train ka AC coach available hai kya,available hai kya train ka AC coach,,,,7,7,0,7,1.0,True,3.4285714285714284,4.0,0.5714285714285714,6,0.3333333333333333,0.6666666666666666,2,False,True,False,2_switch,0.5946035575013605,0.973391,0.97339094,0.973391
101,travel,EN-HN-EN-EN-EN-HN-HN,4,2,"[1, 2]",tf_es,AC coach available hai kya train ka,available hai kya train ka AC coach,,,,7,7,0,7,1.0,True,2.857142857142857,5.0,0.47619047619047616,4,0.3333333333333333,0.6666666666666666,2,False,False,True,2_switch,0.7071067811865476,0.97755134,0.97755134,0.97755134
102,travel,EN-HN-EN-EN-HN-HN-HN,4,2,"[1, 2]",base_tf,bus ka last stop kaha aata hai,last stop kaha aata hai bus ka,,,,7,7,0,7,1.0,True,2.857142857142857,5.0,0.47619047619047616,4,0.3333333333333333,0.6666666666666666,2,True,False,False,2_switch,0.7071067811865476,0.9762325,0.9762325,0.9762325
102,travel,EN-HN-EN-EN-HN-HN-HN,4,2,"[1, 2]",base_es,bus ka last stop kaha aata hai,kaha aata hai bus ka last stop,,,,7,7,0,7,1.0,True,3.4285714285714284,4.0,0.5714285714285714,6,0.3333333333333333,0.6666666666666666,2,False,True,False,2_switch,0.5946035575013605,0.97357285,0.97357285,0.97357285
102,travel,EN-HN-EN-EN-HN-HN-HN,4,2,"[1, 2]",tf_es,last stop kaha aata hai bus ka,kaha aata hai bus ka last stop,,,,7,7,0,7,1.0,True,2.857142857142857,5.0,0.47619047619047616,4,0.3333333333333333,0.6666666666666666,2,False,False,True,2_switch,0.7071067811865476,0.9740308,0.9740308,0.9740308
103,travel,EN-HN-EN-EN-EN-HN,3,3,"[1, 2, 3]",base_tf,flight ka gate number announce hua,gate number announce hua flight ka,,,,6,6,0,6,1.0,True,2.6666666666666665,4.0,0.5333333333333333,4,0.5,0.5,3,True,False,False,3plus_switch,0.6042750794713536,0.95672506,0.95672506,0.95672506
103,travel,EN-HN-EN-EN-EN-HN,3,3,"[1, 2, 3]",base_es,flight ka gate number announce hua,announce hua flight ka gate number,,,,6,6,0,6,1.0,True,2.6666666666666665,4.0,0.5333333333333333,4,0.5,0.5,3,False,True,False,3plus_switch,0.6042750794713536,0.96541584,0.96541584,0.96541584
103,travel,EN-HN-EN-EN-EN-HN,3,3,"[1, 2, 3]",tf_es,gate number announce hua flight ka,announce hua flight ka gate number,,,,6,6,0,6,1.0,True,2.6666666666666665,4.0,0.5333333333333333,4,0.5,0.5,3,False,False,True,3plus_switch,0.6042750794713536,0.9604313,0.9604312,0.9604313
104,travel,EN-HN-EN-EN-EN-HN-HN,3,3,"[1, 2, 3]",base_tf,cab ka pickup location change ho gaya,pickup location change ho gaya cab ka,,,,7,7,0,7,1.0,True,2.857142857142857,5.0,0.47619047619047616,4,0.5,0.5,3,True,False,False,3plus_switch,0.7071067811865476,0.9581733,0.9581733,0.9581733
104,travel,EN-HN-EN-EN-EN-HN-HN,3,3,"[1, 2, 3]",base_es,cab ka pickup location change ho gaya,change ho gaya cab ka pickup location,,,,7,7,0,7,1.0,True,3.4285714285714284,4.0,0.5714285714285714,6,0.5,0.5,3,False,True,False,3plus_switch,0.5946035575013605,0.9569467,0.9569467,0.9569467
104,travel,EN-HN-EN-EN-EN-HN-HN,3,3,"[1, 2, 3]",tf_es,pickup location change ho gaya cab ka,change ho gaya cab ka pickup location,,,,7,7,0,7,1.0,True,2.857142857142857,5.0,0.47619047619047616,4,0.5,0.5,3,False,False,True,3plus_switch,0.7071067811865476,0.9526222,0.9526222,0.9526222
105,travel,EN-HN-EN-HN-HN-HN-HN,4,1,[1],base_tf,platform ka lift kaam nahi kar raha,lift kaam nahi kar raha platform ka,,,,7,7,0,7,1.0,True,2.857142857142857,5.0,0.47619047619047616,4,0.2,0.8,1,True,False,False,1_switch,0.7071067811865476,0.96273816,0.96273816,0.96273816
105,travel,EN-HN-EN-HN-HN-HN-HN,4,1,[1],base_es,platform ka lift kaam nahi kar raha,kaam nahi kar raha platform ka lift,,,,7,7,0,7,1.0,True,3.4285714285714284,4.0,0.5714285714285714,6,0.2,0.8,1,False,True,False,1_switch,0.5946035575013605,0.95942473,0.95942473,0.95942473
105,travel,EN-HN-EN-HN-HN-HN-HN,4,1,[1],tf_es,lift kaam nahi kar raha platform ka,kaam nahi kar raha platform ka lift,,,,7,7,0,7,1.0,True,1.7142857142857142,6.0,0.2857142857142857,2,0.2,0.8,1,False,False,True,1_switch,0.8408964152537146,0.9714004,0.97038436,0.9708921
106,food,EN-HN-EN-EN-HN-HN,3,2,"[1, 2]",base_tf,restaurant ka waiting time zyada hai,waiting time zyada hai restaurant ka,,,,6,6,0,6,1.0,True,2.6666666666666665,4.0,0.5333333333333333,4,0.4,0.6,2,True,False,False,2_switch,0.6042750794713536,0.9745253,0.9745253,0.9745253
106,food,EN-HN-EN-EN-HN-HN,3,2,"[1, 2]",base_es,restaurant ka waiting time zyada hai,zyada hai restaurant ka waiting time,,,,6,6,0,6,1.0,True,2.6666666666666665,4.0,0.5333333333333333,4,0.4,0.6,2,False,True,False,2_switch,0.6042750794713536,0.9680103,0.9680103,0.9680103
106,food,EN-HN-EN-EN-HN-HN,3,2,"[1, 2]",tf_es,waiting time zyada hai restaurant ka,zyada hai restaurant ka waiting time,,,,6,6,0,6,1.0,True,2.6666666666666665,4.0,0.5333333333333333,4,0.4,0.6,2,False,False,True,2_switch,0.6042750794713536,0.97194976,0.97194976,0.97194976
107,food,EN-HN-EN-HN-HN-HN,4,1,[1],base_tf,starter ka portion thoda chhota hai,portion thoda chhota hai starter ka,,,,6,6,0,6,1.0,True,2.6666666666666665,4.0,0.5333333333333333,4,0.2,0.8,1,True,False,False,1_switch,0.6042750794713536,0.976061,0.97606105,0.97606105
107,food,EN-HN-EN-HN-HN-HN,4,1,[1],base_es,starter ka portion thoda chhota hai,thoda chhota hai starter ka portion,,,,6,6,0,6,1.0,True,3.0,3.0,0.6,6,0.2,0.8,1,False,True,False,1_switch,0.3931466788228678,0.9547714,0.9547714,0.9547714
107,food,EN-HN-EN-HN-HN-HN,4,1,[1],tf_es,portion thoda chhota hai starter ka,thoda chhota hai starter ka portion,,,,6,6,0,6,1.0,True,1.6666666666666667,5.0,0.3333333333333333,2,0.2,0.8,1,False,False,True,1_switch,0.7952707287670506,0.9599308,0.9599307,0.9599307
108,food,EN-HN-EN-EN-EN-HN,3,3,"[1, 2, 3]",base_tf,menu ka digital version available hai,digital version available hai menu ka,,,,6,6,0,6,1.0,True,2.6666666666666665,4.0,0.5333333333333333,4,0.5,0.5,3,True,False,False,3plus_switch,0.6042750794713536,0.9638784,0.9638784,0.9638784
108,food,EN-HN-EN-EN-EN-HN,3,3,"[1, 2, 3]",base_es,menu ka digital version available hai,available hai menu ka digital version,,,,6,6,0,6,1.0,True,2.6666666666666665,4.0,0.5333333333333333,4,0.5,0.5,3,False,True,False,3plus_switch,0.6042750794713536,0.97528636,0.97528636,0.97528636
108,food,EN-HN-EN-EN-EN-HN,3,3,"[1, 2, 3]",tf_es,digital version available hai menu ka,available hai menu ka digital version,,,,6,6,0,6,1.0,True,2.6666666666666665,4.0,0.5333333333333333,4,0.5,0.5,3,False,False,True,3plus_switch,0.6042750794713536,0.96613824,0.96613824,0.96613824
109,food,EN-HN-EN-EN-HN-HN,3,2,"[1, 2]",base_tf,dessert ka sugar level kam rakho,sugar level kam rakho dessert ka,,,,6,6,0,6,1.0,True,2.6666666666666665,4.0,0.5333333333333333,4,0.4,0.6,2,True,False,False,2_switch,0.6042750794713536,0.9695519,0.96955186,0.96955186
109,food,EN-HN-EN-EN-HN-HN,3,2,"[1, 2]",base_es,dessert ka sugar level kam rakho,kam rakho dessert ka sugar level,,,,6,6,0,6,1.0,True,2.6666666666666665,4.0,0.5333333333333333,4,0.4,0.6,2,False,True,False,2_switch,0.6042750794713536,0.96280193,0.96280193,0.96280193
109,food,EN-HN-EN-EN-HN-HN,3,2,"[1, 2]",tf_es,sugar level kam rakho dessert ka,kam rakho dessert ka sugar level,,,,6,6,0,6,1.0,True,2.6666666666666665,4.0,0.5333333333333333,4,0.4,0.6,2,False,False,True,2_switch,0.6042750794713536,0.9671834,0.9671835,0.9671834
110,shopping,EN-EN-HN-EN-HN-HN,3,2,"[0, 1]",base_tf,online order ka packing loose tha,packing loose tha online order ka,,,,6,6,0,6,1.0,True,3.0,3.0,0.6,6,0.4,0.6,2,True,False,False,2_switch,0.3931466788228678,0.9667692,0.9667692,0.9667692
110,shopping,EN-EN-HN-EN-HN-HN,3,2,"[0, 1]",base_es,online order ka packing loose tha,loose tha online order ka packing,,,,6,6,0,6,1.0,True,2.6666666666666665,4.0,0.5333333333333333,4,0.4,0.6,2,False,True,False,2_switch,0.6042750794713536,0.9670541,0.9670541,0.9670542
110,shopping,EN-EN-HN-EN-HN-HN,3,2,"[0, 1]",tf_es,packing loose tha online order ka,loose tha online order ka packing,,,,6,6,0,6,1.0,True,1.6666666666666667,5.0,0.3333333333333333,2,0.4,0.6,2,False,False,True,2_switch,0.7952707287670506,0.9676831,0.9676831,0.9676831
111,shopping,EN-HN-EN-EN-HN-HN-HN,4,2,"[1, 2]",base_tf,wallet ka zip properly band nahi hua,zip properly band nahi hua wallet ka,,,,7,7,0,7,1.0,True,2.857142857142857,5.0,0.47619047619047616,4,0.3333333333333333,0.6666666666666666,2,True,False,False,2_switch,0.7071067811865476,0.96256787,0.96256787,0.96256787
111,shopping,EN-HN-EN-EN-HN-HN-HN,4,2,"[1, 2]",base_es,wallet ka zip properly band nahi hua,band nahi hua wallet ka zip properly,,,,7,7,0,7,1.0,True,3.4285714285714284,4.0,0.5714285714285714,6,0.3333333333333333,0.6666666666666666,2,False,True,False,2_switch,0.5946035575013605,0.94618666,0.94618666,0.94618666
111,shopping,EN-HN-EN-EN-HN-HN-HN,4,2,"[1, 2]",tf_es,zip properly band nahi hua wallet ka,band nahi hua wallet ka zip properly,,,,7,7,0,7,1.0,True,2.857142857142857,5.0,0.47619047619047616,4,0.3333333333333333,0.6666666666666666,2,False,False,True,2_switch,0.7071067811865476,0.9581672,0.9581672,0.9581672
112,shopping,EN-EN-HN-EN-EN-HN-HN,3,3,"[0, 1, 3]",base_tf,online sale ka notification miss ho gaya,sale ka notification miss ho gaya online,,,,7,7,0,7,1.0,True,1.7142857142857142,6.0,0.2857142857142857,2,0.5,0.5,3,True,False,False,3plus_switch,0.8408964152537146,0.96840394,0.96840394,0.96840394
112,shopping,EN-EN-HN-EN-EN-HN-HN,3,3,"[0, 1, 3]",base_es,online sale ka notification miss ho gaya,miss ho gaya online sale ka notification,,,,7,7,0,7,1.0,True,3.4285714285714284,4.0,0.5714285714285714,6,0.5,0.5,3,False,True,False,3plus_switch,0.5946035575013605,0.9469082,0.9469082,0.9469082
112,shopping,EN-EN-HN-EN-EN-HN-HN,3,3,"[0, 1, 3]",tf_es,sale ka notification miss ho gaya online,miss ho gaya online sale ka notification,,,,7,7,0,7,1.0,True,3.4285714285714284,4.0,0.5714285714285714,6,0.5,0.5,3,False,False,True,3plus_switch,0.5946035575013605,0.9495541,0.949554,0.949554
113,shopping,EN-HN-EN-EN-HN-HN-HN,3,2,"[1, 2]",base_tf,payment ka transaction failed dikha raha,transaction failed dikha raha payment ka,,,,6,6,0,6,1.0,True,2.6666666666666665,4.0,0.5333333333333333,4,0.4,0.6,2,True,False,False,2_switch,0.6042750794713536,0.9610404,0.9610404,0.9610404
113,shopping,EN-HN-EN-EN-HN-HN-HN,3,2,"[1, 2]",base_es,payment ka transaction failed dikha raha,failed dikha raha payment ka transaction,,,,6,6,0,6,1.0,True,3.0,3.0,0.6,6,0.4,0.6,2,False,True,False,2_switch,0.3931466788228678,0.9604964,0.9604964,0.9604964
113,shopping,EN-HN-EN-EN-HN-HN-HN,3,2,"[1, 2]",tf_es,transaction failed dikha raha payment ka,failed dikha raha payment ka transaction,,,,6,6,0,6,1.0,True,1.6666666666666667,5.0,0.3333333333333333,2,0.4,0.6,2,False,False,True,2_switch,0.7952707287670506,0.9764279,0.97642785,0.97642785
114,work,EN-HN-EN-EN-HN-HN,3,2,"[1, 2]",base_tf,meeting ka room number update hua,room number update hua meeting ka,,,,6,6,0,6,1.0,True,2.6666666666666665,4.0,0.5333333333333333,4,0.4,0.6,2,True,False,False,2_switch,0.6042750794713536,0.95603216,0.9560321,0.9560321
114,work,EN-HN-EN-EN-HN-HN,3,2,"[1, 2]",base_es,meeting ka room number update hua,update hua meeting ka room number,,,,6,6,0,6,1.0,True,2.6666666666666665,4.0,0.5333333333333333,4,0.4,0.6,2,False,True,False,2_switch,0.6042750794713536,0.9655801,0.9655801,0.9655801
114,work,EN-HN-EN-EN-HN-HN,3,2,"[1, 2]",tf_es,room number update hua meeting ka,update hua meeting ka room number,,,,6,6,0,6,1.0,True,2.6666666666666665,4.0,0.5333333333333333,4,0.4,0.6,2,False,False,True,2_switch,0.6042750794713536,0.9642878,0.9642878,0.9642878
115,work,EN-HN-EN-EN-HN-HN,3,2,"[1, 2]",base_tf,client ka feedback positive aa raha,feedback positive aa raha client ka,,,,6,6,0,6,1.0,True,2.6666666666666665,4.0,0.5333333333333333,4,0.4,0.6,2,True,False,False,2_switch,0.6042750794713536,0.9647081,0.9647081,0.9647081
115,work,EN-HN-EN-EN-HN-HN,3,2,"[1, 2]",base_es,client ka feedback positive aa raha,positive aa raha client ka feedback,,,,6,6,0,6,1.0,True,3.0,3.0,0.6,6,0.4,0.6,2,False,True,False,2_switch,0.3931466788228678,0.9603639,0.96036386,0.9603639
115,work,EN-HN-EN-EN-HN-HN,3,2,"[1, 2]",tf_es,feedback positive aa raha client ka,positive aa raha client ka feedback,,,,6,6,0,6,1.0,True,1.6666666666666667,5.0,0.3333333333333333,2,0.4,0.6,2,False,False,True,2_switch,0.7952707287670506,0.96616673,0.96616673,0.96616673
116,work,EN-HN-EN-EN-EN-HN,2,3,"[1, 2, 3]",base_tf,presentation ka slide order change karo,slide order change karo presentation ka,,,,6,6,0,6,1.0,True,2.6666666666666665,4.0,0.5333333333333333,4,0.6,0.4,3,True,False,False,3plus_switch,0.6042750794713536,0.9601573,0.9601573,0.9601573
116,work,EN-HN-EN-EN-EN-HN,2,3,"[1, 2, 3]",base_es,presentation ka slide order change karo,change karo presentation ka slide order,,,,6,6,0,6,1.0,True,2.6666666666666665,4.0,0.5333333333333333,4,0.6,0.4,3,False,True,False,3plus_switch,0.6042750794713536,0.96207273,0.96207273,0.96207273
116,work,EN-HN-EN-EN-EN-HN,2,3,"[1, 2, 3]",tf_es,slide order change karo presentation ka,change karo presentation ka slide order,,,,6,6,0,6,1.0,True,2.6666666666666665,4.0,0.5333333333333333,4,0.6,0.4,3,False,False,True,3plus_switch,0.6042750794713536,0.95511454,0.9551146,0.95511454
117,work,EN-HN-EN-HN-HN,3,1,[1],base_tf,office ka printer jam ho gaya,printer jam ho gaya office ka,,,,6,6,0,6,1.0,True,2.6666666666666665,4.0,0.5333333333333333,4,0.25,0.75,1,True,False,False,1_switch,0.6042750794713536,0.963046,0.963046,0.963046
117,work,EN-HN-EN-HN-HN,3,1,[1],base_es,office ka printer jam ho gaya,jam ho gaya office ka printer,,,,6,6,0,6,1.0,True,3.0,3.0,0.6,6,0.25,0.75,1,False,True,False,1_switch,0.3931466788228678,0.95997095,0.95997095,0.95997095
117,work,EN-HN-EN-HN-HN,3,1,[1],tf_es,printer jam ho gaya office ka,jam ho gaya office ka printer,,,,6,6,0,6,1.0,True,1.6666666666666667,5.0,0.3333333333333333,2,0.25,0.75,1,False,False,True,1_switch,0.7952707287670506,0.9690167,0.9690167,0.9690167
118,education,EN-HN-EN-EN-HN-HN-HN-HN,5,2,"[1, 2]",base_tf,lecture ka audio clearly sunai nahi de raha,audio clearly sunai nahi de raha lecture ka,,,,8,8,0,8,1.0,True,3.0,6.0,0.42857142857142855,4,0.2857142857142857,0.7142857142857143,2,True,False,False,2_switch,0.7652058832556895,0.96401453,0.96401453,0.96401453
118,education,EN-HN-EN-EN-HN-HN-HN-HN,5,2,"[1, 2]",base_es,lecture ka audio clearly sunai nahi de raha,sunai nahi de raha lecture ka audio clearly,,,,8,8,0,8,1.0,True,4.0,4.0,0.5714285714285714,8,0.2857142857142857,0.7142857142857143,2,False,True,False,2_switch,0.691441569283882,0.94898313,0.94898313,0.94898313
118,education,EN-HN-EN-EN-HN-HN-HN-HN,5,2,"[1, 2]",tf_es,audio clearly sunai nahi de raha lecture ka,sunai nahi de raha lecture ka audio clearly,,,,8,8,0,8,1.0,True,3.0,6.0,0.42857142857142855,4,0.2857142857142857,0.7142857142857143,2,False,False,True,2_switch,0.7652058832556895,0.9680432,0.96804327,0.96804327
119,education,EN-HN-EN-EN-EN-HN,2,3,"[1, 2, 3]",base_tf,assignment ka format properly follow karo,format properly follow karo assignment ka,,,,6,6,0,6,1.0,True,2.6666666666666665,4.0,0.5333333333333333,4,0.6,0.4,3,True,False,False,3plus_switch,0.6042750794713536,0.9515971,0.9515971,0.9515971
119,education,EN-HN-EN-EN-EN-HN,2,3,"[1, 2, 3]",base_es,assignment ka format properly follow karo,follow karo assignment ka format properly,,,,6,6,0,6,1.0,True,2.6666666666666665,4.0,0.5333333333333333,4,0.6,0.4,3,False,True,False,3plus_switch,0.6042750794713536,0.95425665,0.95425665,0.95425665
119,education,EN-HN-EN-EN-EN-HN,2,3,"[1, 2, 3]",tf_es,format properly follow karo assignment ka,follow karo assignment ka format properly,,,,6,6,0,6,1.0,True,2.6666666666666665,4.0,0.5333333333333333,4,0.6,0.4,3,False,False,True,3plus_switch,0.6042750794713536,0.9663684,0.96636844,0.9663684
120,education,EN-HN-EN-EN-HN-HN,3,2,"[1, 2]",base_tf,exam ka seating arrangement change hua,seating arrangement change hua exam ka,,,,6,6,0,6,1.0,True,2.6666666666666665,4.0,0.5333333333333333,4,0.4,0.6,2,True,False,False,2_switch,0.6042750794713536,0.93932,0.9412719,0.940295
120,education,EN-HN-EN-EN-HN-HN,3,2,"[1, 2]",base_es,exam ka seating arrangement change hua,change hua exam ka seating arrangement,,,,6,6,0,6,1.0,True,2.6666666666666665,4.0,0.5333333333333333,4,0.4,0.6,2,False,True,False,2_switch,0.6042750794713536,0.9485952,0.9487174,0.9486563
120,education,EN-HN-EN-EN-HN-HN,3,2,"[1, 2]",tf_es,seating arrangement change hua exam ka,change hua exam ka seating arrangement,,,,6,6,0,6,1.0,True,2.6666666666666665,4.0,0.5333333333333333,4,0.4,0.6,2,False,False,True,2_switch,0.6042750794713536,0.9531495,0.95314956,0.9531495
121,education,EN-HN-EN-EN-HN-HN-HN,4,2,"[1, 2]",base_tf,library ka reading room silent hona chahiye,reading room silent hona chahiye library ka,,,,7,7,0,7,1.0,True,2.857142857142857,5.0,0.47619047619047616,4,0.3333333333333333,0.6666666666666666,2,True,False,False,2_switch,0.7071067811865476,0.9699627,0.9699627,0.9699627
121,education,EN-HN-EN-EN-HN-HN-HN,4,2,"[1, 2]",base_es,library ka reading room silent hona chahiye,silent hona chahiye library ka reading room,,,,7,7,0,7,1.0,True,3.4285714285714284,4.0,0.5714285714285714,6,0.3333333333333333,0.6666666666666666,2,False,True,False,2_switch,0.5946035575013605,0.9677686,0.9677686,0.9677686
121,education,EN-HN-EN-EN-HN-HN-HN,4,2,"[1, 2]",tf_es,reading room silent hona chahiye library ka,silent hona chahiye library ka reading room,,,,7,7,0,7,1.0,True,2.857142857142857,5.0,0.47619047619047616,4,0.3333333333333333,0.6666666666666666,2,False,False,True,2_switch,0.7071067811865476,0.9723257,0.9723257,0.9723257
122,education,EN-HN-EN-HN-HN-HN-HN,5,1,[1],base_tf,notes ka handwriting samajh nahi aa raha,handwriting samajh nahi aa raha notes ka,,,,7,7,0,7,1.0,True,2.857142857142857,5.0,0.47619047619047616,4,0.16666666666666666,0.8333333333333334,1,True,False,False,1_switch,0.7071067811865476,0.9742395,0.97423947,0.9742395
122,education,EN-HN-EN-HN-HN-HN-HN,5,1,[1],base_es,notes ka handwriting samajh nahi aa raha,samajh nahi aa raha notes ka handwriting,,,,7,7,0,7,1.0,True,3.4285714285714284,4.0,0.5714285714285714,6,0.16666666666666666,0.8333333333333334,1,False,True,False,1_switch,0.5946035575013605,0.961965,0.9619651,0.961965
122,education,EN-HN-EN-HN-HN-HN-HN,5,1,[1],tf_es,handwriting samajh nahi aa raha notes ka,samajh nahi aa raha notes ka handwriting,,,,7,7,0,7,1.0,True,1.7142857142857142,6.0,0.2857142857142857,2,0.16666666666666666,0.8333333333333334,1,False,False,True,1_switch,0.8408964152537146,0.97437847,0.97437847,0.97437847
123,education,EN-EN-HN-EN-HN-HN,3,2,"[0, 1]",base_tf,online class ka attendance mark hua,attendance mark hua online class ka,,,,6,6,0,6,1.0,True,3.0,3.0,0.6,6,0.4,0.6,2,True,False,False,2_switch,0.3931466788228678,0.93924105,0.93924105,0.93924105
123,education,EN-EN-HN-EN-HN-HN,3,2,"[0, 1]",base_es,online class ka attendance mark hua,mark hua online class ka attendance,,,,6,6,0,6,1.0,True,2.6666666666666665,4.0,0.5333333333333333,4,0.4,0.6,2,False,True,False,2_switch,0.6042750794713536,0.9442302,0.9442302,0.9442302
123,education,EN-EN-HN-EN-HN-HN,3,2,"[0, 1]",tf_es,attendance mark hua online class ka,mark hua online class ka attendance,,,,6,6,0,6,1.0,True,1.6666666666666667,5.0,0.3333333333333333,2,0.4,0.6,2,False,False,True,2_switch,0.7952707287670506,0.95386064,0.95386064,0.95386064
124,education,EN-HN-EN-EN-HN,2,2,"[1, 2]",base_tf,teacher ka feedback useful laga,feedback useful laga teacher ka,,,,5,5,0,5,1.0,True,2.4,3.0,0.6,4,0.5,0.5,2,True,False,False,2_switch,0.3766136530980537,0.95965666,0.9596567,0.95965666
124,education,EN-HN-EN-EN-HN,2,2,"[1, 2]",base_es,teacher ka feedback useful laga,useful laga teacher ka feedback,,,,5,5,0,5,1.0,True,2.4,3.0,0.6,4,0.5,0.5,2,False,True,False,2_switch,0.3766136530980537,0.9603789,0.9603789,0.9603789
124,education,EN-HN-EN-EN-HN,2,2,"[1, 2]",tf_es,feedback useful laga teacher ka,useful laga teacher ka feedback,,,,5,5,0,5,1.0,True,1.6,4.0,0.4,2,0.5,0.5,2,False,False,True,2_switch,0.7071067811865476,0.96655035,0.9665504,0.9665504
125,education,EN-HN-EN-EN-HN,2,2,"[1, 2]",base_tf,exam ka paper lengthy tha,paper lengthy tha exam ka,,,,5,5,0,5,1.0,True,2.4,3.0,0.6,4,0.5,0.5,2,True,False,False,2_switch,0.3766136530980537,0.96574646,0.96574646,0.96574646
125,education,EN-HN-EN-EN-HN,2,2,"[1, 2]",base_es,exam ka paper lengthy tha,lengthy tha exam ka paper,,,,5,5,0,5,1.0,True,2.4,3.0,0.6,4,0.5,0.5,2,False,True,False,2_switch,0.3766136530980537,0.9633603,0.9633603,0.9633603
125,education,EN-HN-EN-EN-HN,2,2,"[1, 2]",tf_es,paper lengthy tha exam ka,lengthy tha exam ka paper,,,,5,5,0,5,1.0,True,1.6,4.0,0.4,2,0.5,0.5,2,False,False,True,2_switch,0.7071067811865476,0.9716139,0.9716139,0.9716139
126,education,EN-HN-EN-EN-HN-HN,3,2,"[1, 2]",base_tf,hostel ka wifi slow chal raha,wifi slow chal raha hostel ka,,,,6,6,0,6,1.0,True,2.6666666666666665,4.0,0.5333333333333333,4,0.4,0.6,2,True,False,False,2_switch,0.6042750794713536,0.9703623,0.9703623,0.9703623
126,education,EN-HN-EN-EN-HN-HN,3,2,"[1, 2]",base_es,hostel ka wifi slow chal raha,slow chal raha hostel ka wifi,,,,6,6,0,6,1.0,True,3.0,3.0,0.6,6,0.4,0.6,2,False,True,False,2_switch,0.3931466788228678,0.9628817,0.9628817,0.9628817
126,education,EN-HN-EN-EN-HN-HN,3,2,"[1, 2]",tf_es,wifi slow chal raha hostel ka,slow chal raha hostel ka wifi,,,,6,6,0,6,1.0,True,1.6666666666666667,5.0,0.3333333333333333,2,0.4,0.6,2,False,False,True,2_switch,0.7952707287670506,0.9785701,0.9785701,0.9785701
127,education,EN-HN-EN-EN-HN,2,2,"[1, 2]",base_tf,canteen ka menu update hua,menu update hua canteen ka,,,,5,5,0,5,1.0,True,2.4,3.0,0.6,4,0.5,0.5,2,True,False,False,2_switch,0.3766136530980537,0.96001506,0.96001506,0.96001506
127,education,EN-HN-EN-EN-HN,2,2,"[1, 2]",base_es,canteen ka menu update hua,update hua canteen ka menu,,,,5,5,0,5,1.0,True,2.4,3.0,0.6,4,0.5,0.5,2,False,True,False,2_switch,0.3766136530980537,0.9574382,0.95743823,0.9574382
127,education,EN-HN-EN-EN-HN,2,2,"[1, 2]",tf_es,menu update hua canteen ka,update hua canteen ka menu,,,,5,5,0,5,1.0,True,1.6,4.0,0.4,2,0.5,0.5,2,False,False,True,2_switch,0.7071067811865476,0.9682511,0.96815133,0.96820116
128,education,EN-HN-EN-EN-HN,2,2,"[1, 2]",base_tf,assignment ka plagiarism check hua,plagiarism check hua assignment ka,,,,5,5,0,5,1.0,True,2.4,3.0,0.6,4,0.5,0.5,2,True,False,False,2_switch,0.3766136530980537,0.9584683,0.9584683,0.9584683
128,education,EN-HN-EN-EN-HN,2,2,"[1, 2]",base_es,assignment ka plagiarism check hua,check hua assignment ka plagiarism,,,,5,5,0,5,1.0,True,2.4,3.0,0.6,4,0.5,0.5,2,False,True,False,2_switch,0.3766136530980537,0.9595141,0.9595141,0.9595141
128,education,EN-HN-EN-EN-HN,2,2,"[1, 2]",tf_es,plagiarism check hua assignment ka,check hua assignment ka plagiarism,,,,5,5,0,5,1.0,True,1.6,4.0,0.4,2,0.5,0.5,2,False,False,True,2_switch,0.7071067811865476,0.96297556,0.96297556,0.96297556
129,education,EN-HN-EN-HN-HN-HN-HN,4,1,[1],base_tf,class ka projector kaam nahi kar raha,projector kaam nahi kar raha class ka,,,,7,7,0,7,1.0,True,2.857142857142857,5.0,0.47619047619047616,4,0.2,0.8,1,True,False,False,1_switch,0.7071067811865476,0.95214486,0.94673485,0.9494321
129,education,EN-HN-EN-HN-HN-HN-HN,4,1,[1],base_es,class ka projector kaam nahi kar raha,kaam nahi kar raha class ka projector,,,,7,7,0,7,1.0,True,3.4285714285714284,4.0,0.5714285714285714,6,0.2,0.8,1,False,True,False,1_switch,0.5946035575013605,0.9482717,0.9482717,0.9482717
129,education,EN-HN-EN-HN-HN-HN-HN,4,1,[1],tf_es,projector kaam nahi kar raha class ka,kaam nahi kar raha class ka projector,,,,7,7,0,7,1.0,True,1.7142857142857142,6.0,0.2857142857142857,2,0.2,0.8,1,False,False,True,1_switch,0.8408964152537146,0.9630515,0.9630515,0.9630515
130,education,EN-HN-EN-EN-HN-HN-HN,4,2,"[1, 2]",base_tf,syllabus ka revision plan bana lete hain,revision plan bana lete hain syllabus ka,,,,7,7,0,7,1.0,True,2.857142857142857,5.0,0.47619047619047616,4,0.3333333333333333,0.6666666666666666,2,True,False,False,2_switch,0.7071067811865476,0.9698889,0.96988887,0.96988887
130,education,EN-HN-EN-EN-HN-HN-HN,4,2,"[1, 2]",base_es,syllabus ka revision plan bana lete hain,bana lete hain syllabus ka revision plan,,,,7,7,0,7,1.0,True,3.4285714285714284,4.0,0.5714285714285714,6,0.3333333333333333,0.6666666666666666,2,False,True,False,2_switch,0.5946035575013605,0.9716084,0.9716084,0.9716084
130,education,EN-HN-EN-EN-HN-HN-HN,4,2,"[1, 2]",tf_es,revision plan bana lete hain syllabus ka,bana lete hain syllabus ka revision plan,,,,7,7,0,7,1.0,True,2.857142857142857,5.0,0.47619047619047616,4,0.3333333333333333,0.6666666666666666,2,False,False,True,2_switch,0.7071067811865476,0.97683436,0.97683436,0.97683436
131,household,EN-HN-EN-HN-HN,3,1,[1],base_tf,room ka fan noise kar raha,fan noise kar raha room ka,,,,6,6,0,6,1.0,True,2.6666666666666665,4.0,0.5333333333333333,4,0.25,0.75,1,True,False,False,1_switch,0.6042750794713536,0.9500856,0.9500856,0.9500856
131,household,EN-HN-EN-HN-HN,3,1,[1],base_es,room ka fan noise kar raha,noise kar raha room ka fan,,,,6,6,0,6,1.0,True,3.0,3.0,0.6,6,0.25,0.75,1,False,True,False,1_switch,0.3931466788228678,0.95249945,0.9524994,0.9524995
131,household,EN-HN-EN-HN-HN,3,1,[1],tf_es,fan noise kar raha room ka,noise kar raha room ka fan,,,,6,6,0,6,1.0,True,1.6666666666666667,5.0,0.3333333333333333,2,0.25,0.75,1,False,False,True,1_switch,0.7952707287670506,0.9649861,0.9649861,0.9649861
132,household,EN-HN-EN-HN-HN-HN-HN,4,1,[1],base_tf,bathroom ka geyser warm nahi ho raha,geyser warm nahi ho raha bathroom ka,,,,7,7,0,7,1.0,True,2.857142857142857,5.0,0.47619047619047616,4,0.2,0.8,1,True,False,False,1_switch,0.7071067811865476,0.973063,0.973063,0.973063
132,household,EN-HN-EN-HN-HN-HN-HN,4,1,[1],base_es,bathroom ka geyser warm nahi ho raha,warm nahi ho raha bathroom ka geyser,,,,7,7,0,7,1.0,True,3.4285714285714284,4.0,0.5714285714285714,6,0.2,0.8,1,False,True,False,1_switch,0.5946035575013605,0.966655,0.966655,0.966655
132,household,EN-HN-EN-HN-HN-HN-HN,4,1,[1],tf_es,geyser warm nahi ho raha bathroom ka,warm nahi ho raha bathroom ka geyser,,,,7,7,0,7,1.0,True,1.7142857142857142,6.0,0.2857142857142857,2,0.2,0.8,1,False,False,True,1_switch,0.8408964152537146,0.96969914,0.96969914,0.96969914
133,household,EN-EN-EN-HN-HN,2,3,"[0, 1, 2]",base_tf,washing machine ka timer set karo,timer set karo washing machine ka,,,,6,6,0,6,1.0,True,3.0,3.0,0.6,6,0.6,0.4,3,True,False,False,3plus_switch,0.3931466788228678,0.95350325,0.95350325,0.95350325
133,household,EN-EN-EN-HN-HN,2,3,"[0, 1, 2]",base_es,washing machine ka timer set karo,set karo washing machine ka timer,,,,6,6,0,6,1.0,True,2.6666666666666665,4.0,0.5333333333333333,4,0.6,0.4,3,False,True,False,3plus_switch,0.6042750794713536,0.9632641,0.96326417,0.96326417
133,household,EN-EN-EN-HN-HN,2,3,"[0, 1, 2]",tf_es,timer set karo washing machine ka,set karo washing machine ka timer,,,,6,6,0,6,1.0,True,1.6666666666666667,5.0,0.3333333333333333,2,0.6,0.4,3,False,False,True,3plus_switch,0.7952707287670506,0.97083163,0.97083163,0.97083163
134,household,EN-HN-EN-HN-EN-HN,3,2,"[1, 4]",base_tf,balcony ka door properly band karo,door properly band karo balcony ka,,,,6,6,0,6,1.0,True,2.6666666666666665,4.0,0.5333333333333333,4,0.4,0.6,2,True,False,False,2_switch,0.6042750794713536,0.94998485,0.9499849,0.94998485
134,household,EN-HN-EN-HN-EN-HN,3,2,"[1, 4]",base_es,balcony ka door properly band karo,band karo balcony ka door properly,,,,6,6,0,6,1.0,True,2.6666666666666665,4.0,0.5333333333333333,4,0.4,0.6,2,False,True,False,2_switch,0.6042750794713536,0.9571141,0.956136,0.95662475
134,household,EN-HN-EN-HN-EN-HN,3,2,"[1, 4]",tf_es,door properly band karo balcony ka,band karo balcony ka door properly,,,,6,6,0,6,1.0,True,2.6666666666666665,4.0,0.5333333333333333,4,0.4,0.6,2,False,False,True,2_switch,0.6042750794713536,0.9541422,0.95365393,0.953898
135,household,EN-HN-EN-EN-EN-HN-HN,2,3,"[2, 3, 4]",base_tf,gas cylinder ka refill book kar do,refill book kar do gas cylinder ka,,,,7,7,0,7,1.0,True,3.4285714285714284,4.0,0.5714285714285714,6,0.6,0.4,3,True,False,False,3plus_switch,0.5946035575013605,0.95224917,0.95224917,0.95224917
135,household,EN-HN-EN-EN-EN-HN-HN,2,3,"[2, 3, 4]",base_es,gas cylinder ka refill book kar do,book kar do gas cylinder ka refill,,,,7,7,0,7,1.0,True,3.4285714285714284,4.0,0.5714285714285714,6,0.6,0.4,3,False,True,False,3plus_switch,0.5946035575013605,0.9626709,0.9626709,0.9626709
135,household,EN-HN-EN-EN-EN-HN-HN,2,3,"[2, 3, 4]",tf_es,refill book kar do gas cylinder ka,book kar do gas cylinder ka refill,,,,7,7,0,7,1.0,True,1.7142857142857142,6.0,0.2857142857142857,2,0.6,0.4,3,False,False,True,3plus_switch,0.8408964152537146,0.96453196,0.964532,0.96453196
136,household,EN-HN-EN-EN-HN-HN,3,2,"[1, 2]",base_tf,clock ka alarm disable kar dena,alarm disable kar dena clock ka,,,,6,6,0,6,1.0,True,2.6666666666666665,4.0,0.5333333333333333,4,0.4,0.6,2,True,False,False,2_switch,0.6042750794713536,0.9577997,0.9577997,0.9577997
136,household,EN-HN-EN-EN-HN-HN,3,2,"[1, 2]",base_es,clock ka alarm disable kar dena,disable kar dena clock ka alarm,,,,6,6,0,6,1.0,True,3.0,3.0,0.6,6,0.4,0.6,2,False,True,False,2_switch,0.3931466788228678,0.960103,0.960103,0.96010303
136,household,EN-HN-EN-EN-HN-HN,3,2,"[1, 2]",tf_es,alarm disable kar dena clock ka,disable kar dena clock ka alarm,,,,6,6,0,6,1.0,True,1.6666666666666667,5.0,0.3333333333333333,2,0.4,0.6,2,False,False,True,2_switch,0.7952707287670506,0.97505903,0.9750591,0.9750591
137,household,EN-HN-EN-HN-HN-HN,4,1,[1],base_tf,bed ka sheet wash karna reh gaya,sheet wash karna reh gaya bed ka,,,,7,7,0,7,1.0,True,2.857142857142857,5.0,0.47619047619047616,4,0.2,0.8,1,True,False,False,1_switch,0.7071067811865476,0.949883,0.949883,0.949883
137,household,EN-HN-EN-HN-HN-HN,4,1,[1],base_es,bed ka sheet wash karna reh gaya,wash karna reh gaya bed ka sheet,,,,7,7,0,7,1.0,True,3.4285714285714284,4.0,0.5714285714285714,6,0.2,0.8,1,False,True,False,1_switch,0.5946035575013605,0.9469612,0.9469612,0.9469612
137,household,EN-HN-EN-HN-HN-HN,4,1,[1],tf_es,sheet wash karna reh gaya bed ka,wash karna reh gaya bed ka sheet,,,,7,7,0,7,1.0,True,1.7142857142857142,6.0,0.2857142857142857,2,0.2,0.8,1,False,False,True,1_switch,0.8408964152537146,0.96899605,0.96541345,0.9672015
138,household,EN-HN-EN-EN-HN-HN,3,2,"[1, 2]",base_tf,doorbell ka sound low lag raha,sound low lag raha doorbell ka,,,,6,6,0,6,1.0,True,2.6666666666666665,4.0,0.5333333333333333,4,0.4,0.6,2,True,False,False,2_switch,0.6042750794713536,0.9532566,0.9532566,0.9532566
138,household,EN-HN-EN-EN-HN-HN,3,2,"[1, 2]",base_es,doorbell ka sound low lag raha,low lag raha doorbell ka sound,,,,6,6,0,6,1.0,True,3.0,3.0,0.6,6,0.4,0.6,2,False,True,False,2_switch,0.3931466788228678,0.96002936,0.96002936,0.96002936
138,household,EN-HN-EN-EN-HN-HN,3,2,"[1, 2]",tf_es,sound low lag raha doorbell ka,low lag raha doorbell ka sound,,,,6,6,0,6,1.0,True,1.6666666666666667,5.0,0.3333333333333333,2,0.4,0.6,2,False,False,True,2_switch,0.7952707287670506,0.9770384,0.9770384,0.9770384
139,household,EN-HN-EN-EN-HN-HN,3,2,"[1, 2]",base_tf,sofa ka cushion replace karna padega,cushion replace karna padega sofa ka,,,,6,6,0,6,1.0,True,2.6666666666666665,4.0,0.5333333333333333,4,0.4,0.6,2,True,False,False,2_switch,0.6042750794713536,0.9703253,0.9703253,0.9703253
139,household,EN-HN-EN-EN-HN-HN,3,2,"[1, 2]",base_es,sofa ka cushion replace karna padega,replace karna padega sofa ka cushion,,,,6,6,0,6,1.0,True,3.0,3.0,0.6,6,0.4,0.6,2,False,True,False,2_switch,0.3931466788228678,0.96303815,0.9630381,0.96303815
139,household,EN-HN-EN-EN-HN-HN,3,2,"[1, 2]",tf_es,cushion replace karna padega sofa ka,replace karna padega sofa ka cushion,,,,6,6,0,6,1.0,True,1.6666666666666667,5.0,0.3333333333333333,2,0.4,0.6,2,False,False,True,2_switch,0.7952707287670506,0.96179444,0.9617944,0.96179444
140,household,EN-HN-EN-EN-HN-HN,3,2,"[1, 2]",base_tf,table ka leg loose ho gaya,leg loose ho gaya table ka,,,,6,6,0,6,1.0,True,2.6666666666666665,4.0,0.5333333333333333,4,0.4,0.6,2,True,False,False,2_switch,0.6042750794713536,0.95191836,0.95191836,0.95191836
140,household,EN-HN-EN-EN-HN-HN,3,2,"[1, 2]",base_es,table ka leg loose ho gaya,loose ho gaya table ka leg,,,,6,6,0,6,1.0,True,3.0,3.0,0.6,6,0.4,0.6,2,False,True,False,2_switch,0.3931466788228678,0.9512098,0.95120984,0.95120984
140,household,EN-HN-EN-EN-HN-HN,3,2,"[1, 2]",tf_es,leg loose ho gaya table ka,loose ho gaya table ka leg,,,,6,6,0,6,1.0,True,1.6666666666666667,5.0,0.3333333333333333,2,0.4,0.6,2,False,False,True,2_switch,0.7952707287670506,0.9697909,0.9697909,0.9697909
141,digital,EN-HN-EN-EN-HN-HN-HN,4,2,"[1, 2]",base_tf,app ka login error baar baar aa raha,login error baar baar aa raha app ka,,,,8,8,0,7,1.0,True,3.0,6.0,0.42857142857142855,4,0.3333333333333333,0.6666666666666666,2,True,False,False,2_switch,0.7652058832556895,0.9642603,0.9642602,0.9642603
141,digital,EN-HN-EN-EN-HN-HN-HN,4,2,"[1, 2]",base_es,app ka login error baar baar aa raha,baar baar aa raha app ka login error,,,,8,8,0,7,1.0,True,4.0,4.0,0.5714285714285714,8,0.3333333333333333,0.6666666666666666,2,False,True,False,2_switch,0.691441569283882,0.94182014,0.9385176,0.940166
141,digital,EN-HN-EN-EN-HN-HN-HN,4,2,"[1, 2]",tf_es,login error baar baar aa raha app ka,baar baar aa raha app ka login error,,,,8,8,0,7,1.0,True,3.0,6.0,0.42857142857142855,4,0.3333333333333333,0.6666666666666666,2,False,False,True,2_switch,0.7652058832556895,0.96690917,0.9640141,0.96545947
142,digital,EN-HN-EN-HN-HN-HN,4,1,[1],base_tf,phone ka camera focus nahi kar raha,camera focus nahi kar raha phone ka,,,,7,7,0,7,1.0,True,2.857142857142857,5.0,0.47619047619047616,4,0.2,0.8,1,True,False,False,1_switch,0.7071067811865476,0.9714213,0.9714212,0.97142124
142,digital,EN-HN-EN-HN-HN-HN,4,1,[1],base_es,phone ka camera focus nahi kar raha,focus nahi kar raha phone ka camera,,,,7,7,0,7,1.0,True,3.4285714285714284,4.0,0.5714285714285714,6,0.2,0.8,1,False,True,False,1_switch,0.5946035575013605,0.96771944,0.96771944,0.96771944
142,digital,EN-HN-EN-HN-HN-HN,4,1,[1],tf_es,camera focus nahi kar raha phone ka,focus nahi kar raha phone ka camera,,,,7,7,0,7,1.0,True,1.7142857142857142,6.0,0.2857142857142857,2,0.2,0.8,1,False,False,True,1_switch,0.8408964152537146,0.97929215,0.97929215,0.97929215
143,digital,EN-HN-EN-EN-EN-HN,2,3,"[1, 2, 3]",base_tf,system ka update automatically install hua,update automatically install hua system ka,,,,6,6,0,6,1.0,True,2.6666666666666665,4.0,0.5333333333333333,4,0.6,0.4,3,True,False,False,3plus_switch,0.6042750794713536,0.9573569,0.9573569,0.9573569
143,digital,EN-HN-EN-EN-EN-HN,2,3,"[1, 2, 3]",base_es,system ka update automatically install hua,automatically install hua system ka update,,,,6,6,0,6,1.0,True,3.0,3.0,0.6,6,0.6,0.4,3,False,True,False,3plus_switch,0.3931466788228678,0.96259093,0.96259093,0.96259093
143,digital,EN-HN-EN-EN-EN-HN,2,3,"[1, 2, 3]",tf_es,update automatically install hua system ka,automatically install hua system ka update,,,,6,6,0,6,1.0,True,1.6666666666666667,5.0,0.3333333333333333,2,0.6,0.4,3,False,False,True,3plus_switch,0.7952707287670506,0.97864676,0.97864676,0.97864676
144,digital,EN-HN-EN-EN-HN-HN,3,2,"[1, 2]",base_tf,email ka spam filter strict ho gaya,spam filter strict ho gaya email ka,,,,7,7,0,7,1.0,True,2.857142857142857,5.0,0.47619047619047616,4,0.4,0.6,2,True,False,False,2_switch,0.7071067811865476,0.9582144,0.95821434,0.95821434
144,digital,EN-HN-EN-EN-HN-HN,3,2,"[1, 2]",base_es,email ka spam filter strict ho gaya,strict ho gaya email ka spam filter,,,,7,7,0,7,1.0,True,3.4285714285714284,4.0,0.5714285714285714,6,0.4,0.6,2,False,True,False,2_switch,0.5946035575013605,0.95581186,0.9558118,0.9558118
144,digital,EN-HN-EN-EN-HN-HN,3,2,"[1, 2]",tf_es,spam filter strict ho gaya email ka,strict ho gaya email ka spam filter,,,,7,7,0,7,1.0,True,2.857142857142857,5.0,0.47619047619047616,4,0.4,0.6,2,False,False,True,2_switch,0.7071067811865476,0.9577104,0.9577104,0.9577104
145,digital,EN-HN-EN-EN-EN-HN,2,3,"[1, 2, 3]",base_tf,browser ka cache clear kar do,cache clear kar do browser ka,,,,6,6,0,6,1.0,True,2.6666666666666665,4.0,0.5333333333333333,4,0.6,0.4,3,True,False,False,3plus_switch,0.6042750794713536,0.968169,0.968169,0.968169
145,digital,EN-HN-EN-EN-EN-HN,2,3,"[1, 2, 3]",base_es,browser ka cache clear kar do,clear kar do browser ka cache,,,,6,6,0,6,1.0,True,3.0,3.0,0.6,6,0.6,0.4,3,False,True,False,3plus_switch,0.3931466788228678,0.9684427,0.9684427,0.9684427
145,digital,EN-HN-EN-EN-EN-HN,2,3,"[1, 2, 3]",tf_es,cache clear kar do browser ka,clear kar do browser ka cache,,,,6,6,0,6,1.0,True,1.6666666666666667,5.0,0.3333333333333333,2,0.6,0.4,3,False,False,True,3plus_switch,0.7952707287670506,0.97205657,0.97205657,0.97205657
146,digital,EN-HN-EN-EN-HN-HN,3,2,"[1, 2]",base_tf,phone ka screen protector crack ho gaya,screen protector crack ho gaya phone ka,,,,7,7,0,7,1.0,True,2.857142857142857,5.0,0.47619047619047616,4,0.4,0.6,2,True,False,False,2_switch,0.7071067811865476,0.96059227,0.9605923,0.9605923
146,digital,EN-HN-EN-EN-HN-HN,3,2,"[1, 2]",base_es,phone ka screen protector crack ho gaya,crack ho gaya phone ka screen protector,,,,7,7,0,7,1.0,True,3.4285714285714284,4.0,0.5714285714285714,6,0.4,0.6,2,False,True,False,2_switch,0.5946035575013605,0.9573015,0.9573015,0.9573015
146,digital,EN-HN-EN-EN-HN-HN,3,2,"[1, 2]",tf_es,screen protector crack ho gaya phone ka,crack ho gaya phone ka screen protector,,,,7,7,0,7,1.0,True,2.857142857142857,5.0,0.47619047619047616,4,0.4,0.6,2,False,False,True,2_switch,0.7071067811865476,0.96929765,0.9692977,0.9692977
147,digital,EN-HN-EN-EN-HN-HN,3,2,"[1, 2]",base_tf,notification ka sound customize karna hai,sound customize karna hai notification ka,,,,6,6,0,6,1.0,True,2.6666666666666665,4.0,0.5333333333333333,4,0.4,0.6,2,True,False,False,2_switch,0.6042750794713536,0.9688728,0.9688728,0.96887285
147,digital,EN-HN-EN-EN-HN-HN,3,2,"[1, 2]",base_es,notification ka sound customize karna hai,customize karna hai notification ka sound,,,,6,6,0,6,1.0,True,3.0,3.0,0.6,6,0.4,0.6,2,False,True,False,2_switch,0.3931466788228678,0.96800625,0.96800625,0.96800625
147,digital,EN-HN-EN-EN-HN-HN,3,2,"[1, 2]",tf_es,sound customize karna hai notification ka,customize karna hai notification ka sound,,,,6,6,0,6,1.0,True,1.6666666666666667,5.0,0.3333333333333333,2,0.4,0.6,2,False,False,True,2_switch,0.7952707287670506,0.9732641,0.97326404,0.97326404
148,digital,EN-EN-HN-EN-HN-HN,3,2,"[0, 1]",base_tf,video call ka audio delay ho raha,audio delay ho raha video call ka,,,,7,7,0,7,1.0,True,3.4285714285714284,4.0,0.5714285714285714,6,0.4,0.6,2,True,False,False,2_switch,0.5946035575013605,0.96411264,0.96411264,0.96411264
148,digital,EN-EN-HN-EN-HN-HN,3,2,"[0, 1]",base_es,video call ka audio delay ho raha,delay ho raha video call ka audio,,,,7,7,0,7,1.0,True,3.4285714285714284,4.0,0.5714285714285714,6,0.4,0.6,2,False,True,False,2_switch,0.5946035575013605,0.9542445,0.9542445,0.9542445
148,digital,EN-EN-HN-EN-HN-HN,3,2,"[0, 1]",tf_es,audio delay ho raha video call ka,delay ho raha video call ka audio,,,,7,7,0,7,1.0,True,1.7142857142857142,6.0,0.2857142857142857,2,0.4,0.6,2,False,False,True,2_switch,0.8408964152537146,0.9705473,0.9705473,0.9705473
149,digital,EN-HN-EN-EN-HN-HN,3,2,"[1, 2]",base_tf,cloud ka backup incomplete dikh raha,backup incomplete dikh raha cloud ka,,,,6,6,0,6,1.0,True,2.6666666666666665,4.0,0.5333333333333333,4,0.4,0.6,2,True,False,False,2_switch,0.6042750794713536,0.96151334,0.96151334,0.96151334
149,digital,EN-HN-EN-EN-HN-HN,3,2,"[1, 2]",base_es,cloud ka backup incomplete dikh raha,incomplete dikh raha cloud ka backup,,,,6,6,0,6,1.0,True,3.0,3.0,0.6,6,0.4,0.6,2,False,True,False,2_switch,0.3931466788228678,0.95815504,0.95815504,0.95815504
149,digital,EN-HN-EN-EN-HN-HN,3,2,"[1, 2]",tf_es,backup incomplete dikh raha cloud ka,incomplete dikh raha cloud ka backup,,,,6,6,0,6,1.0,True,1.6666666666666667,5.0,0.3333333333333333,2,0.4,0.6,2,False,False,True,2_switch,0.7952707287670506,0.9683634,0.9683634,0.9683634
150,digital,EN-HN-EN-EN-EN-HN,2,3,"[1, 2, 3]",base_tf,server ka response time slow hai,response time slow hai server ka,,,,6,6,0,6,1.0,True,2.6666666666666665,4.0,0.5333333333333333,4,0.6,0.4,3,True,False,False,3plus_switch,0.6042750794713536,0.9648253,0.9648253,0.9648253
150,digital,EN-HN-EN-EN-EN-HN,2,3,"[1, 2, 3]",base_es,server ka response time slow hai,slow hai server ka response time,,,,6,6,0,6,1.0,True,2.6666666666666665,4.0,0.5333333333333333,4,0.6,0.4,3,False,True,False,3plus_switch,0.6042750794713536,0.97856003,0.97856003,0.97856003
150,digital,EN-HN-EN-EN-EN-HN,2,3,"[1, 2, 3]",tf_es,response time slow hai server ka,slow hai server ka response time,,,,6,6,0,6,1.0,True,2.6666666666666665,4.0,0.5333333333333333,4,0.6,0.4,3,False,False,True,3plus_switch,0.6042750794713536,0.96554816,0.96554816,0.96554816
151,health,EN-HN-EN-EN-HN-HN,3,2,"[1, 2]",base_tf,doctor ka advice follow karna zaroori,advice follow karna zaroori doctor ka,,,,6,6,0,6,1.0,True,2.6666666666666665,4.0,0.5333333333333333,4,0.4,0.6,2,True,False,False,2_switch,0.6042750794713536,0.96686673,0.96686673,0.96686673
151,health,EN-HN-EN-EN-HN-HN,3,2,"[1, 2]",base_es,doctor ka advice follow karna zaroori,follow karna zaroori doctor ka advice,,,,6,6,0,6,1.0,True,3.0,3.0,0.6,6,0.4,0.6,2,False,True,False,2_switch,0.3931466788228678,0.96665645,0.96665645,0.96665645
151,health,EN-HN-EN-EN-HN-HN,3,2,"[1, 2]",tf_es,advice follow karna zaroori doctor ka,follow karna zaroori doctor ka advice,,,,6,6,0,6,1.0,True,1.6666666666666667,5.0,0.3333333333333333,2,0.4,0.6,2,False,False,True,2_switch,0.7952707287670506,0.9780099,0.9780099,0.9780099
152,health,EN-HN-EN-EN-HN-HN,3,2,"[1, 2]",base_tf,medicine ka side effect notice hua,side effect notice hua medicine ka,,,,6,6,0,6,1.0,True,2.6666666666666665,4.0,0.5333333333333333,4,0.4,0.6,2,True,False,False,2_switch,0.6042750794713536,0.94140327,0.94140327,0.94140327
152,health,EN-HN-EN-EN-HN-HN,3,2,"[1, 2]",base_es,medicine ka side effect notice hua,notice hua medicine ka side effect,,,,6,6,0,6,1.0,True,2.6666666666666665,4.0,0.5333333333333333,4,0.4,0.6,2,False,True,False,2_switch,0.6042750794713536,0.9589569,0.95895684,0.9589569
152,health,EN-HN-EN-EN-HN-HN,3,2,"[1, 2]",tf_es,side effect notice hua medicine ka,notice hua medicine ka side effect,,,,6,6,0,6,1.0,True,2.6666666666666665,4.0,0.5333333333333333,4,0.4,0.6,2,False,False,True,2_switch,0.6042750794713536,0.9482282,0.94822824,0.9482282
153,health,EN-EN-HN-EN-HN-HN,3,2,"[0, 1]",base_tf,blood test ka report normal aaya,report normal aaya blood test ka,,,,6,6,0,6,1.0,True,3.0,3.0,0.6,6,0.4,0.6,2,True,False,False,2_switch,0.3931466788228678,0.956026,0.9560261,0.956026
153,health,EN-EN-HN-EN-HN-HN,3,2,"[0, 1]",base_es,blood test ka report normal aaya,normal aaya blood test ka report,,,,6,6,0,6,1.0,True,2.6666666666666665,4.0,0.5333333333333333,4,0.4,0.6,2,False,True,False,2_switch,0.6042750794713536,0.95984495,0.959845,0.959845
153,health,EN-EN-HN-EN-HN-HN,3,2,"[0, 1]",tf_es,report normal aaya blood test ka,normal aaya blood test ka report,,,,6,6,0,6,1.0,True,1.6666666666666667,5.0,0.3333333333333333,2,0.4,0.6,2,False,False,True,2_switch,0.7952707287670506,0.97170514,0.9717052,0.97170514
154,health,EN-HN-EN-EN-EN-HN,2,3,"[1, 2, 3]",base_tf,clinic ka waiting area crowded tha,waiting area crowded tha clinic ka,,,,6,6,0,6,1.0,True,2.6666666666666665,4.0,0.5333333333333333,4,0.6,0.4,3,True,False,False,3plus_switch,0.6042750794713536,0.9588704,0.9588704,0.9588704
154,health,EN-HN-EN-EN-EN-HN,2,3,"[1, 2, 3]",base_es,clinic ka waiting area crowded tha,crowded tha clinic ka waiting area,,,,6,6,0,6,1.0,True,2.6666666666666665,4.0,0.5333333333333333,4,0.6,0.4,3,False,True,False,3plus_switch,0.6042750794713536,0.96095085,0.9609508,0.9609508
154,health,EN-HN-EN-EN-EN-HN,2,3,"[1, 2, 3]",tf_es,waiting area crowded tha clinic ka,crowded tha clinic ka waiting area,,,,6,6,0,6,1.0,True,2.6666666666666665,4.0,0.5333333333333333,4,0.6,0.4,3,False,False,True,3plus_switch,0.6042750794713536,0.96034753,0.96034753,0.96034753
155,health,EN-HN-EN-HN-HN-HN,4,1,[1],base_tf,injection ka pain thoda zyada laga,pain thoda zyada laga injection ka,,,,6,6,0,6,1.0,True,2.6666666666666665,4.0,0.5333333333333333,4,0.2,0.8,1,True,False,False,1_switch,0.6042750794713536,0.959205,0.95920503,0.959205
155,health,EN-HN-EN-HN-HN-HN,4,1,[1],base_es,injection ka pain thoda zyada laga,zyada laga injection ka pain thoda,,,,6,6,0,6,1.0,True,2.6666666666666665,4.0,0.5333333333333333,4,0.2,0.8,1,False,True,False,1_switch,0.6042750794713536,0.96042633,0.96042633,0.96042633
155,health,EN-HN-EN-HN-HN-HN,4,1,[1],tf_es,pain thoda zyada laga injection ka,zyada laga injection ka pain thoda,,,,6,6,0,6,1.0,True,2.6666666666666665,4.0,0.5333333333333333,4,0.2,0.8,1,False,False,True,1_switch,0.6042750794713536,0.9632615,0.9632615,0.9632615
156,health,EN-HN-EN-EN-EN-HN,2,3,"[1, 2, 3]",base_tf,diet ka chart strictly follow karo,chart strictly follow karo diet ka,,,,6,6,0,6,1.0,True,2.6666666666666665,4.0,0.5333333333333333,4,0.6,0.4,3,True,False,False,3plus_switch,0.6042750794713536,0.9611826,0.9611826,0.9611826
156,health,EN-HN-EN-EN-EN-HN,2,3,"[1, 2, 3]",base_es,diet ka chart strictly follow karo,follow karo diet ka chart strictly,,,,6,6,0,6,1.0,True,2.6666666666666665,4.0,0.5333333333333333,4,0.6,0.4,3,False,True,False,3plus_switch,0.6042750794713536,0.95688385,0.95688385,0.95688385
156,health,EN-HN-EN-EN-EN-HN,2,3,"[1, 2, 3]",tf_es,chart strictly follow karo diet ka,follow karo diet ka chart strictly,,,,6,6,0,6,1.0,True,2.6666666666666665,4.0,0.5333333333333333,4,0.6,0.4,3,False,False,True,3plus_switch,0.6042750794713536,0.9563912,0.9563912,0.9563912
157,health,EN-HN-EN-EN-EN-HN,2,3,"[1, 2, 3]",base_tf,hospital ka emergency ward full hai,emergency ward full hai hospital ka,,,,6,6,0,6,1.0,True,2.6666666666666665,4.0,0.5333333333333333,4,0.6,0.4,3,True,False,False,3plus_switch,0.6042750794713536,0.97019506,0.97019506,0.97019506
157,health,EN-HN-EN-EN-EN-HN,2,3,"[1, 2, 3]",base_es,hospital ka emergency ward full hai,full hai hospital ka emergency ward,,,,6,6,0,6,1.0,True,2.6666666666666665,4.0,0.5333333333333333,4,0.6,0.4,3,False,True,False,3plus_switch,0.6042750794713536,0.96988857,0.96988857,0.96988857
157,health,EN-HN-EN-EN-EN-HN,2,3,"[1, 2, 3]",tf_es,emergency ward full hai hospital ka,full hai hospital ka emergency ward,,,,6,6,0,6,1.0,True,2.6666666666666665,4.0,0.5333333333333333,4,0.6,0.4,3,False,False,True,3plus_switch,0.6042750794713536,0.9650429,0.9650429,0.9650429
158,health,EN-HN-EN-EN-HN,2,2,"[1, 2]",base_tf,tablet ka dosage change hua,dosage change hua tablet ka,,,,5,5,0,5,1.0,True,2.4,3.0,0.6,4,0.5,0.5,2,True,False,False,2_switch,0.3766136530980537,0.9530117,0.9530117,0.9530117
158,health,EN-HN-EN-EN-HN,2,2,"[1, 2]",base_es,tablet ka dosage change hua,change hua tablet ka dosage,,,,5,5,0,5,1.0,True,2.4,3.0,0.6,4,0.5,0.5,2,False,True,False,2_switch,0.3766136530980537,0.95933676,0.9593368,0.9593368
158,health,EN-HN-EN-EN-HN,2,2,"[1, 2]",tf_es,dosage change hua tablet ka,change hua tablet ka dosage,,,,5,5,0,5,1.0,True,1.6,4.0,0.4,2,0.5,0.5,2,False,False,True,2_switch,0.7071067811865476,0.9612727,0.9612727,0.9612728
159,health,EN-HN-EN-EN-HN,2,2,"[1, 2]",base_tf,physiotherapy ka session cancel hua,session cancel hua physiotherapy ka,,,,5,5,0,5,1.0,True,2.4,3.0,0.6,4,0.5,0.5,2,True,False,False,2_switch,0.3766136530980537,0.9592148,0.9592148,0.9592148
159,health,EN-HN-EN-EN-HN,2,2,"[1, 2]",base_es,physiotherapy ka session cancel hua,cancel hua physiotherapy ka session,,,,5,5,0,5,1.0,True,2.4,3.0,0.6,4,0.5,0.5,2,False,True,False,2_switch,0.3766136530980537,0.9597144,0.9597144,0.9597144
159,health,EN-HN-EN-EN-HN,2,2,"[1, 2]",tf_es,session cancel hua physiotherapy ka,cancel hua physiotherapy ka session,,,,5,5,0,5,1.0,True,1.6,4.0,0.4,2,0.5,0.5,2,False,False,True,2_switch,0.7071067811865476,0.96659553,0.96659553,0.96659553
160,health,EN-HN-EN-EN-HN,2,2,"[1, 2]",base_tf,vaccination ka slot reschedule karna,slot reschedule karna vaccination ka,,,,5,5,0,5,1.0,True,2.4,3.0,0.6,4,0.5,0.5,2,True,False,False,2_switch,0.3766136530980537,0.9603424,0.93996483,0.9500444
160,health,EN-HN-EN-EN-HN,2,2,"[1, 2]",base_es,vaccination ka slot reschedule karna,reschedule karna vaccination ka slot,,,,5,5,0,5,1.0,True,2.4,3.0,0.6,4,0.5,0.5,2,False,True,False,2_switch,0.3766136530980537,0.9614957,0.9430151,0.9521658
160,health,EN-HN-EN-EN-HN,2,2,"[1, 2]",tf_es,slot reschedule karna vaccination ka,reschedule karna vaccination ka slot,,,,5,5,0,5,1.0,True,1.6,4.0,0.4,2,0.5,0.5,2,False,False,True,2_switch,0.7071067811865476,0.97792184,0.97792184,0.97792184
161,work,EN-HN-EN-EN-HN-HN,3,2,"[1, 2]",base_tf,office ka access card gum ho gaya,access card gum ho gaya office ka,,,,7,7,0,7,1.0,True,2.857142857142857,5.0,0.47619047619047616,4,0.4,0.6,2,True,False,False,2_switch,0.7071067811865476,0.9662403,0.9662403,0.9662403
161,work,EN-HN-EN-EN-HN-HN,3,2,"[1, 2]",base_es,office ka access card gum ho gaya,gum ho gaya office ka access card,,,,7,7,0,7,1.0,True,3.4285714285714284,4.0,0.5714285714285714,6,0.4,0.6,2,False,True,False,2_switch,0.5946035575013605,0.957255,0.957255,0.957255
161,work,EN-HN-EN-EN-HN-HN,3,2,"[1, 2]",tf_es,access card gum ho gaya office ka,gum ho gaya office ka access card,,,,7,7,0,7,1.0,True,2.857142857142857,5.0,0.47619047619047616,4,0.4,0.6,2,False,False,True,2_switch,0.7071067811865476,0.96420133,0.96420133,0.96420133
162,work,EN-HN-EN-EN-HN-HN,3,2,"[1, 2]",base_tf,team ka performance review acha raha,performance review acha raha team ka,,,,6,6,0,6,1.0,True,2.6666666666666665,4.0,0.5333333333333333,4,0.4,0.6,2,True,False,False,2_switch,0.6042750794713536,0.9545069,0.95450693,0.9545069
162,work,EN-HN-EN-EN-HN-HN,3,2,"[1, 2]",base_es,team ka performance review acha raha,acha raha team ka performance review,,,,6,6,0,6,1.0,True,2.6666666666666665,4.0,0.5333333333333333,4,0.4,0.6,2,False,True,False,2_switch,0.6042750794713536,0.95199823,0.95199823,0.95199823
162,work,EN-HN-EN-EN-HN-HN,3,2,"[1, 2]",tf_es,performance review acha raha team ka,acha raha team ka performance review,,,,6,6,0,6,1.0,True,2.6666666666666665,4.0,0.5333333333333333,4,0.4,0.6,2,False,False,True,2_switch,0.6042750794713536,0.9643942,0.9643942,0.9643942
163,work,EN-HN-EN-HN-HN,3,1,[1],base_tf,client ka call late aaya,call late aaya client ka,,,,5,5,0,5,1.0,True,2.4,3.0,0.6,4,0.25,0.75,1,True,False,False,1_switch,0.3766136530980537,0.9551672,0.9551672,0.9551672
163,work,EN-HN-EN-HN-HN,3,1,[1],base_es,client ka call late aaya,late aaya client ka call,,,,5,5,0,5,1.0,True,2.4,3.0,0.6,4,0.25,0.75,1,False,True,False,1_switch,0.3766136530980537,0.9610599,0.9610599,0.9610599
163,work,EN-HN-EN-HN-HN,3,1,[1],tf_es,call late aaya client ka,late aaya client ka call,,,,5,5,0,5,1.0,True,1.6,4.0,0.4,2,0.25,0.75,1,False,False,True,1_switch,0.7071067811865476,0.9720478,0.9720478,0.9720478
164,work,EN-HN-EN-EN-HN-HN,3,2,"[1, 2]",base_tf,proposal ka budget revise karna hoga,budget revise karna hoga proposal ka,,,,6,6,0,6,1.0,True,2.6666666666666665,4.0,0.5333333333333333,4,0.4,0.6,2,True,False,False,2_switch,0.6042750794713536,0.96359414,0.96359414,0.96359414
164,work,EN-HN-EN-EN-HN-HN,3,2,"[1, 2]",base_es,proposal ka budget revise karna hoga,revise karna hoga proposal ka budget,,,,6,6,0,6,1.0,True,3.0,3.0,0.6,6,0.4,0.6,2,False,True,False,2_switch,0.3931466788228678,0.9445832,0.9445831,0.9445831
164,work,EN-HN-EN-EN-HN-HN,3,2,"[1, 2]",tf_es,budget revise karna hoga proposal ka,revise karna hoga proposal ka budget,,,,6,6,0,6,1.0,True,1.6666666666666667,5.0,0.3333333333333333,2,0.4,0.6,2,False,False,True,2_switch,0.7952707287670506,0.96530914,0.9653092,0.9653092
165,work,EN-HN-EN-HN-HN-HN,3,1,[1],base_tf,deadline ka pressure zyada ho raha,pressure zyada ho raha deadline ka,,,,6,6,0,6,1.0,True,2.6666666666666665,4.0,0.5333333333333333,4,0.25,0.75,1,True,False,False,1_switch,0.6042750794713536,0.94305885,0.94257855,0.94281864
165,work,EN-HN-EN-HN-HN-HN,3,1,[1],base_es,deadline ka pressure zyada ho raha,zyada ho raha deadline ka pressure,,,,6,6,0,6,1.0,True,3.0,3.0,0.6,6,0.25,0.75,1,False,True,False,1_switch,0.3931466788228678,0.93304497,0.933045,0.93304497
165,work,EN-HN-EN-HN-HN-HN,3,1,[1],tf_es,pressure zyada ho raha deadline ka,zyada ho raha deadline ka pressure,,,,6,6,0,6,1.0,True,1.6666666666666667,5.0,0.3333333333333333,2,0.25,0.75,1,False,False,True,1_switch,0.7952707287670506,0.97018754,0.97018754,0.97018754
166,work,EN-HN-EN-EN-HN-HN,3,2,"[1, 2]",base_tf,office ka internet unstable lag raha,internet unstable lag raha office ka,,,,6,6,0,6,1.0,True,2.6666666666666665,4.0,0.5333333333333333,4,0.4,0.6,2,True,False,False,2_switch,0.6042750794713536,0.95751905,0.95751905,0.95751905
166,work,EN-HN-EN-EN-HN-HN,3,2,"[1, 2]",base_es,office ka internet unstable lag raha,unstable lag raha office ka internet,,,,6,6,0,6,1.0,True,3.0,3.0,0.6,6,0.4,0.6,2,False,True,False,2_switch,0.3931466788228678,0.9437729,0.9437729,0.9437729
166,work,EN-HN-EN-EN-HN-HN,3,2,"[1, 2]",tf_es,internet unstable lag raha office ka,unstable lag raha office ka internet,,,,6,6,0,6,1.0,True,1.6666666666666667,5.0,0.3333333333333333,2,0.4,0.6,2,False,False,True,2_switch,0.7952707287670506,0.9659736,0.9659736,0.9659736
167,work,EN-HN-EN-EN-HN-HN-HN,5,2,"[1, 2]",base_tf,report ka format client ko pasand aaya,format client ko pasand aaya report ka,,,,7,7,0,7,1.0,True,2.857142857142857,5.0,0.47619047619047616,4,0.2857142857142857,0.7142857142857143,2,True,False,False,2_switch,0.7071067811865476,0.9657467,0.96574676,0.9657467
167,work,EN-HN-EN-EN-HN-HN-HN,5,2,"[1, 2]",base_es,report ka format client ko pasand aaya,pasand aaya report ka format client ko,,,,7,7,0,7,1.0,True,2.857142857142857,5.0,0.47619047619047616,4,0.2857142857142857,0.7142857142857143,2,False,True,False,2_switch,0.7071067811865476,0.9509285,0.9509285,0.9509285
167,work,EN-HN-EN-EN-HN-HN-HN,5,2,"[1, 2]",tf_es,format client ko pasand aaya report ka,pasand aaya report ka format client ko,,,,7,7,0,7,1.0,True,3.4285714285714284,4.0,0.5714285714285714,6,0.2857142857142857,0.7142857142857143,2,False,False,True,2_switch,0.5946035575013605,0.9596845,0.9596846,0.95968455
168,work,EN-HN-EN-EN-HN-HN,3,2,"[1, 2]",base_tf,meeting ka minutes circulate kar dena,minutes circulate kar dena meeting ka,,,,6,6,0,6,1.0,True,2.6666666666666665,4.0,0.5333333333333333,4,0.4,0.6,2,True,False,False,2_switch,0.6042750794713536,0.94283307,0.9500874,0.94644636
168,work,EN-HN-EN-EN-HN-HN,3,2,"[1, 2]",base_es,meeting ka minutes circulate kar dena,circulate kar dena meeting ka minutes,,,,6,6,0,6,1.0,True,3.0,3.0,0.6,6,0.4,0.6,2,False,True,False,2_switch,0.3931466788228678,0.94744277,0.94744277,0.94744277
168,work,EN-HN-EN-EN-HN-HN,3,2,"[1, 2]",tf_es,minutes circulate kar dena meeting ka,circulate kar dena meeting ka minutes,,,,6,6,0,6,1.0,True,1.6666666666666667,5.0,0.3333333333333333,2,0.4,0.6,2,False,False,True,2_switch,0.7952707287670506,0.9452585,0.9405918,0.9429194
169,work,EN-HN-EN-HN-HN-HN-HN,5,1,[1],base_tf,presentation ka rehearsal ek baar aur karte,rehearsal ek baar aur karte presentation ka,,,,7,7,0,7,1.0,True,2.857142857142857,5.0,0.47619047619047616,4,0.16666666666666666,0.8333333333333334,1,True,False,False,1_switch,0.7071067811865476,0.96730256,0.9673026,0.9673026
169,work,EN-HN-EN-HN-HN-HN-HN,5,1,[1],base_es,presentation ka rehearsal ek baar aur karte,ek baar aur karte presentation ka rehearsal,,,,7,7,0,7,1.0,True,3.4285714285714284,4.0,0.5714285714285714,6,0.16666666666666666,0.8333333333333334,1,False,True,False,1_switch,0.5946035575013605,0.96507823,0.96507823,0.96507823
169,work,EN-HN-EN-HN-HN-HN-HN,5,1,[1],tf_es,rehearsal ek baar aur karte presentation ka,ek baar aur karte presentation ka rehearsal,,,,7,7,0,7,1.0,True,1.7142857142857142,6.0,0.2857142857142857,2,0.16666666666666666,0.8333333333333334,1,False,False,True,1_switch,0.8408964152537146,0.96201617,0.96201617,0.96201617
170,work,EN-HN-EN-EN-HN-HN,3,2,"[1, 2]",base_tf,team ka standup meeting skip ho gaya,standup meeting skip ho gaya team ka,,,,7,7,0,7,1.0,True,2.857142857142857,5.0,0.47619047619047616,4,0.4,0.6,2,True,False,False,2_switch,0.7071067811865476,0.9609046,0.9609046,0.9609046
170,work,EN-HN-EN-EN-HN-HN,3,2,"[1, 2]",base_es,team ka standup meeting skip ho gaya,skip ho gaya team ka standup meeting,,,,7,7,0,7,1.0,True,3.4285714285714284,4.0,0.5714285714285714,6,0.4,0.6,2,False,True,False,2_switch,0.5946035575013605,0.94761145,0.94761145,0.94761145
170,work,EN-HN-EN-EN-HN-HN,3,2,"[1, 2]",tf_es,standup meeting skip ho gaya team ka,skip ho gaya team ka standup meeting,,,,7,7,0,7,1.0,True,2.857142857142857,5.0,0.47619047619047616,4,0.4,0.6,2,False,False,True,2_switch,0.7071067811865476,0.95579463,0.95579463,0.95579463
171,social,EN-HN-EN-HN-HN,3,1,[1],base_tf,party ka venue confirm ho gaya,venue confirm ho gaya party ka,,,,6,6,0,6,1.0,True,2.6666666666666665,4.0,0.5333333333333333,4,0.25,0.75,1,True,False,False,1_switch,0.6042750794713536,0.96290946,0.96290946,0.96290946
171,social,EN-HN-EN-HN-HN,3,1,[1],base_es,party ka venue confirm ho gaya,confirm ho gaya party ka venue,,,,6,6,0,6,1.0,True,3.0,3.0,0.6,6,0.25,0.75,1,False,True,False,1_switch,0.3931466788228678,0.9532808,0.95328075,0.95328075
171,social,EN-HN-EN-HN-HN,3,1,[1],tf_es,venue confirm ho gaya party ka,confirm ho gaya party ka venue,,,,6,6,0,6,1.0,True,1.6666666666666667,5.0,0.3333333333333333,2,0.25,0.75,1,False,False,True,1_switch,0.7952707287670506,0.9628502,0.9628502,0.9628502
172,social,EN-HN-EN-HN-EN-HN-HN,5,2,"[1, 4]",base_tf,group ka plan last moment pe change hua,plan last moment pe change hua group ka,,,,8,8,0,8,1.0,True,3.0,6.0,0.42857142857142855,4,0.2857142857142857,0.7142857142857143,2,True,False,False,2_switch,0.7652058832556895,0.9484668,0.9484668,0.9484668
172,social,EN-HN-EN-HN-EN-HN-HN,5,2,"[1, 4]",base_es,group ka plan last moment pe change hua,change hua group ka plan last moment pe,,,,8,8,0,8,1.0,True,3.0,6.0,0.42857142857142855,4,0.2857142857142857,0.7142857142857143,2,False,True,False,2_switch,0.7652058832556895,0.9519262,0.9519262,0.9519262
172,social,EN-HN-EN-HN-EN-HN-HN,5,2,"[1, 4]",tf_es,plan last moment pe change hua group ka,change hua group ka plan last moment pe,,,,8,8,0,8,1.0,True,4.0,4.0,0.5714285714285714,8,0.2857142857142857,0.7142857142857143,2,False,False,True,2_switch,0.691441569283882,0.9477627,0.9477627,0.9477627
173,social,EN-HN-EN-HN-HN-HN,4,1,[1],base_tf,message ka reply kaafi late aaya,reply kaafi late aaya message ka,,,,6,6,0,6,1.0,True,2.6666666666666665,4.0,0.5333333333333333,4,0.2,0.8,1,True,False,False,1_switch,0.6042750794713536,0.9576315,0.9567944,0.9572128
173,social,EN-HN-EN-HN-HN-HN,4,1,[1],base_es,message ka reply kaafi late aaya,late aaya message ka reply kaafi,,,,6,6,0,6,1.0,True,2.6666666666666665,4.0,0.5333333333333333,4,0.2,0.8,1,False,True,False,1_switch,0.6042750794713536,0.949879,0.949879,0.949879
173,social,EN-HN-EN-HN-HN-HN,4,1,[1],tf_es,reply kaafi late aaya message ka,late aaya message ka reply kaafi,,,,6,6,0,6,1.0,True,2.6666666666666665,4.0,0.5333333333333333,4,0.2,0.8,1,False,False,True,1_switch,0.6042750794713536,0.95060813,0.95060813,0.95060813
174,social,EN-HN-EN-HN-HN,3,1,[1],base_tf,friend ka mood off lag raha,mood off lag raha friend ka,,,,6,6,0,6,1.0,True,2.6666666666666665,4.0,0.5333333333333333,4,0.25,0.75,1,True,False,False,1_switch,0.6042750794713536,0.93795264,0.93795264,0.93795264
174,social,EN-HN-EN-HN-HN,3,1,[1],base_es,friend ka mood off lag raha,off lag raha friend ka mood,,,,6,6,0,6,1.0,True,3.0,3.0,0.6,6,0.25,0.75,1,False,True,False,1_switch,0.3931466788228678,0.9424832,0.9424832,0.9424832
174,social,EN-HN-EN-HN-HN,3,1,[1],tf_es,mood off lag raha friend ka,off lag raha friend ka mood,,,,6,6,0,6,1.0,True,1.6666666666666667,5.0,0.3333333333333333,2,0.25,0.75,1,False,False,True,1_switch,0.7952707287670506,0.9697329,0.969571,0.96965194
175,social,EN-HN-EN-HN-HN-HN,4,1,[3],base_tf,call ka response thoda cold tha,response thoda cold tha call ka,,,,6,6,0,6,1.0,True,2.6666666666666665,4.0,0.5333333333333333,4,0.2,0.8,1,True,False,False,1_switch,0.6042750794713536,0.9561416,0.9561416,0.9561416
175,social,EN-HN-EN-HN-HN-HN,4,1,[3],base_es,call ka response thoda cold tha,cold tha call ka response thoda,,,,6,6,0,6,1.0,True,2.6666666666666665,4.0,0.5333333333333333,4,0.2,0.8,1,False,True,False,1_switch,0.6042750794713536,0.9627791,0.9627791,0.9627791
175,social,EN-HN-EN-HN-HN-HN,4,1,[3],tf_es,response thoda cold tha call ka,cold tha call ka response thoda,,,,6,6,0,6,1.0,True,2.6666666666666665,4.0,0.5333333333333333,4,0.2,0.8,1,False,False,True,1_switch,0.6042750794713536,0.9591999,0.9591999,0.9591999
176,social,EN-HN-EN-EN-HN-HN,3,2,"[1, 2]",base_tf,chat ka screenshot save kar lena,screenshot save kar lena chat ka,,,,6,6,0,6,1.0,True,2.6666666666666665,4.0,0.5333333333333333,4,0.4,0.6,2,True,False,False,2_switch,0.6042750794713536,0.9654054,0.96540534,0.9654054
176,social,EN-HN-EN-EN-HN-HN,3,2,"[1, 2]",base_es,chat ka screenshot save kar lena,save kar lena chat ka screenshot,,,,6,6,0,6,1.0,True,3.0,3.0,0.6,6,0.4,0.6,2,False,True,False,2_switch,0.3931466788228678,0.95974886,0.95974886,0.95974886
176,social,EN-HN-EN-EN-HN-HN,3,2,"[1, 2]",tf_es,screenshot save kar lena chat ka,save kar lena chat ka screenshot,,,,6,6,0,6,1.0,True,1.6666666666666667,5.0,0.3333333333333333,2,0.4,0.6,2,False,False,True,2_switch,0.7952707287670506,0.97459376,0.97459376,0.97459376
177,social,EN-HN-EN-HN-HN,3,1,[1],base_tf,event ka invitation miss ho gaya,invitation miss ho gaya event ka,,,,6,6,0,6,1.0,True,2.6666666666666665,4.0,0.5333333333333333,4,0.25,0.75,1,True,False,False,1_switch,0.6042750794713536,0.9631864,0.9631864,0.9631864
177,social,EN-HN-EN-HN-HN,3,1,[1],base_es,event ka invitation miss ho gaya,miss ho gaya event ka invitation,,,,6,6,0,6,1.0,True,3.0,3.0,0.6,6,0.25,0.75,1,False,True,False,1_switch,0.3931466788228678,0.9614261,0.96142614,0.9614261
177,social,EN-HN-EN-HN-HN,3,1,[1],tf_es,invitation miss ho gaya event ka,miss ho gaya event ka invitation,,,,6,6,0,6,1.0,True,1.6666666666666667,5.0,0.3333333333333333,2,0.25,0.75,1,False,False,True,1_switch,0.7952707287670506,0.9689182,0.9689182,0.9689182
178,social,EN-HN-EN-HN-HN-HN,4,1,[3],base_tf,status ka reaction kaafi funny tha,reaction kaafi funny tha status ka,,,,6,6,0,6,1.0,True,2.6666666666666665,4.0,0.5333333333333333,4,0.2,0.8,1,True,False,False,1_switch,0.6042750794713536,0.95968693,0.9596869,0.95968693
178,social,EN-HN-EN-HN-HN-HN,4,1,[3],base_es,status ka reaction kaafi funny tha,funny tha status ka reaction kaafi,,,,6,6,0,6,1.0,True,2.6666666666666665,4.0,0.5333333333333333,4,0.2,0.8,1,False,True,False,1_switch,0.6042750794713536,0.9671951,0.9671951,0.9671951
178,social,EN-HN-EN-HN-HN-HN,4,1,[3],tf_es,reaction kaafi funny tha status ka,funny tha status ka reaction kaafi,,,,6,6,0,6,1.0,True,2.6666666666666665,4.0,0.5333333333333333,4,0.2,0.8,1,False,False,True,1_switch,0.6042750794713536,0.94944745,0.9494475,0.94944745
179,social,EN-EN-EN-HN-HN-HN,2,3,"[0, 1, 2]",base_tf,group chat ka notification mute kar diya,notification mute kar diya group chat ka,,,,7,7,0,7,1.0,True,3.4285714285714284,4.0,0.5714285714285714,6,0.6,0.4,3,True,False,False,3plus_switch,0.5946035575013605,0.95435584,0.95435584,0.9543558
179,social,EN-EN-EN-HN-HN-HN,2,3,"[0, 1, 2]",base_es,group chat ka notification mute kar diya,mute kar diya group chat ka notification,,,,7,7,0,7,1.0,True,3.4285714285714284,4.0,0.5714285714285714,6,0.6,0.4,3,False,True,False,3plus_switch,0.5946035575013605,0.95278573,0.95278573,0.95278573
179,social,EN-EN-EN-HN-HN-HN,2,3,"[0, 1, 2]",tf_es,notification mute kar diya group chat ka,mute kar diya group chat ka notification,,,,7,7,0,7,1.0,True,1.7142857142857142,6.0,0.2857142857142857,2,0.6,0.4,3,False,False,True,3plus_switch,0.8408964152537146,0.9724318,0.9724318,0.9724318
180,social,EN-HN-EN-HN-EN-HN-HN,5,2,"[1, 4]",base_tf,meetup ka time last minute pe shift hua,time last minute pe shift hua meetup ka,,,,8,8,0,8,1.0,True,3.0,6.0,0.42857142857142855,4,0.2857142857142857,0.7142857142857143,2,True,False,False,2_switch,0.7652058832556895,0.9554037,0.9554037,0.9554037
180,social,EN-HN-EN-HN-EN-HN-HN,5,2,"[1, 4]",base_es,meetup ka time last minute pe shift hua,shift hua meetup ka time last minute pe,,,,8,8,0,8,1.0,True,3.0,6.0,0.42857142857142855,4,0.2857142857142857,0.7142857142857143,2,False,True,False,2_switch,0.7652058832556895,0.9610611,0.9610611,0.9610611
180,social,EN-HN-EN-HN-EN-HN-HN,5,2,"[1, 4]",tf_es,time last minute pe shift hua meetup ka,shift hua meetup ka time last minute pe,,,,8,8,0,8,1.0,True,4.0,4.0,0.5714285714285714,8,0.2857142857142857,0.7142857142857143,2,False,False,True,2_switch,0.691441569283882,0.95482,0.95482,0.95482
181,transport,EN-HN-EN-EN-HN-HN,3,2,"[1, 2]",base_tf,bus ka route map outdated lag raha,route map outdated lag raha bus ka,,,,7,7,0,7,1.0,True,2.857142857142857,5.0,0.47619047619047616,4,0.4,0.6,2,True,False,False,2_switch,0.7071067811865476,0.9560011,0.95600116,0.9560011
181,transport,EN-HN-EN-EN-HN-HN,3,2,"[1, 2]",base_es,bus ka route map outdated lag raha,outdated lag raha bus ka route map,,,,7,7,0,7,1.0,True,3.4285714285714284,4.0,0.5714285714285714,6,0.4,0.6,2,False,True,False,2_switch,0.5946035575013605,0.9469585,0.9469585,0.9469585
181,transport,EN-HN-EN-EN-HN-HN,3,2,"[1, 2]",tf_es,route map outdated lag raha bus ka,outdated lag raha bus ka route map,,,,7,7,0,7,1.0,True,2.857142857142857,5.0,0.47619047619047616,4,0.4,0.6,2,False,False,True,2_switch,0.7071067811865476,0.9718077,0.9718077,0.9718077
182,transport,EN-HN-EN-EN-HN-HN,3,2,"[1, 2]",base_tf,traffic ka signal timing change hua,signal timing change hua traffic ka,,,,6,6,0,6,1.0,True,2.6666666666666665,4.0,0.5333333333333333,4,0.4,0.6,2,True,False,False,2_switch,0.6042750794713536,0.9591795,0.9591795,0.9591795
182,transport,EN-HN-EN-EN-HN-HN,3,2,"[1, 2]",base_es,traffic ka signal timing change hua,change hua traffic ka signal timing,,,,6,6,0,6,1.0,True,2.6666666666666665,4.0,0.5333333333333333,4,0.4,0.6,2,False,True,False,2_switch,0.6042750794713536,0.9607775,0.9607775,0.9607775
182,transport,EN-HN-EN-EN-HN-HN,3,2,"[1, 2]",tf_es,signal timing change hua traffic ka,change hua traffic ka signal timing,,,,6,6,0,6,1.0,True,2.6666666666666665,4.0,0.5333333333333333,4,0.4,0.6,2,False,False,True,2_switch,0.6042750794713536,0.96291435,0.96291435,0.96291435
183,transport,EN-HN-EN-HN-HN-HN,4,1,[1],base_tf,cab ka fare surge pe chal raha,fare surge pe chal raha cab ka,,,,7,7,0,7,1.0,True,2.857142857142857,5.0,0.47619047619047616,4,0.2,0.8,1,True,False,False,1_switch,0.7071067811865476,0.96424514,0.9642451,0.96424514
183,transport,EN-HN-EN-HN-HN-HN,4,1,[1],base_es,cab ka fare surge pe chal raha,surge pe chal raha cab ka fare,,,,7,7,0,7,1.0,True,3.4285714285714284,4.0,0.5714285714285714,6,0.2,0.8,1,False,True,False,1_switch,0.5946035575013605,0.95890176,0.9595501,0.95922583
183,transport,EN-HN-EN-HN-HN-HN,4,1,[1],tf_es,fare surge pe chal raha cab ka,surge pe chal raha cab ka fare,,,,7,7,0,7,1.0,True,1.7142857142857142,6.0,0.2857142857142857,2,0.2,0.8,1,False,False,True,1_switch,0.8408964152537146,0.9736711,0.9736711,0.9736711
184,transport,EN-HN-EN-EN-EN-HN,2,3,"[1, 2, 3]",base_tf,metro ka platform screen blank hai,platform screen blank hai metro ka,,,,6,6,0,6,1.0,True,2.6666666666666665,4.0,0.5333333333333333,4,0.6,0.4,3,True,False,False,3plus_switch,0.6042750794713536,0.963028,0.963028,0.963028
184,transport,EN-HN-EN-EN-EN-HN,2,3,"[1, 2, 3]",base_es,metro ka platform screen blank hai,blank hai metro ka platform screen,,,,6,6,0,6,1.0,True,2.6666666666666665,4.0,0.5333333333333333,4,0.6,0.4,3,False,True,False,3plus_switch,0.6042750794713536,0.95265096,0.95405346,0.9533517
184,transport,EN-HN-EN-EN-EN-HN,2,3,"[1, 2, 3]",tf_es,platform screen blank hai metro ka,blank hai metro ka platform screen,,,,6,6,0,6,1.0,True,2.6666666666666665,4.0,0.5333333333333333,4,0.6,0.4,3,False,False,True,3plus_switch,0.6042750794713536,0.95412153,0.95412153,0.95412153
185,transport,EN-HN-EN-EN-HN-HN-HN,4,2,"[1, 2]",base_tf,driver ka navigation galat direction dikha raha,navigation galat direction dikha raha driver ka,,,,7,7,0,7,1.0,True,2.857142857142857,5.0,0.47619047619047616,4,0.3333333333333333,0.6666666666666666,2,True,False,False,2_switch,0.7071067811865476,0.96451175,0.9645118,0.9645118
185,transport,EN-HN-EN-EN-HN-HN-HN,4,2,"[1, 2]",base_es,driver ka navigation galat direction dikha raha,galat direction dikha raha driver ka navigation,,,,7,7,0,7,1.0,True,3.4285714285714284,4.0,0.5714285714285714,6,0.3333333333333333,0.6666666666666666,2,False,True,False,2_switch,0.5946035575013605,0.95035475,0.9503547,0.95035475
185,transport,EN-HN-EN-EN-HN-HN-HN,4,2,"[1, 2]",tf_es,navigation galat direction dikha raha driver ka,galat direction dikha raha driver ka navigation,,,,7,7,0,7,1.0,True,1.7142857142857142,6.0,0.2857142857142857,2,0.3333333333333333,0.6666666666666666,2,False,False,True,2_switch,0.8408964152537146,0.96924895,0.969249,0.96924895
186,transport,EN-HN-EN-EN-HN,2,2,"[1, 2]",base_tf,road ka diversion unexpected nikla,diversion unexpected nikla road ka,,,,5,5,0,5,1.0,True,2.4,3.0,0.6,4,0.5,0.5,2,True,False,False,2_switch,0.3766136530980537,0.95507413,0.95507413,0.95507413
186,transport,EN-HN-EN-EN-HN,2,2,"[1, 2]",base_es,road ka diversion unexpected nikla,unexpected nikla road ka diversion,,,,5,5,0,5,1.0,True,2.4,3.0,0.6,4,0.5,0.5,2,False,True,False,2_switch,0.3766136530980537,0.9654343,0.9654343,0.9654343
186,transport,EN-HN-EN-EN-HN,2,2,"[1, 2]",tf_es,diversion unexpected nikla road ka,unexpected nikla road ka diversion,,,,5,5,0,5,1.0,True,1.6,4.0,0.4,2,0.5,0.5,2,False,False,True,2_switch,0.7071067811865476,0.95709854,0.95709854,0.95709854
187,transport,EN-HN-EN-HN-HN-HN,4,1,[2],base_tf,parking ka slot thoda narrow hai,slot thoda narrow hai parking ka,,,,6,6,0,6,1.0,True,2.6666666666666665,4.0,0.5333333333333333,4,0.2,0.8,1,True,False,False,1_switch,0.6042750794713536,0.9626452,0.9626452,0.9626452
187,transport,EN-HN-EN-HN-HN-HN,4,1,[2],base_es,parking ka slot thoda narrow hai,narrow hai parking ka slot thoda,,,,6,6,0,6,1.0,True,2.6666666666666665,4.0,0.5333333333333333,4,0.2,0.8,1,False,True,False,1_switch,0.6042750794713536,0.96069705,0.96069705,0.96069705
187,transport,EN-HN-EN-HN-HN-HN,4,1,[2],tf_es,slot thoda narrow hai parking ka,narrow hai parking ka slot thoda,,,,6,6,0,6,1.0,True,2.6666666666666665,4.0,0.5333333333333333,4,0.2,0.8,1,False,False,True,1_switch,0.6042750794713536,0.96129775,0.96129775,0.96129775
188,transport,EN-HN-EN-EN-EN-HN,2,3,"[1, 2, 3]",base_tf,petrol pump ka card machine down hai,card machine down hai petrol pump ka,,,,7,7,0,7,1.0,True,3.4285714285714284,4.0,0.5714285714285714,6,0.6,0.4,3,True,False,False,3plus_switch,0.5946035575013605,0.96840906,0.9684092,0.9684091
188,transport,EN-HN-EN-EN-EN-HN,2,3,"[1, 2, 3]",base_es,petrol pump ka card machine down hai,down hai petrol pump ka card machine,,,,7,7,0,7,1.0,True,2.857142857142857,5.0,0.47619047619047616,4,0.6,0.4,3,False,True,False,3plus_switch,0.7071067811865476,0.97049093,0.9704909,0.9704909
188,transport,EN-HN-EN-EN-EN-HN,2,3,"[1, 2, 3]",tf_es,card machine down hai petrol pump ka,down hai petrol pump ka card machine,,,,7,7,0,7,1.0,True,2.857142857142857,5.0,0.47619047619047616,4,0.6,0.4,3,False,False,True,3plus_switch,0.7071067811865476,0.96701694,0.967017,0.967017
189,transport,EN-HN-EN-EN-HN-HN,3,2,"[1, 2]",base_tf,bike ka engine sound unusual lag raha,engine sound unusual lag raha bike ka,,,,7,7,0,7,1.0,True,2.857142857142857,5.0,0.47619047619047616,4,0.4,0.6,2,True,False,False,2_switch,0.7071067811865476,0.9589971,0.9589971,0.9589971
189,transport,EN-HN-EN-EN-HN-HN,3,2,"[1, 2]",base_es,bike ka engine sound unusual lag raha,unusual lag raha bike ka engine sound,,,,7,7,0,7,1.0,True,3.4285714285714284,4.0,0.5714285714285714,6,0.4,0.6,2,False,True,False,2_switch,0.5946035575013605,0.95282125,0.95282125,0.95282125
189,transport,EN-HN-EN-EN-HN-HN,3,2,"[1, 2]",tf_es,engine sound unusual lag raha bike ka,unusual lag raha bike ka engine sound,,,,7,7,0,7,1.0,True,2.857142857142857,5.0,0.47619047619047616,4,0.4,0.6,2,False,False,True,2_switch,0.7071067811865476,0.9624846,0.9624846,0.9624846
190,transport,EN-HN-EN-EN-HN-HN,3,2,"[1, 2]",base_tf,auto ka fare meter fast chal raha,fare meter fast chal raha auto ka,,,,7,7,0,7,1.0,True,2.857142857142857,5.0,0.47619047619047616,4,0.4,0.6,2,True,False,False,2_switch,0.7071067811865476,0.9676201,0.96762013,0.9676201
190,transport,EN-HN-EN-EN-HN-HN,3,2,"[1, 2]",base_es,auto ka fare meter fast chal raha,fast chal raha auto ka fare meter,,,,7,7,0,7,1.0,True,3.4285714285714284,4.0,0.5714285714285714,6,0.4,0.6,2,False,True,False,2_switch,0.5946035575013605,0.95819324,0.95819324,0.95819324
190,transport,EN-HN-EN-EN-HN-HN,3,2,"[1, 2]",tf_es,fare meter fast chal raha auto ka,fast chal raha auto ka fare meter,,,,7,7,0,7,1.0,True,2.857142857142857,5.0,0.47619047619047616,4,0.4,0.6,2,False,False,True,2_switch,0.7071067811865476,0.96691585,0.96691597,0.9669159
191,transport,EN-HN-EN-EN-HN-HN,3,2,"[1, 2]",base_tf,route ka shortcut risky lag raha,shortcut risky lag raha route ka,,,,6,6,0,6,1.0,True,2.6666666666666665,4.0,0.5333333333333333,4,0.4,0.6,2,True,False,False,2_switch,0.6042750794713536,0.94955444,0.94955444,0.94955444
191,transport,EN-HN-EN-EN-HN-HN,3,2,"[1, 2]",base_es,route ka shortcut risky lag raha,risky lag raha route ka shortcut,,,,6,6,0,6,1.0,True,3.0,3.0,0.6,6,0.4,0.6,2,False,True,False,2_switch,0.3931466788228678,0.9438187,0.9438187,0.9438187
191,transport,EN-HN-EN-EN-HN-HN,3,2,"[1, 2]",tf_es,shortcut risky lag raha route ka,risky lag raha route ka shortcut,,,,6,6,0,6,1.0,True,1.6666666666666667,5.0,0.3333333333333333,2,0.4,0.6,2,False,False,True,2_switch,0.7952707287670506,0.96146154,0.96146154,0.96146154
192,transport,EN-HN-EN-HN-HN-HN,4,1,[1],base_tf,traffic police ka checkpoint aage hai,checkpoint aage hai traffic police ka,,,,6,6,0,6,1.0,True,3.0,3.0,0.6,6,0.2,0.8,1,True,False,False,1_switch,0.3931466788228678,0.9639655,0.9639655,0.9639655
192,transport,EN-HN-EN-HN-HN-HN,4,1,[1],base_es,traffic police ka checkpoint aage hai,aage hai traffic police ka checkpoint,,,,6,6,0,6,1.0,True,2.6666666666666665,4.0,0.5333333333333333,4,0.2,0.8,1,False,True,False,1_switch,0.6042750794713536,0.97097737,0.97097737,0.97097737
192,transport,EN-HN-EN-HN-HN-HN,4,1,[1],tf_es,checkpoint aage hai traffic police ka,aage hai traffic police ka checkpoint,,,,6,6,0,6,1.0,True,1.6666666666666667,5.0,0.3333333333333333,2,0.2,0.8,1,False,False,True,1_switch,0.7952707287670506,0.9664814,0.9664814,0.9664814
193,transport,EN-HN-EN-EN-HN-HN,3,2,"[1, 2]",base_tf,seat belt ka reminder beep aa raha,reminder beep aa raha seat belt ka,,,,7,7,0,7,1.0,True,3.4285714285714284,4.0,0.5714285714285714,6,0.4,0.6,2,True,False,False,2_switch,0.5946035575013605,0.95601296,0.95601296,0.95601296
193,transport,EN-HN-EN-EN-HN-HN,3,2,"[1, 2]",base_es,seat belt ka reminder beep aa raha,beep aa raha seat belt ka reminder,,,,7,7,0,7,1.0,True,3.4285714285714284,4.0,0.5714285714285714,6,0.4,0.6,2,False,True,False,2_switch,0.5946035575013605,0.96652585,0.96652585,0.96652585
193,transport,EN-HN-EN-EN-HN-HN,3,2,"[1, 2]",tf_es,reminder beep aa raha seat belt ka,beep aa raha seat belt ka reminder,,,,7,7,0,7,1.0,True,1.7142857142857142,6.0,0.2857142857142857,2,0.4,0.6,2,False,False,True,2_switch,0.8408964152537146,0.9718089,0.9718089,0.9718089
194,transport,EN-HN-EN-EN-HN,2,2,"[1, 2]",base_tf,navigation ka reroute option aaya,reroute option aaya navigation ka,,,,5,5,0,5,1.0,True,2.4,3.0,0.6,4,0.5,0.5,2,True,False,False,2_switch,0.3766136530980537,0.95733404,0.9573339,0.957334
194,transport,EN-HN-EN-EN-HN,2,2,"[1, 2]",base_es,navigation ka reroute option aaya,option aaya navigation ka reroute,,,,5,5,0,5,1.0,True,2.4,3.0,0.6,4,0.5,0.5,2,False,True,False,2_switch,0.3766136530980537,0.961598,0.96159804,0.961598
194,transport,EN-HN-EN-EN-HN,2,2,"[1, 2]",tf_es,reroute option aaya navigation ka,option aaya navigation ka reroute,,,,5,5,0,5,1.0,True,1.6,4.0,0.4,2,0.5,0.5,2,False,False,True,2_switch,0.7071067811865476,0.9584328,0.9584328,0.9584328
195,transport,EN-HN-EN-HN-HN-HN,4,1,[1],base_tf,toll plaza ka fastag scan nahi hua,fastag scan nahi hua toll plaza ka,,,,7,7,0,7,1.0,True,3.4285714285714284,4.0,0.5714285714285714,6,0.2,0.8,1,True,False,False,1_switch,0.5946035575013605,0.9540629,0.9540629,0.9540629
195,transport,EN-HN-EN-HN-HN-HN,4,1,[1],base_es,toll plaza ka fastag scan nahi hua,scan nahi hua toll plaza ka fastag,,,,7,7,0,7,1.0,True,3.4285714285714284,4.0,0.5714285714285714,6,0.2,0.8,1,False,True,False,1_switch,0.5946035575013605,0.95024884,0.95123965,0.950744
195,transport,EN-HN-EN-HN-HN-HN,4,1,[1],tf_es,fastag scan nahi hua toll plaza ka,scan nahi hua toll plaza ka fastag,,,,7,7,0,7,1.0,True,1.7142857142857142,6.0,0.2857142857142857,2,0.2,0.8,1,False,False,True,1_switch,0.8408964152537146,0.967704,0.967704,0.967704
196,transport,EN-HN-EN-EN-HN,2,2,"[1, 2]",base_tf,route ka alternative suggest kar do,alternative suggest kar do route ka,,,,6,6,0,6,1.0,True,2.6666666666666665,4.0,0.5333333333333333,4,0.5,0.5,2,True,False,False,2_switch,0.6042750794713536,0.93761593,0.93761593,0.93761593
196,transport,EN-HN-EN-EN-HN,2,2,"[1, 2]",base_es,route ka alternative suggest kar do,suggest kar do route ka alternative,,,,6,6,0,6,1.0,True,3.0,3.0,0.6,6,0.5,0.5,2,False,True,False,2_switch,0.3931466788228678,0.94040984,0.94040984,0.94040984
196,transport,EN-HN-EN-EN-HN,2,2,"[1, 2]",tf_es,alternative suggest kar do route ka,suggest kar do route ka alternative,,,,6,6,0,6,1.0,True,1.6666666666666667,5.0,0.3333333333333333,2,0.5,0.5,2,False,False,True,2_switch,0.7952707287670506,0.95050967,0.95050967,0.95050967
197,transport,EN-HN-EN-EN-HN-HN-HN,5,2,"[1, 2]",base_tf,station ka exit gate left side pe hai,exit gate left side pe hai station ka,,,,8,8,0,8,1.0,True,3.0,6.0,0.42857142857142855,4,0.2857142857142857,0.7142857142857143,2,True,False,False,2_switch,0.7652058832556895,0.9717963,0.9717963,0.9717963
197,transport,EN-HN-EN-EN-HN-HN-HN,5,2,"[1, 2]",base_es,station ka exit gate left side pe hai,left side pe hai station ka exit gate,,,,8,8,0,8,1.0,True,4.0,4.0,0.5714285714285714,8,0.2857142857142857,0.7142857142857143,2,False,True,False,2_switch,0.691441569283882,0.96468514,0.96468514,0.96468514
197,transport,EN-HN-EN-EN-HN-HN-HN,5,2,"[1, 2]",tf_es,exit gate left side pe hai station ka,left side pe hai station ka exit gate,,,,8,8,0,8,1.0,True,3.0,6.0,0.42857142857142855,4,0.2857142857142857,0.7142857142857143,2,False,False,True,2_switch,0.7652058832556895,0.9718623,0.9718623,0.9718623
198,transport,EN-HN-EN-HN-HN,3,1,[1],base_tf,bus ka conductor change ho gaya,conductor change ho gaya bus ka,,,,6,6,0,6,1.0,True,2.6666666666666665,4.0,0.5333333333333333,4,0.25,0.75,1,True,False,False,1_switch,0.6042750794713536,0.9586847,0.9586847,0.9586847
198,transport,EN-HN-EN-HN-HN,3,1,[1],base_es,bus ka conductor change ho gaya,change ho gaya bus ka conductor,,,,6,6,0,6,1.0,True,3.0,3.0,0.6,6,0.25,0.75,1,False,True,False,1_switch,0.3931466788228678,0.95563823,0.95563823,0.95563823
198,transport,EN-HN-EN-HN-HN,3,1,[1],tf_es,conductor change ho gaya bus ka,change ho gaya bus ka conductor,,,,6,6,0,6,1.0,True,1.6666666666666667,5.0,0.3333333333333333,2,0.25,0.75,1,False,False,True,1_switch,0.7952707287670506,0.97070575,0.97070575,0.97070575
199,transport,EN-HN-EN-EN-HN-HN-HN,5,2,"[1, 2]",base_tf,metro ka first coach ladies ke liye,first coach ladies ke liye metro ka,,,,7,7,0,7,1.0,True,2.857142857142857,5.0,0.47619047619047616,4,0.2857142857142857,0.7142857142857143,2,True,False,False,2_switch,0.7071067811865476,0.9673667,0.9673667,0.9673667
199,transport,EN-HN-EN-EN-HN-HN-HN,5,2,"[1, 2]",base_es,metro ka first coach ladies ke liye,ladies ke liye metro ka first coach,,,,7,7,0,7,1.0,True,3.4285714285714284,4.0,0.5714285714285714,6,0.2857142857142857,0.7142857142857143,2,False,True,False,2_switch,0.5946035575013605,0.9685919,0.9685919,0.9685919
199,transport,EN-HN-EN-EN-HN-HN-HN,5,2,"[1, 2]",tf_es,first coach ladies ke liye metro ka,ladies ke liye metro ka first coach,,,,7,7,0,7,1.0,True,2.857142857142857,5.0,0.47619047619047616,4,0.2857142857142857,0.7142857142857143,2,False,False,True,2_switch,0.7071067811865476,0.96336627,0.96336627,0.96336627
200,travel,EN-HN-EN-EN-EN-HN-HN,3,3,"[1, 2, 3]",base_tf,journey ka overall experience smooth raha,overall experience smooth raha journey ka,,,,6,6,0,6,1.0,True,2.6666666666666665,4.0,0.5333333333333333,4,0.5,0.5,3,True,False,False,3plus_switch,0.6042750794713536,0.9597802,0.9597802,0.9597802
200,travel,EN-HN-EN-EN-EN-HN-HN,3,3,"[1, 2, 3]",base_es,journey ka overall experience smooth raha,smooth raha journey ka overall experience,,,,6,6,0,6,1.0,True,2.6666666666666665,4.0,0.5333333333333333,4,0.5,0.5,3,False,True,False,3plus_switch,0.6042750794713536,0.9481329,0.94813293,0.94813293
200,travel,EN-HN-EN-EN-EN-HN-HN,3,3,"[1, 2, 3]",tf_es,overall experience smooth raha journey ka,smooth raha journey ka overall experience,,,,6,6,0,6,1.0,True,2.6666666666666665,4.0,0.5333333333333333,4,0.5,0.5,3,False,False,True,3plus_switch,0.6042750794713536,0.9608729,0.9608729,0.9608729
201,travel,EN-HN-EN-EN-HN-HN,3,2,"[1, 2]",base_tf,train ka arrival time late ho gaya,arrival time late ho gaya train ka,,,,7,7,0,7,1.0,True,2.857142857142857,5.0,0.47619047619047616,4,0.4,0.6,2,True,False,False,2_switch,0.7071067811865476,0.95569384,0.95569384,0.95569384
201,travel,EN-HN-EN-EN-HN-HN,3,2,"[1, 2]",base_es,train ka arrival time late ho gaya,late ho gaya train ka arrival time,,,,7,7,0,7,1.0,True,3.4285714285714284,4.0,0.5714285714285714,6,0.4,0.6,2,False,True,False,2_switch,0.5946035575013605,0.9596884,0.9596884,0.9596884
201,travel,EN-HN-EN-EN-HN-HN,3,2,"[1, 2]",tf_es,arrival time late ho gaya train ka,late ho gaya train ka arrival time,,,,7,7,0,7,1.0,True,2.857142857142857,5.0,0.47619047619047616,4,0.4,0.6,2,False,False,True,2_switch,0.7071067811865476,0.9544035,0.9544035,0.95440346
202,travel,EN-HN-EN-EN-HN-HN-HN,3,2,"[1, 2]",base_tf,bus ka conductor ticket check kar raha,conductor ticket check kar raha bus ka,,,,7,7,0,7,1.0,True,2.857142857142857,5.0,0.47619047619047616,4,0.4,0.6,2,True,False,False,2_switch,0.7071067811865476,0.96780723,0.9678072,0.9678073
202,travel,EN-HN-EN-EN-HN-HN-HN,3,2,"[1, 2]",base_es,bus ka conductor ticket check kar raha,check kar raha bus ka conductor ticket,,,,7,7,0,7,1.0,True,3.4285714285714284,4.0,0.5714285714285714,6,0.4,0.6,2,False,True,False,2_switch,0.5946035575013605,0.9563128,0.9563128,0.9563128
202,travel,EN-HN-EN-EN-HN-HN-HN,3,2,"[1, 2]",tf_es,conductor ticket check kar raha bus ka,check kar raha bus ka conductor ticket,,,,7,7,0,7,1.0,True,2.857142857142857,5.0,0.47619047619047616,4,0.4,0.6,2,False,False,True,2_switch,0.7071067811865476,0.9601493,0.96014935,0.9601494
203,travel,EN-HN-EN-HN-HN-HN-HN-HN,5,1,[1],base_tf,platform ka announcement clear nahi sunai diya,announcement clear nahi sunai diya platform ka,,,,7,7,0,7,1.0,True,2.857142857142857,5.0,0.47619047619047616,4,0.16666666666666666,0.8333333333333334,1,True,False,False,1_switch,0.7071067811865476,0.9621173,0.9621173,0.9621173
203,travel,EN-HN-EN-HN-HN-HN-HN-HN,5,1,[1],base_es,platform ka announcement clear nahi sunai diya,clear nahi sunai diya platform ka announcement,,,,7,7,0,7,1.0,True,3.4285714285714284,4.0,0.5714285714285714,6,0.16666666666666666,0.8333333333333334,1,False,True,False,1_switch,0.5946035575013605,0.95846117,0.95846117,0.95846117
203,travel,EN-HN-EN-HN-HN-HN-HN-HN,5,1,[1],tf_es,announcement clear nahi sunai diya platform ka,clear nahi sunai diya platform ka announcement,,,,7,7,0,7,1.0,True,1.7142857142857142,6.0,0.2857142857142857,2,0.16666666666666666,0.8333333333333334,1,False,False,True,1_switch,0.8408964152537146,0.95761716,0.95761716,0.95761716
204,travel,EN-HN-EN-EN-HN-HN-HN,4,2,"[1, 2]",base_tf,seat ka number window side ka hai,number window side ka hai seat ka,,,,7,7,0,6,1.0,True,2.2857142857142856,5.0,0.42857142857142855,4,0.3333333333333333,0.6666666666666666,2,True,False,False,2_switch,0.7071067811865476,0.957392,0.960745,0.95906556
204,travel,EN-HN-EN-EN-HN-HN-HN,4,2,"[1, 2]",base_es,seat ka number window side ka hai,window side ka hai seat ka number,,,,7,7,0,6,1.0,True,2.5714285714285716,4.0,0.5238095238095238,6,0.3333333333333333,0.6666666666666666,2,False,True,False,2_switch,0.5946035575013605,0.96481615,0.96481615,0.96481615
204,travel,EN-HN-EN-EN-HN-HN-HN,4,2,"[1, 2]",tf_es,number window side ka hai seat ka,window side ka hai seat ka number,,,,7,7,0,6,1.0,True,1.7142857142857142,6.0,0.2857142857142857,2,0.3333333333333333,0.6666666666666666,2,False,False,True,2_switch,0.8408964152537146,0.97366476,0.97363186,0.9736483
205,travel,EN-HN-EN-HN-HN-HN-HN,5,1,[1],base_tf,journey ke beech me stop extra add hua,stop extra add hua journey ke beech me,,,,8,8,0,8,1.0,True,4.0,4.0,0.5714285714285714,8,0.16666666666666666,0.8333333333333334,1,True,False,False,1_switch,0.691441569283882,0.95214224,0.95214224,0.95214224
205,travel,EN-HN-EN-HN-HN-HN-HN,5,1,[1],base_es,journey ke beech me stop extra add hua,extra add hua journey ke beech me stop,,,,8,8,0,8,1.0,True,3.75,5.0,0.5357142857142857,6,0.16666666666666666,0.8333333333333334,1,False,True,False,1_switch,0.691441569283882,0.9524698,0.9524699,0.9524699
205,travel,EN-HN-EN-HN-HN-HN-HN,5,1,[1],tf_es,stop extra add hua journey ke beech me,extra add hua journey ke beech me stop,,,,8,8,0,8,1.0,True,1.75,7.0,0.25,2,0.16666666666666666,0.8333333333333334,1,False,False,True,1_switch,0.8694417438899829,0.974383,0.974383,0.974383
206,food,EN-HN-EN-EN-HN-HN,3,2,"[1, 2]",base_tf,restaurant ka order delay ho raha,order delay ho raha restaurant ka,,,,6,6,0,6,1.0,True,2.6666666666666665,4.0,0.5333333333333333,4,0.4,0.6,2,True,False,False,2_switch,0.6042750794713536,0.9564467,0.95644665,0.9564467
206,food,EN-HN-EN-EN-HN-HN,3,2,"[1, 2]",base_es,restaurant ka order delay ho raha,delay ho raha restaurant ka order,,,,6,6,0,6,1.0,True,3.0,3.0,0.6,6,0.4,0.6,2,False,True,False,2_switch,0.3931466788228678,0.9573049,0.95730484,0.9573049
206,food,EN-HN-EN-EN-HN-HN,3,2,"[1, 2]",tf_es,order delay ho raha restaurant ka,delay ho raha restaurant ka order,,,,6,6,0,6,1.0,True,1.6666666666666667,5.0,0.3333333333333333,2,0.4,0.6,2,False,False,True,2_switch,0.7952707287670506,0.9729841,0.972984,0.972984
207,food,EN-HN-EN-HN-HN-HN,4,1,[1],base_tf,plate ka portion thoda kam laga,portion thoda kam laga plate ka,,,,6,6,0,6,1.0,True,2.6666666666666665,4.0,0.5333333333333333,4,0.2,0.8,1,True,False,False,1_switch,0.6042750794713536,0.959476,0.959476,0.959476
207,food,EN-HN-EN-HN-HN-HN,4,1,[1],base_es,plate ka portion thoda kam laga,kam laga plate ka portion thoda,,,,6,6,0,6,1.0,True,2.6666666666666665,4.0,0.5333333333333333,4,0.2,0.8,1,False,True,False,1_switch,0.6042750794713536,0.9626212,0.9626212,0.9626212
207,food,EN-HN-EN-HN-HN-HN,4,1,[1],tf_es,portion thoda kam laga plate ka,kam laga plate ka portion thoda,,,,6,6,0,6,1.0,True,2.6666666666666665,4.0,0.5333333333333333,4,0.2,0.8,1,False,False,True,1_switch,0.6042750794713536,0.95646715,0.95646715,0.95646715
208,food,EN-HN-EN-HN-HN-HN-HN,5,1,[1],base_tf,dish ka taste expected jaisa nahi tha,taste expected jaisa nahi tha dish ka,,,,7,7,0,7,1.0,True,2.857142857142857,5.0,0.47619047619047616,4,0.16666666666666666,0.8333333333333334,1,True,False,False,1_switch,0.7071067811865476,0.95325714,0.95325714,0.95325714
208,food,EN-HN-EN-HN-HN-HN-HN,5,1,[1],base_es,dish ka taste expected jaisa nahi tha,expected jaisa nahi tha dish ka taste,,,,7,7,0,7,1.0,True,3.4285714285714284,4.0,0.5714285714285714,6,0.16666666666666666,0.8333333333333334,1,False,True,False,1_switch,0.5946035575013605,0.9581523,0.9581522,0.95815223
208,food,EN-HN-EN-HN-HN-HN-HN,5,1,[1],tf_es,taste expected jaisa nahi tha dish ka,expected jaisa nahi tha dish ka taste,,,,7,7,0,7,1.0,True,1.7142857142857142,6.0,0.2857142857142857,2,0.16666666666666666,0.8333333333333334,1,False,False,True,1_switch,0.8408964152537146,0.97843385,0.97258997,0.97550315
209,food,EN-HN-EN-EN-HN-HN-HN,4,2,"[1, 2]",base_tf,order ka parcel properly seal nahi tha,parcel properly seal nahi tha order ka,,,,7,7,0,7,1.0,True,2.857142857142857,5.0,0.47619047619047616,4,0.3333333333333333,0.6666666666666666,2,True,False,False,2_switch,0.7071067811865476,0.96111286,0.96111286,0.96111286
209,food,EN-HN-EN-EN-HN-HN-HN,4,2,"[1, 2]",base_es,order ka parcel properly seal nahi tha,seal nahi tha order ka parcel properly,,,,7,7,0,7,1.0,True,3.4285714285714284,4.0,0.5714285714285714,6,0.3333333333333333,0.6666666666666666,2,False,True,False,2_switch,0.5946035575013605,0.9557753,0.9556739,0.9557246
209,food,EN-HN-EN-EN-HN-HN-HN,4,2,"[1, 2]",tf_es,parcel properly seal nahi tha order ka,seal nahi tha order ka parcel properly,,,,7,7,0,7,1.0,True,2.857142857142857,5.0,0.47619047619047616,4,0.3333333333333333,0.6666666666666666,2,False,False,True,2_switch,0.7071067811865476,0.9615768,0.9613575,0.9614671
210,food,EN-HN-EN-EN-EN-HN,2,3,"[1, 2, 3]",base_tf,menu ka item temporarily unavailable hai,item temporarily unavailable hai menu ka,,,,6,6,0,6,1.0,True,2.6666666666666665,4.0,0.5333333333333333,4,0.6,0.4,3,True,False,False,3plus_switch,0.6042750794713536,0.9710796,0.9710796,0.9710796
210,food,EN-HN-EN-EN-EN-HN,2,3,"[1, 2, 3]",base_es,menu ka item temporarily unavailable hai,temporarily unavailable hai menu ka item,,,,6,6,0,6,1.0,True,3.0,3.0,0.6,6,0.6,0.4,3,False,True,False,3plus_switch,0.3931466788228678,0.9706993,0.97069937,0.97069937
210,food,EN-HN-EN-EN-EN-HN,2,3,"[1, 2, 3]",tf_es,item temporarily unavailable hai menu ka,temporarily unavailable hai menu ka item,,,,6,6,0,6,1.0,True,1.6666666666666667,5.0,0.3333333333333333,2,0.6,0.4,3,False,False,True,3plus_switch,0.7952707287670506,0.98118615,0.98118615,0.98118615
211,shopping,EN-HN-EN-EN-EN-HN,2,3,"[1, 2, 3]",base_tf,product ka warranty card missing hai,warranty card missing hai product ka,,,,6,6,0,6,1.0,True,2.6666666666666665,4.0,0.5333333333333333,4,0.6,0.4,3,True,False,False,3plus_switch,0.6042750794713536,0.97241414,0.97241414,0.97241414
211,shopping,EN-HN-EN-EN-EN-HN,2,3,"[1, 2, 3]",base_es,product ka warranty card missing hai,missing hai product ka warranty card,,,,6,6,0,6,1.0,True,2.6666666666666665,4.0,0.5333333333333333,4,0.6,0.4,3,False,True,False,3plus_switch,0.6042750794713536,0.9807942,0.9807942,0.98079413
211,shopping,EN-HN-EN-EN-EN-HN,2,3,"[1, 2, 3]",tf_es,warranty card missing hai product ka,missing hai product ka warranty card,,,,6,6,0,6,1.0,True,2.6666666666666665,4.0,0.5333333333333333,4,0.6,0.4,3,False,False,True,3plus_switch,0.6042750794713536,0.9697739,0.9697739,0.9697739
212,shopping,EN-HN-EN-EN-HN-HN,3,2,"[1, 2]",base_tf,item ka exchange option available nahi,exchange option available nahi item ka,,,,6,6,0,6,1.0,True,2.6666666666666665,4.0,0.5333333333333333,4,0.4,0.6,2,True,False,False,2_switch,0.6042750794713536,0.96692556,0.96692556,0.96692556
212,shopping,EN-HN-EN-EN-HN-HN,3,2,"[1, 2]",base_es,item ka exchange option available nahi,available nahi item ka exchange option,,,,6,6,0,6,1.0,True,2.6666666666666665,4.0,0.5333333333333333,4,0.4,0.6,2,False,True,False,2_switch,0.6042750794713536,0.96885294,0.96885294,0.96885294
212,shopping,EN-HN-EN-EN-HN-HN,3,2,"[1, 2]",tf_es,exchange option available nahi item ka,available nahi item ka exchange option,,,,6,6,0,6,1.0,True,2.6666666666666665,4.0,0.5333333333333333,4,0.4,0.6,2,False,False,True,2_switch,0.6042750794713536,0.96516293,0.96516293,0.96516293
213,shopping,EN-HN-EN-EN-HN-HN-HN,4,2,"[1, 2]",base_tf,order ka tracking link kaam nahi kar raha,tracking link kaam nahi kar raha order ka,,,,8,8,0,8,1.0,True,3.0,6.0,0.42857142857142855,4,0.3333333333333333,0.6666666666666666,2,True,False,False,2_switch,0.7652058832556895,0.96204257,0.9620425,0.9620425
213,shopping,EN-HN-EN-EN-HN-HN-HN,4,2,"[1, 2]",base_es,order ka tracking link kaam nahi kar raha,kaam nahi kar raha order ka tracking link,,,,8,8,0,8,1.0,True,4.0,4.0,0.5714285714285714,8,0.3333333333333333,0.6666666666666666,2,False,True,False,2_switch,0.691441569283882,0.9547789,0.95477885,0.95477885
213,shopping,EN-HN-EN-EN-HN-HN-HN,4,2,"[1, 2]",tf_es,tracking link kaam nahi kar raha order ka,kaam nahi kar raha order ka tracking link,,,,8,8,0,8,1.0,True,3.0,6.0,0.42857142857142855,4,0.3333333333333333,0.6666666666666666,2,False,False,True,2_switch,0.7652058832556895,0.96296465,0.9629646,0.9629646
214,shopping,EN-HN-EN-EN-HN-HN,3,2,"[1, 2]",base_tf,cart ka total amount change ho gaya,total amount change ho gaya cart ka,,,,7,7,0,7,1.0,True,2.857142857142857,5.0,0.47619047619047616,4,0.4,0.6,2,True,False,False,2_switch,0.7071067811865476,0.9521656,0.9521656,0.9521656
214,shopping,EN-HN-EN-EN-HN-HN,3,2,"[1, 2]",base_es,cart ka total amount change ho gaya,change ho gaya cart ka total amount,,,,7,7,0,7,1.0,True,3.4285714285714284,4.0,0.5714285714285714,6,0.4,0.6,2,False,True,False,2_switch,0.5946035575013605,0.94483495,0.94483495,0.94483495
214,shopping,EN-HN-EN-EN-HN-HN,3,2,"[1, 2]",tf_es,total amount change ho gaya cart ka,change ho gaya cart ka total amount,,,,7,7,0,7,1.0,True,2.857142857142857,5.0,0.47619047619047616,4,0.4,0.6,2,False,False,True,2_switch,0.7071067811865476,0.9639828,0.9639828,0.9639828
215,shopping,EN-HN-EN-HN-HN-HN,4,1,[2],base_tf,offer ka validity kal expire ho raha,validity kal expire ho raha offer ka,,,,7,7,0,7,1.0,True,2.857142857142857,5.0,0.47619047619047616,4,0.2,0.8,1,True,False,False,1_switch,0.7071067811865476,0.9636265,0.96362644,0.96362644
215,shopping,EN-HN-EN-HN-HN-HN,4,1,[2],base_es,offer ka validity kal expire ho raha,expire ho raha offer ka validity kal,,,,7,7,0,7,1.0,True,3.4285714285714284,4.0,0.5714285714285714,6,0.2,0.8,1,False,True,False,1_switch,0.5946035575013605,0.94813895,0.94813895,0.94813895
215,shopping,EN-HN-EN-HN-HN-HN,4,1,[2],tf_es,validity kal expire ho raha offer ka,expire ho raha offer ka validity kal,,,,7,7,0,7,1.0,True,2.857142857142857,5.0,0.47619047619047616,4,0.2,0.8,1,False,False,True,1_switch,0.7071067811865476,0.9573414,0.9573413,0.9573414
216,work,EN-HN-EN-EN-EN-HN,2,3,"[1, 2, 3]",base_tf,meeting ka start time postpone hua,start time postpone hua meeting ka,,,,6,6,0,6,1.0,True,2.6666666666666665,4.0,0.5333333333333333,4,0.6,0.4,3,True,False,False,3plus_switch,0.6042750794713536,0.9501736,0.94975245,0.949963
216,work,EN-HN-EN-EN-EN-HN,2,3,"[1, 2, 3]",base_es,meeting ka start time postpone hua,postpone hua meeting ka start time,,,,6,6,0,6,1.0,True,2.6666666666666665,4.0,0.5333333333333333,4,0.6,0.4,3,False,True,False,3plus_switch,0.6042750794713536,0.9456108,0.9456108,0.9456108
216,work,EN-HN-EN-EN-EN-HN,2,3,"[1, 2, 3]",tf_es,start time postpone hua meeting ka,postpone hua meeting ka start time,,,,6,6,0,6,1.0,True,2.6666666666666665,4.0,0.5333333333333333,4,0.6,0.4,3,False,False,True,3plus_switch,0.6042750794713536,0.9607228,0.9607228,0.9607228
217,work,EN-HN-EN-EN-EN-HN,2,3,"[1, 2, 3]",base_tf,task ka priority level high hai,priority level high hai task ka,,,,6,6,0,6,1.0,True,2.6666666666666665,4.0,0.5333333333333333,4,0.6,0.4,3,True,False,False,3plus_switch,0.6042750794713536,0.9670677,0.9670677,0.9670677
217,work,EN-HN-EN-EN-EN-HN,2,3,"[1, 2, 3]",base_es,task ka priority level high hai,high hai task ka priority level,,,,6,6,0,6,1.0,True,2.6666666666666665,4.0,0.5333333333333333,4,0.6,0.4,3,False,True,False,3plus_switch,0.6042750794713536,0.9707258,0.9707258,0.9707258
217,work,EN-HN-EN-EN-EN-HN,2,3,"[1, 2, 3]",tf_es,priority level high hai task ka,high hai task ka priority level,,,,6,6,0,6,1.0,True,2.6666666666666665,4.0,0.5333333333333333,4,0.6,0.4,3,False,False,True,3plus_switch,0.6042750794713536,0.96185195,0.961852,0.961852
218,work,EN-HN-EN-EN-HN-HN,3,2,"[1, 2]",base_tf,document ka version outdated lag raha,version outdated lag raha document ka,,,,6,6,0,6,1.0,True,2.6666666666666665,4.0,0.5333333333333333,4,0.4,0.6,2,True,False,False,2_switch,0.6042750794713536,0.94785315,0.94785315,0.94785315
218,work,EN-HN-EN-EN-HN-HN,3,2,"[1, 2]",base_es,document ka version outdated lag raha,outdated lag raha document ka version,,,,6,6,0,6,1.0,True,3.0,3.0,0.6,6,0.4,0.6,2,False,True,False,2_switch,0.3931466788228678,0.952016,0.952016,0.952016
218,work,EN-HN-EN-EN-HN-HN,3,2,"[1, 2]",tf_es,version outdated lag raha document ka,outdated lag raha document ka version,,,,6,6,0,6,1.0,True,1.6666666666666667,5.0,0.3333333333333333,2,0.4,0.6,2,False,False,True,2_switch,0.7952707287670506,0.9751313,0.9751313,0.9751313
219,work,EN-HN-EN-HN-HN-HN,4,1,[1],base_tf,call ka audio clear nahi aa raha,audio clear nahi aa raha call ka,,,,7,7,0,7,1.0,True,2.857142857142857,5.0,0.47619047619047616,4,0.2,0.8,1,True,False,False,1_switch,0.7071067811865476,0.9587104,0.9587104,0.9587104
219,work,EN-HN-EN-HN-HN-HN,4,1,[1],base_es,call ka audio clear nahi aa raha,clear nahi aa raha call ka audio,,,,7,7,0,7,1.0,True,3.4285714285714284,4.0,0.5714285714285714,6,0.2,0.8,1,False,True,False,1_switch,0.5946035575013605,0.9621107,0.9621107,0.9621107
219,work,EN-HN-EN-HN-HN-HN,4,1,[1],tf_es,audio clear nahi aa raha call ka,clear nahi aa raha call ka audio,,,,7,7,0,7,1.0,True,1.7142857142857142,6.0,0.2857142857142857,2,0.2,0.8,1,False,False,True,1_switch,0.8408964152537146,0.9727665,0.9727665,0.9727665
220,work,EN-HN-EN-EN-HN-HN-HN,4,2,"[1, 2]",base_tf,discussion ka summary mail pe bhej dena,summary mail pe bhej dena discussion ka,,,,7,7,0,7,1.0,True,2.857142857142857,5.0,0.47619047619047616,4,0.3333333333333333,0.6666666666666666,2,True,False,False,2_switch,0.7071067811865476,0.97383,0.97383004,0.97383004
220,work,EN-HN-EN-EN-HN-HN-HN,4,2,"[1, 2]",base_es,discussion ka summary mail pe bhej dena,bhej dena discussion ka summary mail pe,,,,7,7,0,7,1.0,True,2.857142857142857,5.0,0.47619047619047616,4,0.3333333333333333,0.6666666666666666,2,False,True,False,2_switch,0.7071067811865476,0.9604865,0.9604865,0.9604865
220,work,EN-HN-EN-EN-HN-HN-HN,4,2,"[1, 2]",tf_es,summary mail pe bhej dena discussion ka,bhej dena discussion ka summary mail pe,,,,7,7,0,7,1.0,True,3.4285714285714284,4.0,0.5714285714285714,6,0.3333333333333333,0.6666666666666666,2,False,False,True,2_switch,0.5946035575013605,0.96291107,0.962911,0.96291107
221,education,EN-HN-EN-EN-HN-HN-HN,4,2,"[1, 2]",base_tf,lecture ka slide deck download nahi ho raha,slide deck download nahi ho raha lecture ka,,,,8,8,0,8,1.0,True,3.0,6.0,0.42857142857142855,4,0.3333333333333333,0.6666666666666666,2,True,False,False,2_switch,0.7652058832556895,0.961651,0.9616511,0.961651
221,education,EN-HN-EN-EN-HN-HN-HN,4,2,"[1, 2]",base_es,lecture ka slide deck download nahi ho raha,download nahi ho raha lecture ka slide deck,,,,8,8,0,8,1.0,True,4.0,4.0,0.5714285714285714,8,0.3333333333333333,0.6666666666666666,2,False,True,False,2_switch,0.691441569283882,0.95181644,0.9518164,0.9518164
221,education,EN-HN-EN-EN-HN-HN-HN,4,2,"[1, 2]",tf_es,slide deck download nahi ho raha lecture ka,download nahi ho raha lecture ka slide deck,,,,8,8,0,8,1.0,True,3.0,6.0,0.42857142857142855,4,0.3333333333333333,0.6666666666666666,2,False,False,True,2_switch,0.7652058832556895,0.9708474,0.97084737,0.9708474
222,education,EN-HN-EN-HN-HN,3,1,[1],base_tf,exam ka invigilator late aaya,invigilator late aaya exam ka,,,,5,5,0,5,1.0,True,2.4,3.0,0.6,4,0.25,0.75,1,True,False,False,1_switch,0.3766136530980537,0.9607067,0.9607067,0.9607067
222,education,EN-HN-EN-HN-HN,3,1,[1],base_es,exam ka invigilator late aaya,late aaya exam ka invigilator,,,,5,5,0,5,1.0,True,2.4,3.0,0.6,4,0.25,0.75,1,False,True,False,1_switch,0.3766136530980537,0.9530258,0.9530258,0.9530258
222,education,EN-HN-EN-HN-HN,3,1,[1],tf_es,invigilator late aaya exam ka,late aaya exam ka invigilator,,,,5,5,0,5,1.0,True,1.6,4.0,0.4,2,0.25,0.75,1,False,False,True,1_switch,0.7071067811865476,0.9635803,0.9635803,0.9635803
223,education,EN-HN-EN-EN-EN-HN,2,3,"[1, 2, 3]",base_tf,class ka attendance register missing hai,attendance register missing hai class ka,,,,6,6,0,6,1.0,True,2.6666666666666665,4.0,0.5333333333333333,4,0.6,0.4,3,True,False,False,3plus_switch,0.6042750794713536,0.95905113,0.95905113,0.95905113
223,education,EN-HN-EN-EN-EN-HN,2,3,"[1, 2, 3]",base_es,class ka attendance register missing hai,missing hai class ka attendance register,,,,6,6,0,6,1.0,True,2.6666666666666665,4.0,0.5333333333333333,4,0.6,0.4,3,False,True,False,3plus_switch,0.6042750794713536,0.9663622,0.96636224,0.9663622
223,education,EN-HN-EN-EN-EN-HN,2,3,"[1, 2, 3]",tf_es,attendance register missing hai class ka,missing hai class ka attendance register,,,,6,6,0,6,1.0,True,2.6666666666666665,4.0,0.5333333333333333,4,0.6,0.4,3,False,False,True,3plus_switch,0.6042750794713536,0.95495963,0.95495963,0.95495963
224,education,EN-HN-EN-EN-HN-HN,3,2,"[1, 2]",base_tf,project ka demo clearly samajh aaya,demo clearly samajh aaya project ka,,,,6,6,0,6,1.0,True,2.6666666666666665,4.0,0.5333333333333333,4,0.4,0.6,2,True,False,False,2_switch,0.6042750794713536,0.9565623,0.9565623,0.9565623
224,education,EN-HN-EN-EN-HN-HN,3,2,"[1, 2]",base_es,project ka demo clearly samajh aaya,clearly samajh aaya project ka demo,,,,6,6,0,6,1.0,True,3.0,3.0,0.6,6,0.4,0.6,2,False,True,False,2_switch,0.3931466788228678,0.9502078,0.9502078,0.9502078
224,education,EN-HN-EN-EN-HN-HN,3,2,"[1, 2]",tf_es,demo clearly samajh aaya project ka,clearly samajh aaya project ka demo,,,,6,6,0,6,1.0,True,1.6666666666666667,5.0,0.3333333333333333,2,0.4,0.6,2,False,False,True,2_switch,0.7952707287670506,0.9650037,0.9650037,0.9650037
225,education,EN-HN-EN-HN-EN-HN-HN,5,2,"[1, 4]",base_tf,seminar ka schedule last minute change hua,schedule last minute change hua seminar ka,,,,7,7,0,7,1.0,True,2.857142857142857,5.0,0.47619047619047616,4,0.2857142857142857,0.7142857142857143,2,True,False,False,2_switch,0.7071067811865476,0.93982214,0.9402208,0.9400214
225,education,EN-HN-EN-HN-EN-HN-HN,5,2,"[1, 4]",base_es,seminar ka schedule last minute change hua,change hua seminar ka schedule last minute,,,,7,7,0,7,1.0,True,2.857142857142857,5.0,0.47619047619047616,4,0.2857142857142857,0.7142857142857143,2,False,True,False,2_switch,0.7071067811865476,0.9427175,0.94515824,0.9439362
225,education,EN-HN-EN-HN-EN-HN-HN,5,2,"[1, 4]",tf_es,schedule last minute change hua seminar ka,change hua seminar ka schedule last minute,,,,7,7,0,7,1.0,True,3.4285714285714284,4.0,0.5714285714285714,6,0.2857142857142857,0.7142857142857143,2,False,False,True,2_switch,0.5946035575013605,0.948026,0.948026,0.948026
226,education,EN-HN-EN-EN-HN-HN,3,2,"[1, 2]",base_tf,hostel ka mess food average lag raha,mess food average lag raha hostel ka,,,,7,7,0,7,1.0,True,2.857142857142857,5.0,0.47619047619047616,4,0.4,0.6,2,True,False,False,2_switch,0.7071067811865476,0.9584993,0.9584993,0.9584994
226,education,EN-HN-EN-EN-HN-HN,3,2,"[1, 2]",base_es,hostel ka mess food average lag raha,average lag raha hostel ka mess food,,,,7,7,0,7,1.0,True,3.4285714285714284,4.0,0.5714285714285714,6,0.4,0.6,2,False,True,False,2_switch,0.5946035575013605,0.95816326,0.95816326,0.95816326
226,education,EN-HN-EN-EN-HN-HN,3,2,"[1, 2]",tf_es,mess food average lag raha hostel ka,average lag raha hostel ka mess food,,,,7,7,0,7,1.0,True,2.857142857142857,5.0,0.47619047619047616,4,0.4,0.6,2,False,False,True,2_switch,0.7071067811865476,0.9600514,0.9600514,0.9600514
227,education,EN-HN-EN-HN-HN,3,1,[1],base_tf,whiteboard ka marker dry ho gaya,marker dry ho gaya whiteboard ka,,,,6,6,0,6,1.0,True,2.6666666666666665,4.0,0.5333333333333333,4,0.25,0.75,1,True,False,False,1_switch,0.6042750794713536,0.94935626,0.9493562,0.94935626
227,education,EN-HN-EN-HN-HN,3,1,[1],base_es,whiteboard ka marker dry ho gaya,dry ho gaya whiteboard ka marker,,,,6,6,0,6,1.0,True,3.0,3.0,0.6,6,0.25,0.75,1,False,True,False,1_switch,0.3931466788228678,0.95297277,0.9529729,0.9529728
227,education,EN-HN-EN-HN-HN,3,1,[1],tf_es,marker dry ho gaya whiteboard ka,dry ho gaya whiteboard ka marker,,,,6,6,0,6,1.0,True,1.6666666666666667,5.0,0.3333333333333333,2,0.25,0.75,1,False,False,True,1_switch,0.7952707287670506,0.96923995,0.96924,0.96924
228,education,EN-HN-EN-EN-EN-HN,2,3,"[1, 2, 3]",base_tf,assignment ka submission portal slow hai,submission portal slow hai assignment ka,,,,6,6,0,6,1.0,True,2.6666666666666665,4.0,0.5333333333333333,4,0.6,0.4,3,True,False,False,3plus_switch,0.6042750794713536,0.95896685,0.95896685,0.95896685
228,education,EN-HN-EN-EN-EN-HN,2,3,"[1, 2, 3]",base_es,assignment ka submission portal slow hai,slow hai assignment ka submission portal,,,,6,6,0,6,1.0,True,2.6666666666666665,4.0,0.5333333333333333,4,0.6,0.4,3,False,True,False,3plus_switch,0.6042750794713536,0.96358734,0.96358734,0.96358734
228,education,EN-HN-EN-EN-EN-HN,2,3,"[1, 2, 3]",tf_es,submission portal slow hai assignment ka,slow hai assignment ka submission portal,,,,6,6,0,6,1.0,True,2.6666666666666665,4.0,0.5333333333333333,4,0.6,0.4,3,False,False,True,3plus_switch,0.6042750794713536,0.95950246,0.95950246,0.9595024
229,education,EN-HN-EN-EN-HN-HN,3,2,"[1, 2]",base_tf,class ka syllabus alignment clear nahi,syllabus alignment clear nahi class ka,,,,6,6,0,6,1.0,True,2.6666666666666665,4.0,0.5333333333333333,4,0.4,0.6,2,True,False,False,2_switch,0.6042750794713536,0.9741787,0.9741786,0.9741786
229,education,EN-HN-EN-EN-HN-HN,3,2,"[1, 2]",base_es,class ka syllabus alignment clear nahi,clear nahi class ka syllabus alignment,,,,6,6,0,6,1.0,True,2.6666666666666665,4.0,0.5333333333333333,4,0.4,0.6,2,False,True,False,2_switch,0.6042750794713536,0.9753715,0.9753715,0.9753715
229,education,EN-HN-EN-EN-HN-HN,3,2,"[1, 2]",tf_es,syllabus alignment clear nahi class ka,clear nahi class ka syllabus alignment,,,,6,6,0,6,1.0,True,2.6666666666666665,4.0,0.5333333333333333,4,0.4,0.6,2,False,False,True,2_switch,0.6042750794713536,0.9676734,0.9676734,0.9676734
230,education,EN-HN-EN-EN-HN-HN,3,2,"[1, 2]",base_tf,tutorial ka recording link expire ho gaya,recording link expire ho gaya tutorial ka,,,,7,7,0,7,1.0,True,2.857142857142857,5.0,0.47619047619047616,4,0.4,0.6,2,True,False,False,2_switch,0.7071067811865476,0.96563363,0.96563363,0.96563363
230,education,EN-HN-EN-EN-HN-HN,3,2,"[1, 2]",base_es,tutorial ka recording link expire ho gaya,expire ho gaya tutorial ka recording link,,,,7,7,0,7,1.0,True,3.4285714285714284,4.0,0.5714285714285714,6,0.4,0.6,2,False,True,False,2_switch,0.5946035575013605,0.959164,0.959164,0.959164
230,education,EN-HN-EN-EN-HN-HN,3,2,"[1, 2]",tf_es,recording link expire ho gaya tutorial ka,expire ho gaya tutorial ka recording link,,,,7,7,0,7,1.0,True,2.857142857142857,5.0,0.47619047619047616,4,0.4,0.6,2,False,False,True,2_switch,0.7071067811865476,0.9673666,0.9673666,0.9673666
231,household,EN-HN-EN-EN-HN-HN,3,2,"[1, 2]",base_tf,kitchen ka sink water leak kar raha,sink water leak kar raha kitchen ka,,,,7,7,0,7,1.0,True,2.857142857142857,5.0,0.47619047619047616,4,0.4,0.6,2,True,False,False,2_switch,0.7071067811865476,0.9598993,0.9598993,0.9598993
231,household,EN-HN-EN-EN-HN-HN,3,2,"[1, 2]",base_es,kitchen ka sink water leak kar raha,leak kar raha kitchen ka sink water,,,,7,7,0,7,1.0,True,3.4285714285714284,4.0,0.5714285714285714,6,0.4,0.6,2,False,True,False,2_switch,0.5946035575013605,0.95634973,0.95634973,0.95634973
231,household,EN-HN-EN-EN-HN-HN,3,2,"[1, 2]",tf_es,sink water leak kar raha kitchen ka,leak kar raha kitchen ka sink water,,,,7,7,0,7,1.0,True,2.857142857142857,5.0,0.47619047619047616,4,0.4,0.6,2,False,False,True,2_switch,0.7071067811865476,0.9555025,0.9555025,0.9555025
232,household,EN-HN-EN-EN-HN-HN-HN,4,2,"[1, 2]",base_tf,room ka curtain properly slide nahi ho raha,curtain properly slide nahi ho raha room ka,,,,8,8,0,8,1.0,True,3.0,6.0,0.42857142857142855,4,0.3333333333333333,0.6666666666666666,2,True,False,False,2_switch,0.7652058832556895,0.96332633,0.9633263,0.9633263
232,household,EN-HN-EN-EN-HN-HN-HN,4,2,"[1, 2]",base_es,room ka curtain properly slide nahi ho raha,slide nahi ho raha room ka curtain properly,,,,8,8,0,8,1.0,True,4.0,4.0,0.5714285714285714,8,0.3333333333333333,0.6666666666666666,2,False,True,False,2_switch,0.691441569283882,0.961439,0.9608735,0.9611562
232,household,EN-HN-EN-EN-HN-HN-HN,4,2,"[1, 2]",tf_es,curtain properly slide nahi ho raha room ka,slide nahi ho raha room ka curtain properly,,,,8,8,0,8,1.0,True,3.0,6.0,0.42857142857142855,4,0.3333333333333333,0.6666666666666666,2,False,False,True,2_switch,0.7652058832556895,0.955584,0.955584,0.955584
233,household,EN-HN-EN-EN-HN-HN,3,2,"[1, 2]",base_tf,bedroom ka switch board loose lag raha,switch board loose lag raha bedroom ka,,,,7,7,0,7,1.0,True,2.857142857142857,5.0,0.47619047619047616,4,0.4,0.6,2,True,False,False,2_switch,0.7071067811865476,0.95499563,0.95499563,0.95499563
233,household,EN-HN-EN-EN-HN-HN,3,2,"[1, 2]",base_es,bedroom ka switch board loose lag raha,loose lag raha bedroom ka switch board,,,,7,7,0,7,1.0,True,3.4285714285714284,4.0,0.5714285714285714,6,0.4,0.6,2,False,True,False,2_switch,0.5946035575013605,0.95374125,0.95374125,0.95374125
233,household,EN-HN-EN-EN-HN-HN,3,2,"[1, 2]",tf_es,switch board loose lag raha bedroom ka,loose lag raha bedroom ka switch board,,,,7,7,0,7,1.0,True,2.857142857142857,5.0,0.47619047619047616,4,0.4,0.6,2,False,False,True,2_switch,0.7071067811865476,0.96060765,0.96060765,0.96060765
234,household,EN-HN-EN-HN-HN-HN,4,1,[2],base_tf,washing powder ka stock khatam ho gaya,stock khatam ho gaya washing powder ka,,,,7,7,0,7,1.0,True,3.4285714285714284,4.0,0.5714285714285714,6,0.2,0.8,1,True,False,False,1_switch,0.5946035575013605,0.95393085,0.95393085,0.95393085
234,household,EN-HN-EN-HN-HN-HN,4,1,[2],base_es,washing powder ka stock khatam ho gaya,khatam ho gaya washing powder ka stock,,,,7,7,0,7,1.0,True,3.4285714285714284,4.0,0.5714285714285714,6,0.2,0.8,1,False,True,False,1_switch,0.5946035575013605,0.9600627,0.9600626,0.9600627
234,household,EN-HN-EN-HN-HN-HN,4,1,[2],tf_es,stock khatam ho gaya washing powder ka,khatam ho gaya washing powder ka stock,,,,7,7,0,7,1.0,True,1.7142857142857142,6.0,0.2857142857142857,2,0.2,0.8,1,False,False,True,1_switch,0.8408964152537146,0.97665334,0.9766534,0.9766534
235,household,EN-HN-EN-HN-HN-HN,4,1,[1],base_tf,balcony ka plant water karna reh gaya,plant water karna reh gaya balcony ka,,,,7,7,0,7,1.0,True,2.857142857142857,5.0,0.47619047619047616,4,0.2,0.8,1,True,False,False,1_switch,0.7071067811865476,0.95367706,0.95367706,0.95367706
235,household,EN-HN-EN-HN-HN-HN,4,1,[1],base_es,balcony ka plant water karna reh gaya,water karna reh gaya balcony ka plant,,,,7,7,0,7,1.0,True,3.4285714285714284,4.0,0.5714285714285714,6,0.2,0.8,1,False,True,False,1_switch,0.5946035575013605,0.95473033,0.95473033,0.95473033
235,household,EN-HN-EN-HN-HN-HN,4,1,[1],tf_es,plant water karna reh gaya balcony ka,water karna reh gaya balcony ka plant,,,,7,7,0,7,1.0,True,1.7142857142857142,6.0,0.2857142857142857,2,0.2,0.8,1,False,False,True,1_switch,0.8408964152537146,0.97832894,0.97832894,0.97832894
236,household,EN-HN-EN-EN-HN-HN,3,2,"[1, 2]",base_tf,bathroom ka exhaust fan noise kar raha,exhaust fan noise kar raha bathroom ka,,,,7,7,0,7,1.0,True,2.857142857142857,5.0,0.47619047619047616,4,0.4,0.6,2,True,False,False,2_switch,0.7071067811865476,0.96222574,0.96222574,0.96222574
236,household,EN-HN-EN-EN-HN-HN,3,2,"[1, 2]",base_es,bathroom ka exhaust fan noise kar raha,noise kar raha bathroom ka exhaust fan,,,,7,7,0,7,1.0,True,3.4285714285714284,4.0,0.5714285714285714,6,0.4,0.6,2,False,True,False,2_switch,0.5946035575013605,0.9441395,0.9441395,0.9441395
236,household,EN-HN-EN-EN-HN-HN,3,2,"[1, 2]",tf_es,exhaust fan noise kar raha bathroom ka,noise kar raha bathroom ka exhaust fan,,,,7,7,0,7,1.0,True,2.857142857142857,5.0,0.47619047619047616,4,0.4,0.6,2,False,False,True,2_switch,0.7071067811865476,0.9585781,0.9585781,0.9585781
237,household,EN-HN-EN-EN-HN-HN,3,2,"[1, 2]",base_tf,fridge ka ice tray jam ho gaya,ice tray jam ho gaya fridge ka,,,,7,7,0,7,1.0,True,2.857142857142857,5.0,0.47619047619047616,4,0.4,0.6,2,True,False,False,2_switch,0.7071067811865476,0.9606436,0.96064365,0.9606436
237,household,EN-HN-EN-EN-HN-HN,3,2,"[1, 2]",base_es,fridge ka ice tray jam ho gaya,jam ho gaya fridge ka ice tray,,,,7,7,0,7,1.0,True,3.4285714285714284,4.0,0.5714285714285714,6,0.4,0.6,2,False,True,False,2_switch,0.5946035575013605,0.96462125,0.9646212,0.96462125
237,household,EN-HN-EN-EN-HN-HN,3,2,"[1, 2]",tf_es,ice tray jam ho gaya fridge ka,jam ho gaya fridge ka ice tray,,,,7,7,0,7,1.0,True,2.857142857142857,5.0,0.47619047619047616,4,0.4,0.6,2,False,False,True,2_switch,0.7071067811865476,0.964921,0.964921,0.964921
238,household,EN-HN-EN-EN-HN-HN,3,2,"[1, 2]",base_tf,sofa ka fabric stain easily pakad raha,fabric stain easily pakad raha sofa ka,,,,7,7,0,7,1.0,True,2.857142857142857,5.0,0.47619047619047616,4,0.4,0.6,2,True,False,False,2_switch,0.7071067811865476,0.9589242,0.9589242,0.9589242
238,household,EN-HN-EN-EN-HN-HN,3,2,"[1, 2]",base_es,sofa ka fabric stain easily pakad raha,easily pakad raha sofa ka fabric stain,,,,7,7,0,7,1.0,True,3.4285714285714284,4.0,0.5714285714285714,6,0.4,0.6,2,False,True,False,2_switch,0.5946035575013605,0.9544772,0.9544772,0.9544772
238,household,EN-HN-EN-EN-HN-HN,3,2,"[1, 2]",tf_es,fabric stain easily pakad raha sofa ka,easily pakad raha sofa ka fabric stain,,,,7,7,0,7,1.0,True,2.857142857142857,5.0,0.47619047619047616,4,0.4,0.6,2,False,False,True,2_switch,0.7071067811865476,0.9636381,0.96363807,0.9636381
239,household,EN-HN-EN-HN-EN-HN-HN,4,2,"[1, 4]",base_tf,wardrobe ka door alignment thoda off hai,door alignment thoda off hai wardrobe ka,,,,7,7,0,7,1.0,True,2.857142857142857,5.0,0.47619047619047616,4,0.3333333333333333,0.6666666666666666,2,True,False,False,2_switch,0.7071067811865476,0.96985245,0.96985245,0.96985245
239,household,EN-HN-EN-HN-EN-HN-HN,4,2,"[1, 4]",base_es,wardrobe ka door alignment thoda off hai,off hai wardrobe ka door alignment thoda,,,,7,7,0,7,1.0,True,2.857142857142857,5.0,0.47619047619047616,4,0.3333333333333333,0.6666666666666666,2,False,True,False,2_switch,0.7071067811865476,0.9708328,0.9708328,0.9708328
239,household,EN-HN-EN-HN-EN-HN-HN,4,2,"[1, 4]",tf_es,door alignment thoda off hai wardrobe ka,off hai wardrobe ka door alignment thoda,,,,7,7,0,7,1.0,True,3.4285714285714284,4.0,0.5714285714285714,6,0.3333333333333333,0.6666666666666666,2,False,False,True,2_switch,0.5946035575013605,0.96654254,0.9665425,0.96654254
240,household,EN-HN-EN-EN-HN-HN,3,2,"[1, 2]",base_tf,home ka inverter backup weak lag raha,inverter backup weak lag raha home ka,,,,7,7,0,7,1.0,True,2.857142857142857,5.0,0.47619047619047616,4,0.4,0.6,2,True,False,False,2_switch,0.7071067811865476,0.95940226,0.9594022,0.95940226
240,household,EN-HN-EN-EN-HN-HN,3,2,"[1, 2]",base_es,home ka inverter backup weak lag raha,weak lag raha home ka inverter backup,,,,7,7,0,7,1.0,True,3.4285714285714284,4.0,0.5714285714285714,6,0.4,0.6,2,False,True,False,2_switch,0.5946035575013605,0.9566835,0.9566835,0.9566835
240,household,EN-HN-EN-EN-HN-HN,3,2,"[1, 2]",tf_es,inverter backup weak lag raha home ka,weak lag raha home ka inverter backup,,,,7,7,0,7,1.0,True,2.857142857142857,5.0,0.47619047619047616,4,0.4,0.6,2,False,False,True,2_switch,0.7071067811865476,0.95791703,0.95791703,0.95791703
241,digital,EN-HN-EN-EN-EN-HN,2,3,"[1, 2, 3]",base_tf,app ka onboarding flow confusing laga,onboarding flow confusing laga app ka,,,,6,6,0,6,1.0,True,2.6666666666666665,4.0,0.5333333333333333,4,0.6,0.4,3,True,False,False,3plus_switch,0.6042750794713536,0.9588293,0.9588293,0.9588293
241,digital,EN-HN-EN-EN-EN-HN,2,3,"[1, 2, 3]",base_es,app ka onboarding flow confusing laga,confusing laga app ka onboarding flow,,,,6,6,0,6,1.0,True,2.6666666666666665,4.0,0.5333333333333333,4,0.6,0.4,3,False,True,False,3plus_switch,0.6042750794713536,0.96555483,0.9655549,0.9655549
241,digital,EN-HN-EN-EN-EN-HN,2,3,"[1, 2, 3]",tf_es,onboarding flow confusing laga app ka,confusing laga app ka onboarding flow,,,,6,6,0,6,1.0,True,2.6666666666666665,4.0,0.5333333333333333,4,0.6,0.4,3,False,False,True,3plus_switch,0.6042750794713536,0.9497305,0.9497306,0.9497306
242,digital,EN-HN-EN-EN-HN-HN-HN,4,2,"[1, 2]",base_tf,phone ka notification badge clear nahi hua,notification badge clear nahi hua phone ka,,,,7,7,0,7,1.0,True,2.857142857142857,5.0,0.47619047619047616,4,0.3333333333333333,0.6666666666666666,2,True,False,False,2_switch,0.7071067811865476,0.95639014,0.95639014,0.95639014
242,digital,EN-HN-EN-EN-HN-HN-HN,4,2,"[1, 2]",base_es,phone ka notification badge clear nahi hua,clear nahi hua phone ka notification badge,,,,7,7,0,7,1.0,True,3.4285714285714284,4.0,0.5714285714285714,6,0.3333333333333333,0.6666666666666666,2,False,True,False,2_switch,0.5946035575013605,0.9478699,0.9478699,0.9478699
242,digital,EN-HN-EN-EN-HN-HN-HN,4,2,"[1, 2]",tf_es,notification badge clear nahi hua phone ka,clear nahi hua phone ka notification badge,,,,7,7,0,7,1.0,True,2.857142857142857,5.0,0.47619047619047616,4,0.3333333333333333,0.6666666666666666,2,False,False,True,2_switch,0.7071067811865476,0.96770525,0.96770525,0.96770525
243,digital,EN-HN-EN-EN-EN-HN,2,3,"[1, 2, 3]",base_tf,browser ka extension automatically disable hua,extension automatically disable hua browser ka,,,,6,6,0,6,1.0,True,2.6666666666666665,4.0,0.5333333333333333,4,0.6,0.4,3,True,False,False,3plus_switch,0.6042750794713536,0.9551803,0.9551803,0.9551803
243,digital,EN-HN-EN-EN-EN-HN,2,3,"[1, 2, 3]",base_es,browser ka extension automatically disable hua,automatically disable hua browser ka extension,,,,6,6,0,6,1.0,True,3.0,3.0,0.6,6,0.6,0.4,3,False,True,False,3plus_switch,0.3931466788228678,0.9610952,0.9610952,0.9610952
243,digital,EN-HN-EN-EN-EN-HN,2,3,"[1, 2, 3]",tf_es,extension automatically disable hua browser ka,automatically disable hua browser ka extension,,,,6,6,0,6,1.0,True,1.6666666666666667,5.0,0.3333333333333333,2,0.6,0.4,3,False,False,True,3plus_switch,0.7952707287670506,0.97496414,0.9749642,0.9749642
244,digital,EN-HN-EN-EN-HN-HN-HN,3,2,"[1, 2]",base_tf,system ka storage cleanup recommend kar raha,storage cleanup recommend kar raha system ka,,,,7,7,0,7,1.0,True,2.857142857142857,5.0,0.47619047619047616,4,0.4,0.6,2,True,False,False,2_switch,0.7071067811865476,0.9616196,0.9616196,0.9616196
244,digital,EN-HN-EN-EN-HN-HN-HN,3,2,"[1, 2]",base_es,system ka storage cleanup recommend kar raha,recommend kar raha system ka storage cleanup,,,,7,7,0,7,1.0,True,3.4285714285714284,4.0,0.5714285714285714,6,0.4,0.6,2,False,True,False,2_switch,0.5946035575013605,0.95554125,0.95554125,0.9555413
244,digital,EN-HN-EN-EN-HN-HN-HN,3,2,"[1, 2]",tf_es,storage cleanup recommend kar raha system ka,recommend kar raha system ka storage cleanup,,,,7,7,0,7,1.0,True,2.857142857142857,5.0,0.47619047619047616,4,0.4,0.6,2,False,False,True,2_switch,0.7071067811865476,0.9625678,0.9625678,0.9625678
245,digital,EN-HN-EN-EN-EN-HN-HN,3,3,"[1, 2, 3]",base_tf,email ka attachment size limit cross ho gaya,attachment size limit cross ho gaya email ka,,,,8,8,0,8,1.0,True,3.0,6.0,0.42857142857142855,4,0.5,0.5,3,True,False,False,3plus_switch,0.7652058832556895,0.96780527,0.96780527,0.96780527
245,digital,EN-HN-EN-EN-EN-HN-HN,3,3,"[1, 2, 3]",base_es,email ka attachment size limit cross ho gaya,cross ho gaya email ka attachment size limit,,,,8,8,0,8,1.0,True,3.75,5.0,0.5357142857142857,6,0.5,0.5,3,False,True,False,3plus_switch,0.691441569283882,0.9613637,0.9613637,0.9613637
245,digital,EN-HN-EN-EN-EN-HN-HN,3,3,"[1, 2, 3]",tf_es,attachment size limit cross ho gaya email ka,cross ho gaya email ka attachment size limit,,,,8,8,0,8,1.0,True,3.75,5.0,0.5357142857142857,6,0.5,0.5,3,False,False,True,3plus_switch,0.691441569283882,0.96191174,0.96191174,0.96191174
246,digital,EN-HN-EN-EN-EN-HN,2,3,"[1, 2, 3]",base_tf,wifi ka password recently change hua,password recently change hua wifi ka,,,,6,6,0,6,1.0,True,2.6666666666666665,4.0,0.5333333333333333,4,0.6,0.4,3,True,False,False,3plus_switch,0.6042750794713536,0.953093,0.95309293,0.953093
246,digital,EN-HN-EN-EN-EN-HN,2,3,"[1, 2, 3]",base_es,wifi ka password recently change hua,change hua wifi ka password recently,,,,6,6,0,6,1.0,True,2.6666666666666665,4.0,0.5333333333333333,4,0.6,0.4,3,False,True,False,3plus_switch,0.6042750794713536,0.9553573,0.9553573,0.95535725
246,digital,EN-HN-EN-EN-EN-HN,2,3,"[1, 2, 3]",tf_es,password recently change hua wifi ka,change hua wifi ka password recently,,,,6,6,0,6,1.0,True,2.6666666666666665,4.0,0.5333333333333333,4,0.6,0.4,3,False,False,True,3plus_switch,0.6042750794713536,0.96307945,0.9630794,0.96307945
247,digital,EN-HN-EN-EN-EN-HN,2,3,"[1, 2, 3]",base_tf,app ka dark mode option missing hai,dark mode option missing hai app ka,,,,7,7,0,7,1.0,True,2.857142857142857,5.0,0.47619047619047616,4,0.6,0.4,3,True,False,False,3plus_switch,0.7071067811865476,0.9685904,0.9685904,0.9685904
247,digital,EN-HN-EN-EN-EN-HN,2,3,"[1, 2, 3]",base_es,app ka dark mode option missing hai,missing hai app ka dark mode option,,,,7,7,0,7,1.0,True,2.857142857142857,5.0,0.47619047619047616,4,0.6,0.4,3,False,True,False,3plus_switch,0.7071067811865476,0.97291577,0.97291577,0.97291577
247,digital,EN-HN-EN-EN-EN-HN,2,3,"[1, 2, 3]",tf_es,dark mode option missing hai app ka,missing hai app ka dark mode option,,,,7,7,0,7,1.0,True,3.4285714285714284,4.0,0.5714285714285714,6,0.6,0.4,3,False,False,True,3plus_switch,0.5946035575013605,0.97057116,0.97057116,0.97057116
248,digital,EN-HN-EN-EN-HN-HN,3,2,"[1, 2]",base_tf,file ka sync status stuck ho gaya,sync status stuck ho gaya file ka,,,,7,7,0,7,1.0,True,2.857142857142857,5.0,0.47619047619047616,4,0.4,0.6,2,True,False,False,2_switch,0.7071067811865476,0.96580255,0.96580255,0.96580255
248,digital,EN-HN-EN-EN-HN-HN,3,2,"[1, 2]",base_es,file ka sync status stuck ho gaya,stuck ho gaya file ka sync status,,,,7,7,0,7,1.0,True,3.4285714285714284,4.0,0.5714285714285714,6,0.4,0.6,2,False,True,False,2_switch,0.5946035575013605,0.9678252,0.9678252,0.9678252
248,digital,EN-HN-EN-EN-HN-HN,3,2,"[1, 2]",tf_es,sync status stuck ho gaya file ka,stuck ho gaya file ka sync status,,,,7,7,0,7,1.0,True,2.857142857142857,5.0,0.47619047619047616,4,0.4,0.6,2,False,False,True,2_switch,0.7071067811865476,0.9680893,0.9680893,0.9680893
249,digital,EN-HN-EN-EN-HN-HN,3,2,"[1, 2]",base_tf,update ka changelog properly mention nahi,changelog properly mention nahi update ka,,,,6,6,0,6,1.0,True,2.6666666666666665,4.0,0.5333333333333333,4,0.4,0.6,2,True,False,False,2_switch,0.6042750794713536,0.95681214,0.95681214,0.95681214
249,digital,EN-HN-EN-EN-HN-HN,3,2,"[1, 2]",base_es,update ka changelog properly mention nahi,properly mention nahi update ka changelog,,,,6,6,0,6,1.0,True,3.0,3.0,0.6,6,0.4,0.6,2,False,True,False,2_switch,0.3931466788228678,0.9527413,0.9527413,0.9527413
249,digital,EN-HN-EN-EN-HN-HN,3,2,"[1, 2]",tf_es,changelog properly mention nahi update ka,properly mention nahi update ka changelog,,,,6,6,0,6,1.0,True,1.6666666666666667,5.0,0.3333333333333333,2,0.4,0.6,2,False,False,True,2_switch,0.7952707287670506,0.9463639,0.9463639,0.9463639
250,digital,EN-HN-EN-EN-HN-HN,3,2,"[1, 2]",base_tf,system ka boot time zyada lag raha,boot time zyada lag raha system ka,,,,7,7,0,7,1.0,True,2.857142857142857,5.0,0.47619047619047616,4,0.4,0.6,2,True,False,False,2_switch,0.7071067811865476,0.96467406,0.96467406,0.96467406
250,digital,EN-HN-EN-EN-HN-HN,3,2,"[1, 2]",base_es,system ka boot time zyada lag raha,zyada lag raha system ka boot time,,,,7,7,0,7,1.0,True,3.4285714285714284,4.0,0.5714285714285714,6,0.4,0.6,2,False,True,False,2_switch,0.5946035575013605,0.95010316,0.95010316,0.95010316
250,digital,EN-HN-EN-EN-HN-HN,3,2,"[1, 2]",tf_es,boot time zyada lag raha system ka,zyada lag raha system ka boot time,,,,7,7,0,7,1.0,True,2.857142857142857,5.0,0.47619047619047616,4,0.4,0.6,2,False,False,True,2_switch,0.7071067811865476,0.9702425,0.9702425,0.9702425
251,health,EN-HN-EN-EN-HN-HN-HN,4,2,"[1, 2]",base_tf,doctor ka follow up visit next week hai,follow up visit next week hai doctor ka,,,,8,8,0,8,1.0,True,3.0,6.0,0.42857142857142855,4,0.3333333333333333,0.6666666666666666,2,True,False,False,2_switch,0.7652058832556895,0.9623476,0.9623476,0.9623476
251,health,EN-HN-EN-EN-HN-HN-HN,4,2,"[1, 2]",base_es,doctor ka follow up visit next week hai,next week hai doctor ka follow up visit,,,,8,8,0,8,1.0,True,3.75,5.0,0.5357142857142857,6,0.3333333333333333,0.6666666666666666,2,False,True,False,2_switch,0.691441569283882,0.9748365,0.9748365,0.9748365
251,health,EN-HN-EN-EN-HN-HN-HN,4,2,"[1, 2]",tf_es,follow up visit next week hai doctor ka,next week hai doctor ka follow up visit,,,,8,8,0,8,1.0,True,3.75,5.0,0.5357142857142857,6,0.3333333333333333,0.6666666666666666,2,False,False,True,2_switch,0.691441569283882,0.96279824,0.96279824,0.96279824
252,health,EN-HN-EN-EN-HN-HN,3,2,"[1, 2]",base_tf,medicine ka refill reminder set karna,refill reminder set karna medicine ka,,,,6,6,0,6,1.0,True,2.6666666666666665,4.0,0.5333333333333333,4,0.4,0.6,2,True,False,False,2_switch,0.6042750794713536,0.95750564,0.95750564,0.95750564
252,health,EN-HN-EN-EN-HN-HN,3,2,"[1, 2]",base_es,medicine ka refill reminder set karna,set karna medicine ka refill reminder,,,,6,6,0,6,1.0,True,2.6666666666666665,4.0,0.5333333333333333,4,0.4,0.6,2,False,True,False,2_switch,0.6042750794713536,0.9523819,0.95369923,0.9530401
252,health,EN-HN-EN-EN-HN-HN,3,2,"[1, 2]",tf_es,refill reminder set karna medicine ka,set karna medicine ka refill reminder,,,,6,6,0,6,1.0,True,2.6666666666666665,4.0,0.5333333333333333,4,0.4,0.6,2,False,False,True,2_switch,0.6042750794713536,0.93716145,0.93716145,0.93716145
253,health,EN-HN-EN-EN-EN-HN,2,3,"[1, 2, 3]",base_tf,clinic ka registration counter crowded tha,registration counter crowded tha clinic ka,,,,6,6,0,6,1.0,True,2.6666666666666665,4.0,0.5333333333333333,4,0.6,0.4,3,True,False,False,3plus_switch,0.6042750794713536,0.9699848,0.9699848,0.9699848
253,health,EN-HN-EN-EN-EN-HN,2,3,"[1, 2, 3]",base_es,clinic ka registration counter crowded tha,crowded tha clinic ka registration counter,,,,6,6,0,6,1.0,True,2.6666666666666665,4.0,0.5333333333333333,4,0.6,0.4,3,False,True,False,3plus_switch,0.6042750794713536,0.9583229,0.9583229,0.9583229
253,health,EN-HN-EN-EN-EN-HN,2,3,"[1, 2, 3]",tf_es,registration counter crowded tha clinic ka,crowded tha clinic ka registration counter,,,,6,6,0,6,1.0,True,2.6666666666666665,4.0,0.5333333333333333,4,0.6,0.4,3,False,False,True,3plus_switch,0.6042750794713536,0.96122855,0.96122855,0.96122855
254,health,EN-HN-EN-EN-HN-HN,3,2,"[1, 2]",base_tf,test ka sample collection smooth raha,sample collection smooth raha test ka,,,,6,6,0,6,1.0,True,2.6666666666666665,4.0,0.5333333333333333,4,0.4,0.6,2,True,False,False,2_switch,0.6042750794713536,0.95979536,0.95979536,0.95979536
254,health,EN-HN-EN-EN-HN-HN,3,2,"[1, 2]",base_es,test ka sample collection smooth raha,smooth raha test ka sample collection,,,,6,6,0,6,1.0,True,2.6666666666666665,4.0,0.5333333333333333,4,0.4,0.6,2,False,True,False,2_switch,0.6042750794713536,0.9601937,0.96019363,0.9601937
254,health,EN-HN-EN-EN-HN-HN,3,2,"[1, 2]",tf_es,sample collection smooth raha test ka,smooth raha test ka sample collection,,,,6,6,0,6,1.0,True,2.6666666666666665,4.0,0.5333333333333333,4,0.4,0.6,2,False,False,True,2_switch,0.6042750794713536,0.9658598,0.9658598,0.9658598
255,health,EN-HN-EN-EN-EN-HN,2,3,"[1, 2, 3]",base_tf,report ka turnaround time fast tha,turnaround time fast tha report ka,,,,6,6,0,6,1.0,True,2.6666666666666665,4.0,0.5333333333333333,4,0.6,0.4,3,True,False,False,3plus_switch,0.6042750794713536,0.93056774,0.93056774,0.93056774
255,health,EN-HN-EN-EN-EN-HN,2,3,"[1, 2, 3]",base_es,report ka turnaround time fast tha,fast tha report ka turnaround time,,,,6,6,0,6,1.0,True,2.6666666666666665,4.0,0.5333333333333333,4,0.6,0.4,3,False,True,False,3plus_switch,0.6042750794713536,0.9526749,0.9569103,0.9547879
255,health,EN-HN-EN-EN-EN-HN,2,3,"[1, 2, 3]",tf_es,turnaround time fast tha report ka,fast tha report ka turnaround time,,,,6,6,0,6,1.0,True,2.6666666666666665,4.0,0.5333333333333333,4,0.6,0.4,3,False,False,True,3plus_switch,0.6042750794713536,0.9181789,0.9239708,0.9210658
256,health,EN-HN-HN-HN-HN-HN,5,1,[0],base_tf,prescribed diet follow karna mushkil lag raha,diet follow karna mushkil lag raha prescribed,,,,7,7,0,7,1.0,True,1.7142857142857142,6.0,0.2857142857142857,2,0.16666666666666666,0.8333333333333334,1,True,False,False,1_switch,0.8408964152537146,0.9586365,0.9586366,0.9586366
256,health,EN-HN-HN-HN-HN-HN,5,1,[0],base_es,prescribed diet follow karna mushkil lag raha,mushkil lag raha prescribed diet follow karna,,,,7,7,0,7,1.0,True,3.4285714285714284,4.0,0.5714285714285714,6,0.16666666666666666,0.8333333333333334,1,False,True,False,1_switch,0.5946035575013605,0.96104753,0.96104753,0.96104753
256,health,EN-HN-HN-HN-HN-HN,5,1,[0],tf_es,diet follow karna mushkil lag raha prescribed,mushkil lag raha prescribed diet follow karna,,,,7,7,0,7,1.0,True,3.4285714285714284,4.0,0.5714285714285714,6,0.16666666666666666,0.8333333333333334,1,False,False,True,1_switch,0.5946035575013605,0.9550422,0.95504224,0.9550422
257,health,EN-HN-EN-HN-HN-HN,4,1,[1],base_tf,exercise ka routine maintain nahi ho raha,routine maintain nahi ho raha exercise ka,,,,7,7,0,7,1.0,True,2.857142857142857,5.0,0.47619047619047616,4,0.2,0.8,1,True,False,False,1_switch,0.7071067811865476,0.9685597,0.96855974,0.9685597
257,health,EN-HN-EN-HN-HN-HN,4,1,[1],base_es,exercise ka routine maintain nahi ho raha,maintain nahi ho raha exercise ka routine,,,,7,7,0,7,1.0,True,3.4285714285714284,4.0,0.5714285714285714,6,0.2,0.8,1,False,True,False,1_switch,0.5946035575013605,0.9563559,0.9563559,0.9563559
257,health,EN-HN-EN-HN-HN-HN,4,1,[1],tf_es,routine maintain nahi ho raha exercise ka,maintain nahi ho raha exercise ka routine,,,,7,7,0,7,1.0,True,1.7142857142857142,6.0,0.2857142857142857,2,0.2,0.8,1,False,False,True,1_switch,0.8408964152537146,0.9665928,0.9643972,0.96549374
258,health,EN-HN-EN-EN-EN-HN,2,3,"[1, 2, 3]",base_tf,doctor ka waiting time manageable laga,waiting time manageable laga doctor ka,,,,6,6,0,6,1.0,True,2.6666666666666665,4.0,0.5333333333333333,4,0.6,0.4,3,True,False,False,3plus_switch,0.6042750794713536,0.9527768,0.9527768,0.9527768
258,health,EN-HN-EN-EN-EN-HN,2,3,"[1, 2, 3]",base_es,doctor ka waiting time manageable laga,manageable laga doctor ka waiting time,,,,6,6,0,6,1.0,True,2.6666666666666665,4.0,0.5333333333333333,4,0.6,0.4,3,False,True,False,3plus_switch,0.6042750794713536,0.94946885,0.9494689,0.9494689
258,health,EN-HN-EN-EN-EN-HN,2,3,"[1, 2, 3]",tf_es,waiting time manageable laga doctor ka,manageable laga doctor ka waiting time,,,,6,6,0,6,1.0,True,2.6666666666666665,4.0,0.5333333333333333,4,0.6,0.4,3,False,False,True,3plus_switch,0.6042750794713536,0.96115434,0.96115434,0.96115434
259,health,EN-HN-EN-HN-HN-HN,4,1,[2],base_tf,medicine ka taste thoda bitter hai,taste thoda bitter hai medicine ka,,,,6,6,0,6,1.0,True,2.6666666666666665,4.0,0.5333333333333333,4,0.2,0.8,1,True,False,False,1_switch,0.6042750794713536,0.9731061,0.9731061,0.9731061
259,health,EN-HN-EN-HN-HN-HN,4,1,[2],base_es,medicine ka taste thoda bitter hai,bitter hai medicine ka taste thoda,,,,6,6,0,6,1.0,True,2.6666666666666665,4.0,0.5333333333333333,4,0.2,0.8,1,False,True,False,1_switch,0.6042750794713536,0.96255887,0.96255887,0.96255887
259,health,EN-HN-EN-HN-HN-HN,4,1,[2],tf_es,taste thoda bitter hai medicine ka,bitter hai medicine ka taste thoda,,,,6,6,0,6,1.0,True,2.6666666666666665,4.0,0.5333333333333333,4,0.2,0.8,1,False,False,True,1_switch,0.6042750794713536,0.9537504,0.9537504,0.9537504
260,health,EN-HN-EN-EN-EN-HN,2,3,"[1, 2, 3]",base_tf,health checkup ka package affordable laga,package affordable laga health checkup ka,,,,6,6,0,6,1.0,True,3.0,3.0,0.6,6,0.6,0.4,3,True,False,False,3plus_switch,0.3931466788228678,0.94929445,0.9492945,0.9492945
260,health,EN-HN-EN-EN-EN-HN,2,3,"[1, 2, 3]",base_es,health checkup ka package affordable laga,affordable laga health checkup ka package,,,,6,6,0,6,1.0,True,2.6666666666666665,4.0,0.5333333333333333,4,0.6,0.4,3,False,True,False,3plus_switch,0.6042750794713536,0.9643209,0.9643209,0.9643209
260,health,EN-HN-EN-EN-EN-HN,2,3,"[1, 2, 3]",tf_es,package affordable laga health checkup ka,affordable laga health checkup ka package,,,,6,6,0,6,1.0,True,1.6666666666666667,5.0,0.3333333333333333,2,0.6,0.4,3,False,False,True,3plus_switch,0.7952707287670506,0.9737369,0.9737369,0.9737369
261,work,EN-HN-EN-EN-HN-HN,3,2,"[1, 2]",base_tf,manager ka approval abhi pending hai,approval abhi pending hai manager ka,,,,6,6,0,6,1.0,True,2.6666666666666665,4.0,0.5333333333333333,4,0.4,0.6,2,True,False,False,2_switch,0.6042750794713536,0.9533931,0.952772,0.95308244
261,work,EN-HN-EN-EN-HN-HN,3,2,"[1, 2]",base_es,manager ka approval abhi pending hai,pending hai manager ka approval abhi,,,,6,6,0,6,1.0,True,2.6666666666666665,4.0,0.5333333333333333,4,0.4,0.6,2,False,True,False,2_switch,0.6042750794713536,0.9606636,0.9606636,0.9606636
261,work,EN-HN-EN-EN-HN-HN,3,2,"[1, 2]",tf_es,approval abhi pending hai manager ka,pending hai manager ka approval abhi,,,,6,6,0,6,1.0,True,2.6666666666666665,4.0,0.5333333333333333,4,0.4,0.6,2,False,False,True,2_switch,0.6042750794713536,0.93229717,0.9327713,0.9325342
262,work,EN-HN-EN-EN-HN-HN-HN,4,2,"[1, 2]",base_tf,team ka workload evenly distribute nahi hua,workload evenly distribute nahi hua team ka,,,,7,7,0,7,1.0,True,2.857142857142857,5.0,0.47619047619047616,4,0.3333333333333333,0.6666666666666666,2,True,False,False,2_switch,0.7071067811865476,0.9684479,0.96844786,0.96844786
262,work,EN-HN-EN-EN-HN-HN-HN,4,2,"[1, 2]",base_es,team ka workload evenly distribute nahi hua,evenly distribute nahi hua team ka workload,,,,7,7,0,7,1.0,True,3.4285714285714284,4.0,0.5714285714285714,6,0.3333333333333333,0.6666666666666666,2,False,True,False,2_switch,0.5946035575013605,0.9601103,0.9601103,0.9601103
262,work,EN-HN-EN-EN-HN-HN-HN,4,2,"[1, 2]",tf_es,workload evenly distribute nahi hua team ka,evenly distribute nahi hua team ka workload,,,,7,7,0,7,1.0,True,1.7142857142857142,6.0,0.2857142857142857,2,0.3333333333333333,0.6666666666666666,2,False,False,True,2_switch,0.8408964152537146,0.9699162,0.9699162,0.9699162
263,work,EN-HN-EN-EN-EN-HN,3,3,"[1, 2, 3]",base_tf,meeting ka follow up action pending raha,follow up action pending raha meeting ka,,,,7,7,0,7,1.0,True,2.857142857142857,5.0,0.47619047619047616,4,0.5,0.5,3,True,False,False,3plus_switch,0.7071067811865476,0.9552368,0.9552368,0.9552368
263,work,EN-HN-EN-EN-EN-HN,3,3,"[1, 2, 3]",base_es,meeting ka follow up action pending raha,pending raha meeting ka follow up action,,,,7,7,0,7,1.0,True,2.857142857142857,5.0,0.47619047619047616,4,0.5,0.5,3,False,True,False,3plus_switch,0.7071067811865476,0.9558408,0.9558408,0.9558408
263,work,EN-HN-EN-EN-EN-HN,3,3,"[1, 2, 3]",tf_es,follow up action pending raha meeting ka,pending raha meeting ka follow up action,,,,7,7,0,7,1.0,True,3.4285714285714284,4.0,0.5714285714285714,6,0.5,0.5,3,False,False,True,3plus_switch,0.5946035575013605,0.9431094,0.9431094,0.9431094
264,work,EN-HN-EN-EN-HN-HN-HN,4,2,"[1, 2]",base_tf,client ka response expected se slow aaya,response expected se slow aaya client ka,,,,7,7,0,7,1.0,True,2.857142857142857,5.0,0.47619047619047616,4,0.3333333333333333,0.6666666666666666,2,True,False,False,2_switch,0.7071067811865476,0.9639672,0.9639672,0.9639672
264,work,EN-HN-EN-EN-HN-HN-HN,4,2,"[1, 2]",base_es,client ka response expected se slow aaya,slow aaya client ka response expected se,,,,7,7,0,7,1.0,True,2.857142857142857,5.0,0.47619047619047616,4,0.3333333333333333,0.6666666666666666,2,False,True,False,2_switch,0.7071067811865476,0.9604063,0.9604063,0.9604063
264,work,EN-HN-EN-EN-HN-HN-HN,4,2,"[1, 2]",tf_es,response expected se slow aaya client ka,slow aaya client ka response expected se,,,,7,7,0,7,1.0,True,3.4285714285714284,4.0,0.5714285714285714,6,0.3333333333333333,0.6666666666666666,2,False,False,True,2_switch,0.5946035575013605,0.9621688,0.9621688,0.9621688
265,work,EN-HN-EN-EN-HN-HN-HN,4,2,"[1, 2]",base_tf,task ka ownership clearly define nahi hua,ownership clearly define nahi hua task ka,,,,7,7,0,7,1.0,True,2.857142857142857,5.0,0.47619047619047616,4,0.3333333333333333,0.6666666666666666,2,True,False,False,2_switch,0.7071067811865476,0.95544416,0.95544416,0.9554442
265,work,EN-HN-EN-EN-HN-HN-HN,4,2,"[1, 2]",base_es,task ka ownership clearly define nahi hua,clearly define nahi hua task ka ownership,,,,7,7,0,7,1.0,True,3.4285714285714284,4.0,0.5714285714285714,6,0.3333333333333333,0.6666666666666666,2,False,True,False,2_switch,0.5946035575013605,0.95722634,0.95722634,0.95722634
265,work,EN-HN-EN-EN-HN-HN-HN,4,2,"[1, 2]",tf_es,ownership clearly define nahi hua task ka,clearly define nahi hua task ka ownership,,,,7,7,0,7,1.0,True,1.7142857142857142,6.0,0.2857142857142857,2,0.3333333333333333,0.6666666666666666,2,False,False,True,2_switch,0.8408964152537146,0.97163546,0.97163546,0.97163546
266,work,EN-HN-EN-HN-HN-HN,4,1,[1],base_tf,deadline ka buffer thoda kam tha,buffer thoda kam tha deadline ka,,,,6,6,0,6,1.0,True,2.6666666666666665,4.0,0.5333333333333333,4,0.2,0.8,1,True,False,False,1_switch,0.6042750794713536,0.9635493,0.9635493,0.9635493
266,work,EN-HN-EN-HN-HN-HN,4,1,[1],base_es,deadline ka buffer thoda kam tha,kam tha deadline ka buffer thoda,,,,6,6,0,6,1.0,True,2.6666666666666665,4.0,0.5333333333333333,4,0.2,0.8,1,False,True,False,1_switch,0.6042750794713536,0.95646507,0.95646507,0.95646507
266,work,EN-HN-EN-HN-HN-HN,4,1,[1],tf_es,buffer thoda kam tha deadline ka,kam tha deadline ka buffer thoda,,,,6,6,0,6,1.0,True,2.6666666666666665,4.0,0.5333333333333333,4,0.2,0.8,1,False,False,True,1_switch,0.6042750794713536,0.95370823,0.95370823,0.95370823
267,work,EN-HN-EN-EN-HN-HN-HN,4,2,"[1, 2]",base_tf,report ka final version abhi ready nahi,final version abhi ready nahi report ka,,,,7,7,0,7,1.0,True,2.857142857142857,5.0,0.47619047619047616,4,0.3333333333333333,0.6666666666666666,2,True,False,False,2_switch,0.7071067811865476,0.975134,0.975134,0.975134
267,work,EN-HN-EN-EN-HN-HN-HN,4,2,"[1, 2]",base_es,report ka final version abhi ready nahi,ready nahi report ka final version abhi,,,,7,7,0,7,1.0,True,2.857142857142857,5.0,0.47619047619047616,4,0.3333333333333333,0.6666666666666666,2,False,True,False,2_switch,0.7071067811865476,0.9716178,0.9716178,0.9716178
267,work,EN-HN-EN-EN-HN-HN-HN,4,2,"[1, 2]",tf_es,final version abhi ready nahi report ka,ready nahi report ka final version abhi,,,,7,7,0,7,1.0,True,3.4285714285714284,4.0,0.5714285714285714,6,0.3333333333333333,0.6666666666666666,2,False,False,True,2_switch,0.5946035575013605,0.9656568,0.9656568,0.9656568
268,work,EN-HN-EN-EN-HN-HN-HN,4,2,"[1, 2]",base_tf,discussion ka outcome clearly document nahi hua,outcome clearly document nahi hua discussion ka,,,,7,7,0,7,1.0,True,2.857142857142857,5.0,0.47619047619047616,4,0.3333333333333333,0.6666666666666666,2,True,False,False,2_switch,0.7071067811865476,0.9445683,0.9445683,0.9445683
268,work,EN-HN-EN-EN-HN-HN-HN,4,2,"[1, 2]",base_es,discussion ka outcome clearly document nahi hua,clearly document nahi hua discussion ka outcome,,,,7,7,0,7,1.0,True,3.4285714285714284,4.0,0.5714285714285714,6,0.3333333333333333,0.6666666666666666,2,False,True,False,2_switch,0.5946035575013605,0.9490644,0.94906443,0.94906443
268,work,EN-HN-EN-EN-HN-HN-HN,4,2,"[1, 2]",tf_es,outcome clearly document nahi hua discussion ka,clearly document nahi hua discussion ka outcome,,,,7,7,0,7,1.0,True,1.7142857142857142,6.0,0.2857142857142857,2,0.3333333333333333,0.6666666666666666,2,False,False,True,2_switch,0.8408964152537146,0.9693142,0.9693143,0.9693143
269,work,EN-HN-EN-EN-HN-HN,3,2,"[1, 2]",base_tf,team ka sync meeting skip ho gaya,sync meeting skip ho gaya team ka,,,,7,7,0,7,1.0,True,2.857142857142857,5.0,0.47619047619047616,4,0.4,0.6,2,True,False,False,2_switch,0.7071067811865476,0.95767784,0.95767784,0.95767784
269,work,EN-HN-EN-EN-HN-HN,3,2,"[1, 2]",base_es,team ka sync meeting skip ho gaya,skip ho gaya team ka sync meeting,,,,7,7,0,7,1.0,True,3.4285714285714284,4.0,0.5714285714285714,6,0.4,0.6,2,False,True,False,2_switch,0.5946035575013605,0.9518676,0.9518676,0.9518676
269,work,EN-HN-EN-EN-HN-HN,3,2,"[1, 2]",tf_es,sync meeting skip ho gaya team ka,skip ho gaya team ka sync meeting,,,,7,7,0,7,1.0,True,2.857142857142857,5.0,0.47619047619047616,4,0.4,0.6,2,False,False,True,2_switch,0.7071067811865476,0.96151584,0.96151584,0.96151584
270,work,EN-HN-EN-EN-HN-HN,3,2,"[1, 2]",base_tf,work ka stress level zyada lag raha,stress level zyada lag raha work ka,,,,7,7,0,7,1.0,True,2.857142857142857,5.0,0.47619047619047616,4,0.4,0.6,2,True,False,False,2_switch,0.7071067811865476,0.9610537,0.9610537,0.9610537
270,work,EN-HN-EN-EN-HN-HN,3,2,"[1, 2]",base_es,work ka stress level zyada lag raha,zyada lag raha work ka stress level,,,,7,7,0,7,1.0,True,3.4285714285714284,4.0,0.5714285714285714,6,0.4,0.6,2,False,True,False,2_switch,0.5946035575013605,0.9476862,0.9476862,0.9476862
270,work,EN-HN-EN-EN-HN-HN,3,2,"[1, 2]",tf_es,stress level zyada lag raha work ka,zyada lag raha work ka stress level,,,,7,7,0,7,1.0,True,2.857142857142857,5.0,0.47619047619047616,4,0.4,0.6,2,False,False,True,2_switch,0.7071067811865476,0.9685805,0.9685805,0.9685805
271,social,EN-HN-EN-HN-HN-HN,4,1,[1],base_tf,group ka plan weekend ke liye bana,plan weekend ke liye bana group ka,,,,7,7,0,7,1.0,True,2.857142857142857,5.0,0.47619047619047616,4,0.2,0.8,1,True,False,False,1_switch,0.7071067811865476,0.95433867,0.95433867,0.95433867
271,social,EN-HN-EN-HN-HN-HN,4,1,[1],base_es,group ka plan weekend ke liye bana,weekend ke liye bana group ka plan,,,,7,7,0,7,1.0,True,3.4285714285714284,4.0,0.5714285714285714,6,0.2,0.8,1,False,True,False,1_switch,0.5946035575013605,0.9679915,0.9679915,0.9679915
271,social,EN-HN-EN-HN-HN-HN,4,1,[1],tf_es,plan weekend ke liye bana group ka,weekend ke liye bana group ka plan,,,,7,7,0,7,1.0,True,1.7142857142857142,6.0,0.2857142857142857,2,0.2,0.8,1,False,False,True,1_switch,0.8408964152537146,0.9695262,0.9695262,0.9695262
272,social,EN-HN-EN-EN-HN,2,2,"[1, 2]",base_tf,friends ka meetup casual rakhenge,meetup casual rakhenge friends ka,,,,5,5,0,5,1.0,True,2.4,3.0,0.6,4,0.5,0.5,2,True,False,False,2_switch,0.3766136530980537,0.96472085,0.96472085,0.96472085
272,social,EN-HN-EN-EN-HN,2,2,"[1, 2]",base_es,friends ka meetup casual rakhenge,casual rakhenge friends ka meetup,,,,5,5,0,5,1.0,True,2.4,3.0,0.6,4,0.5,0.5,2,False,True,False,2_switch,0.3766136530980537,0.96021074,0.9602108,0.96021074
272,social,EN-HN-EN-EN-HN,2,2,"[1, 2]",tf_es,meetup casual rakhenge friends ka,casual rakhenge friends ka meetup,,,,5,5,0,5,1.0,True,1.6,4.0,0.4,2,0.5,0.5,2,False,False,True,2_switch,0.7071067811865476,0.9541503,0.95415026,0.95415026
273,social,EN-HN-EN-HN-HN-HN,4,1,[2],base_tf,chat ka tone thoda awkward lag raha,tone thoda awkward lag raha chat ka,,,,7,7,0,7,1.0,True,2.857142857142857,5.0,0.47619047619047616,4,0.2,0.8,1,True,False,False,1_switch,0.7071067811865476,0.96444154,0.96444154,0.96444154
273,social,EN-HN-EN-HN-HN-HN,4,1,[2],base_es,chat ka tone thoda awkward lag raha,awkward lag raha chat ka tone thoda,,,,7,7,0,7,1.0,True,3.4285714285714284,4.0,0.5714285714285714,6,0.2,0.8,1,False,True,False,1_switch,0.5946035575013605,0.9556379,0.9556379,0.9556379
273,social,EN-HN-EN-HN-HN-HN,4,1,[2],tf_es,tone thoda awkward lag raha chat ka,awkward lag raha chat ka tone thoda,,,,7,7,0,7,1.0,True,2.857142857142857,5.0,0.47619047619047616,4,0.2,0.8,1,False,False,True,1_switch,0.7071067811865476,0.96560156,0.96560156,0.96560156
274,social,EN-HN-EN-EN-HN-HN-HN,3,2,"[1, 2]",base_tf,message ka reply short rakhna better hai,reply short rakhna better hai message ka,,,,7,7,0,7,1.0,True,2.857142857142857,5.0,0.47619047619047616,4,0.4,0.6,2,True,False,False,2_switch,0.7071067811865476,0.9712453,0.9712453,0.9712453
274,social,EN-HN-EN-EN-HN-HN-HN,3,2,"[1, 2]",base_es,message ka reply short rakhna better hai,short rakhna better hai message ka reply,,,,7,7,0,7,1.0,True,3.4285714285714284,4.0,0.5714285714285714,6,0.4,0.6,2,False,True,False,2_switch,0.5946035575013605,0.9661417,0.9661417,0.9661417
274,social,EN-HN-EN-EN-HN-HN-HN,3,2,"[1, 2]",tf_es,reply short rakhna better hai message ka,short rakhna better hai message ka reply,,,,7,7,0,7,1.0,True,1.7142857142857142,6.0,0.2857142857142857,2,0.4,0.6,2,False,False,True,2_switch,0.8408964152537146,0.98112327,0.98112327,0.98112327
275,social,EN-HN-EN-EN-HN-HN-HN,4,2,"[1, 2]",base_tf,call ka purpose clearly explain nahi hua,purpose clearly explain nahi hua call ka,,,,7,7,0,7,1.0,True,2.857142857142857,5.0,0.47619047619047616,4,0.3333333333333333,0.6666666666666666,2,True,False,False,2_switch,0.7071067811865476,0.95180213,0.95180213,0.95180213
275,social,EN-HN-EN-EN-HN-HN-HN,4,2,"[1, 2]",base_es,call ka purpose clearly explain nahi hua,clearly explain nahi hua call ka purpose,,,,7,7,0,7,1.0,True,3.4285714285714284,4.0,0.5714285714285714,6,0.3333333333333333,0.6666666666666666,2,False,True,False,2_switch,0.5946035575013605,0.95204335,0.95204335,0.95204335
275,social,EN-HN-EN-EN-HN-HN-HN,4,2,"[1, 2]",tf_es,purpose clearly explain nahi hua call ka,clearly explain nahi hua call ka purpose,,,,7,7,0,7,1.0,True,1.7142857142857142,6.0,0.2857142857142857,2,0.3333333333333333,0.6666666666666666,2,False,False,True,2_switch,0.8408964152537146,0.96962065,0.96864444,0.9691323
276,social,EN-HN-EN-HN-HN-HN,4,1,[2],base_tf,status ka caption thoda confusing laga,caption thoda confusing laga status ka,,,,6,6,0,6,1.0,True,2.6666666666666665,4.0,0.5333333333333333,4,0.2,0.8,1,True,False,False,1_switch,0.6042750794713536,0.95708644,0.95708644,0.95708644
276,social,EN-HN-EN-HN-HN-HN,4,1,[2],base_es,status ka caption thoda confusing laga,confusing laga status ka caption thoda,,,,6,6,0,6,1.0,True,2.6666666666666665,4.0,0.5333333333333333,4,0.2,0.8,1,False,True,False,1_switch,0.6042750794713536,0.9587829,0.9587829,0.9587829
276,social,EN-HN-EN-HN-HN-HN,4,1,[2],tf_es,caption thoda confusing laga status ka,confusing laga status ka caption thoda,,,,6,6,0,6,1.0,True,2.6666666666666665,4.0,0.5333333333333333,4,0.2,0.8,1,False,False,True,1_switch,0.6042750794713536,0.9544574,0.9544574,0.9544574
277,social,EN-HN-EN-EN-EN-HN,2,3,"[1, 2, 3]",base_tf,event ka dress code casual rakha,dress code casual rakha event ka,,,,6,6,0,6,1.0,True,2.6666666666666665,4.0,0.5333333333333333,4,0.6,0.4,3,True,False,False,3plus_switch,0.6042750794713536,0.96519744,0.96519744,0.96519744
277,social,EN-HN-EN-EN-EN-HN,2,3,"[1, 2, 3]",base_es,event ka dress code casual rakha,casual rakha event ka dress code,,,,6,6,0,6,1.0,True,2.6666666666666665,4.0,0.5333333333333333,4,0.6,0.4,3,False,True,False,3plus_switch,0.6042750794713536,0.96831095,0.96831095,0.96831095
277,social,EN-HN-EN-EN-EN-HN,2,3,"[1, 2, 3]",tf_es,dress code casual rakha event ka,casual rakha event ka dress code,,,,6,6,0,6,1.0,True,2.6666666666666665,4.0,0.5333333333333333,4,0.6,0.4,3,False,False,True,3plus_switch,0.6042750794713536,0.96927553,0.96927553,0.96927553
278,social,EN-HN-EN-HN-HN-HN,4,1,[1],base_tf,invite ka response time kaafi slow tha,response time kaafi slow tha invite ka,,,,7,7,0,7,1.0,True,2.857142857142857,5.0,0.47619047619047616,4,0.2,0.8,1,True,False,False,1_switch,0.7071067811865476,0.9618149,0.9618149,0.9618149
278,social,EN-HN-EN-HN-HN-HN,4,1,[1],base_es,invite ka response time kaafi slow tha,slow tha invite ka response time kaafi,,,,7,7,0,7,1.0,True,2.857142857142857,5.0,0.47619047619047616,4,0.2,0.8,1,False,True,False,1_switch,0.7071067811865476,0.9669619,0.9669619,0.9669619
278,social,EN-HN-EN-HN-HN-HN,4,1,[1],tf_es,response time kaafi slow tha invite ka,slow tha invite ka response time kaafi,,,,7,7,0,7,1.0,True,3.4285714285714284,4.0,0.5714285714285714,6,0.2,0.8,1,False,False,True,1_switch,0.5946035575013605,0.95148695,0.95018446,0.9508353
279,social,EN-HN-EN-EN-HN-HN-HN,4,2,"[1, 2]",base_tf,conversation ka flow natural nahi lag raha,flow natural nahi lag raha conversation ka,,,,7,7,0,7,1.0,True,2.857142857142857,5.0,0.47619047619047616,4,0.3333333333333333,0.6666666666666666,2,True,False,False,2_switch,0.7071067811865476,0.9359747,0.9359747,0.9359747
279,social,EN-HN-EN-EN-HN-HN-HN,4,2,"[1, 2]",base_es,conversation ka flow natural nahi lag raha,natural nahi lag raha conversation ka flow,,,,7,7,0,7,1.0,True,3.4285714285714284,4.0,0.5714285714285714,6,0.3333333333333333,0.6666666666666666,2,False,True,False,2_switch,0.5946035575013605,0.9479594,0.94795936,0.94795936
279,social,EN-HN-EN-EN-HN-HN-HN,4,2,"[1, 2]",tf_es,flow natural nahi lag raha conversation ka,natural nahi lag raha conversation ka flow,,,,7,7,0,7,1.0,True,1.7142857142857142,6.0,0.2857142857142857,2,0.3333333333333333,0.6666666666666666,2,False,False,True,2_switch,0.8408964152537146,0.9592725,0.95696384,0.9581167
280,social,EN-HN-EN-EN-HN-HN,3,2,"[1, 2]",base_tf,group chat ka discussion off topic chala,discussion off topic chala group chat ka,,,,7,7,0,7,1.0,True,3.4285714285714284,4.0,0.5714285714285714,6,0.4,0.6,2,True,False,False,2_switch,0.5946035575013605,0.96815705,0.9681572,0.9681571
280,social,EN-HN-EN-EN-HN-HN,3,2,"[1, 2]",base_es,group chat ka discussion off topic chala,off topic chala group chat ka discussion,,,,7,7,0,7,1.0,True,3.4285714285714284,4.0,0.5714285714285714,6,0.4,0.6,2,False,True,False,2_switch,0.5946035575013605,0.96675014,0.96675014,0.96675014
280,social,EN-HN-EN-EN-HN-HN,3,2,"[1, 2]",tf_es,discussion off topic chala group chat ka,off topic chala group chat ka discussion,,,,7,7,0,7,1.0,True,1.7142857142857142,6.0,0.2857142857142857,2,0.4,0.6,2,False,False,True,2_switch,0.8408964152537146,0.977275,0.9772751,0.9772751
281,transport,EN-HN-EN-EN-HN-HN-HN,5,2,"[1, 2]",base_tf,bus ka frequency peak hours me kam hai,frequency peak hours me kam hai bus ka,,,,8,8,0,8,1.0,True,3.0,6.0,0.42857142857142855,4,0.2857142857142857,0.7142857142857143,2,True,False,False,2_switch,0.7652058832556895,0.96708274,0.9670827,0.9670827
281,transport,EN-HN-EN-EN-HN-HN-HN,5,2,"[1, 2]",base_es,bus ka frequency peak hours me kam hai,peak hours me kam hai bus ka frequency,,,,8,8,0,8,1.0,True,3.75,5.0,0.5357142857142857,6,0.2857142857142857,0.7142857142857143,2,False,True,False,2_switch,0.691441569283882,0.9634949,0.9634949,0.9634949
281,transport,EN-HN-EN-EN-HN-HN-HN,5,2,"[1, 2]",tf_es,frequency peak hours me kam hai bus ka,peak hours me kam hai bus ka frequency,,,,8,8,0,8,1.0,True,1.75,7.0,0.25,2,0.2857142857142857,0.7142857142857143,2,False,False,True,2_switch,0.8694417438899829,0.95897424,0.9589741,0.9589742
282,transport,EN-HN-EN-EN-EN-HN,3,3,"[1, 2, 3]",base_tf,cab ka waiting time estimate wrong nikla,waiting time estimate wrong nikla cab ka,,,,7,7,0,7,1.0,True,2.857142857142857,5.0,0.47619047619047616,4,0.5,0.5,3,True,False,False,3plus_switch,0.7071067811865476,0.95624936,0.95624936,0.95624936
282,transport,EN-HN-EN-EN-EN-HN,3,3,"[1, 2, 3]",base_es,cab ka waiting time estimate wrong nikla,wrong nikla cab ka waiting time estimate,,,,7,7,0,7,1.0,True,2.857142857142857,5.0,0.47619047619047616,4,0.5,0.5,3,False,True,False,3plus_switch,0.7071067811865476,0.9633361,0.9633361,0.9633361
282,transport,EN-HN-EN-EN-EN-HN,3,3,"[1, 2, 3]",tf_es,waiting time estimate wrong nikla cab ka,wrong nikla cab ka waiting time estimate,,,,7,7,0,7,1.0,True,3.4285714285714284,4.0,0.5714285714285714,6,0.5,0.5,3,False,False,True,3plus_switch,0.5946035575013605,0.9510964,0.9510964,0.9510964
283,transport,EN-HN-EN-EN-HN-HN-HN,5,2,"[1, 2]",base_tf,metro ka entry gate rush me band ho gaya,entry gate rush me band ho gaya metro ka,,,,9,9,0,9,1.0,True,3.111111111111111,7.0,0.3888888888888889,4,0.2857142857142857,0.7142857142857143,2,True,False,False,2_switch,0.8034284189446518,0.9702995,0.9702995,0.9702995
283,transport,EN-HN-EN-EN-HN-HN-HN,5,2,"[1, 2]",base_es,metro ka entry gate rush me band ho gaya,band ho gaya metro ka entry gate rush me,,,,9,9,0,9,1.0,True,4.0,6.0,0.5,6,0.2857142857142857,0.7142857142857143,2,False,True,False,2_switch,0.7476743906106103,0.9574796,0.9574796,0.9574796
283,transport,EN-HN-EN-EN-HN-HN-HN,5,2,"[1, 2]",tf_es,entry gate rush me band ho gaya metro ka,band ho gaya metro ka entry gate rush me,,,,9,9,0,9,1.0,True,4.444444444444445,5.0,0.5555555555555556,8,0.2857142857142857,0.7142857142857143,2,False,False,True,2_switch,0.7476743906106103,0.95305824,0.95305824,0.95305824
284,transport,EN-HN-EN-EN-HN-HN-HN,4,2,"[1, 2]",base_tf,driver ka route choice thoda confusing tha,route choice thoda confusing tha driver ka,,,,7,7,0,7,1.0,True,2.857142857142857,5.0,0.47619047619047616,4,0.3333333333333333,0.6666666666666666,2,True,False,False,2_switch,0.7071067811865476,0.9804122,0.9804122,0.9804122
284,transport,EN-HN-EN-EN-HN-HN-HN,4,2,"[1, 2]",base_es,driver ka route choice thoda confusing tha,confusing tha driver ka route choice thoda,,,,7,7,0,7,1.0,True,2.857142857142857,5.0,0.47619047619047616,4,0.3333333333333333,0.6666666666666666,2,False,True,False,2_switch,0.7071067811865476,0.9713803,0.97138023,0.9713803
284,transport,EN-HN-EN-EN-HN-HN-HN,4,2,"[1, 2]",tf_es,route choice thoda confusing tha driver ka,confusing tha driver ka route choice thoda,,,,7,7,0,7,1.0,True,3.4285714285714284,4.0,0.5714285714285714,6,0.3333333333333333,0.6666666666666666,2,False,False,True,2_switch,0.5946035575013605,0.9648713,0.9648713,0.9648713
285,transport,EN-HN-EN-EN-HN-HN-HN,4,2,"[1, 2]",base_tf,signal ka countdown timer kaam nahi kar raha,countdown timer kaam nahi kar raha signal ka,,,,8,8,0,8,1.0,True,3.0,6.0,0.42857142857142855,4,0.3333333333333333,0.6666666666666666,2,True,False,False,2_switch,0.7652058832556895,0.9688984,0.9688984,0.9688984
285,transport,EN-HN-EN-EN-HN-HN-HN,4,2,"[1, 2]",base_es,signal ka countdown timer kaam nahi kar raha,kaam nahi kar raha signal ka countdown timer,,,,8,8,0,8,1.0,True,4.0,4.0,0.5714285714285714,8,0.3333333333333333,0.6666666666666666,2,False,True,False,2_switch,0.691441569283882,0.96527565,0.9652756,0.9652756
285,transport,EN-HN-EN-EN-HN-HN-HN,4,2,"[1, 2]",tf_es,countdown timer kaam nahi kar raha signal ka,kaam nahi kar raha signal ka countdown timer,,,,8,8,0,8,1.0,True,3.0,6.0,0.42857142857142855,4,0.3333333333333333,0.6666666666666666,2,False,False,True,2_switch,0.7652058832556895,0.9664291,0.9664291,0.9664291
286,transport,EN-HN-EN-EN-HN-HN-HN,4,2,"[1, 2]",base_tf,parking ka guidance sign clearly visible nahi,guidance sign clearly visible nahi parking ka,,,,7,7,0,7,1.0,True,2.857142857142857,5.0,0.47619047619047616,4,0.3333333333333333,0.6666666666666666,2,True,False,False,2_switch,0.7071067811865476,0.9652735,0.96527356,0.96527356
286,transport,EN-HN-EN-EN-HN-HN-HN,4,2,"[1, 2]",base_es,parking ka guidance sign clearly visible nahi,clearly visible nahi parking ka guidance sign,,,,7,7,0,7,1.0,True,3.4285714285714284,4.0,0.5714285714285714,6,0.3333333333333333,0.6666666666666666,2,False,True,False,2_switch,0.5946035575013605,0.95779884,0.9577988,0.9577988
286,transport,EN-HN-EN-EN-HN-HN-HN,4,2,"[1, 2]",tf_es,guidance sign clearly visible nahi parking ka,clearly visible nahi parking ka guidance sign,,,,7,7,0,7,1.0,True,2.857142857142857,5.0,0.47619047619047616,4,0.3333333333333333,0.6666666666666666,2,False,False,True,2_switch,0.7071067811865476,0.954149,0.9557103,0.954929
287,transport,EN-HN-EN-HN-HN,3,1,[1],base_tf,road ka surface uneven lag raha,surface uneven lag raha road ka,,,,6,6,0,6,1.0,True,2.6666666666666665,4.0,0.5333333333333333,4,0.25,0.75,1,True,False,False,1_switch,0.6042750794713536,0.95041317,0.9504132,0.95041317
287,transport,EN-HN-EN-HN-HN,3,1,[1],base_es,road ka surface uneven lag raha,uneven lag raha road ka surface,,,,6,6,0,6,1.0,True,3.0,3.0,0.6,6,0.25,0.75,1,False,True,False,1_switch,0.3931466788228678,0.94168556,0.94168556,0.94168556
287,transport,EN-HN-EN-HN-HN,3,1,[1],tf_es,surface uneven lag raha road ka,uneven lag raha road ka surface,,,,6,6,0,6,1.0,True,1.6666666666666667,5.0,0.3333333333333333,2,0.25,0.75,1,False,False,True,1_switch,0.7952707287670506,0.97011197,0.970112,0.970112
288,transport,EN-HN-EN-EN-EN-HN,2,3,"[1, 2, 3]",base_tf,toll booth ka queue unexpectedly long tha,queue unexpectedly long tha toll booth ka,,,,7,7,0,7,1.0,True,3.4285714285714284,4.0,0.5714285714285714,6,0.6,0.4,3,True,False,False,3plus_switch,0.5946035575013605,0.9474175,0.9474175,0.9474175
288,transport,EN-HN-EN-EN-EN-HN,2,3,"[1, 2, 3]",base_es,toll booth ka queue unexpectedly long tha,unexpectedly long tha toll booth ka queue,,,,7,7,0,7,1.0,True,3.4285714285714284,4.0,0.5714285714285714,6,0.6,0.4,3,False,True,False,3plus_switch,0.5946035575013605,0.960559,0.96055907,0.96055907
288,transport,EN-HN-EN-EN-EN-HN,2,3,"[1, 2, 3]",tf_es,queue unexpectedly long tha toll booth ka,unexpectedly long tha toll booth ka queue,,,,7,7,0,7,1.0,True,1.7142857142857142,6.0,0.2857142857142857,2,0.6,0.4,3,False,False,True,3plus_switch,0.8408964152537146,0.960713,0.96071297,0.96071297
289,transport,EN-HN-EN-EN-EN-HN,2,3,"[1, 2, 3]",base_tf,bus ka interior cleanliness average laga,interior cleanliness average laga bus ka,,,,6,6,0,6,1.0,True,2.6666666666666665,4.0,0.5333333333333333,4,0.6,0.4,3,True,False,False,3plus_switch,0.6042750794713536,0.9598654,0.9598654,0.95986545
289,transport,EN-HN-EN-EN-EN-HN,2,3,"[1, 2, 3]",base_es,bus ka interior cleanliness average laga,average laga bus ka interior cleanliness,,,,6,6,0,6,1.0,True,2.6666666666666665,4.0,0.5333333333333333,4,0.6,0.4,3,False,True,False,3plus_switch,0.6042750794713536,0.96531534,0.96531534,0.96531534
289,transport,EN-HN-EN-EN-EN-HN,2,3,"[1, 2, 3]",tf_es,interior cleanliness average laga bus ka,average laga bus ka interior cleanliness,,,,6,6,0,6,1.0,True,2.6666666666666665,4.0,0.5333333333333333,4,0.6,0.4,3,False,False,True,3plus_switch,0.6042750794713536,0.9593159,0.9593159,0.9593159
290,transport,EN-HN-EN-EN-EN-HN,2,3,"[1, 2, 3]",base_tf,metro ka last mile connectivity weak hai,last mile connectivity weak hai metro ka,,,,7,7,0,7,1.0,True,2.857142857142857,5.0,0.47619047619047616,4,0.6,0.4,3,True,False,False,3plus_switch,0.7071067811865476,0.9751359,0.9751359,0.9751359
290,transport,EN-HN-EN-EN-EN-HN,2,3,"[1, 2, 3]",base_es,metro ka last mile connectivity weak hai,weak hai metro ka last mile connectivity,,,,7,7,0,7,1.0,True,2.857142857142857,5.0,0.47619047619047616,4,0.6,0.4,3,False,True,False,3plus_switch,0.7071067811865476,0.9752723,0.9752723,0.9752723
290,transport,EN-HN-EN-EN-EN-HN,2,3,"[1, 2, 3]",tf_es,last mile connectivity weak hai metro ka,weak hai metro ka last mile connectivity,,,,7,7,0,7,1.0,True,3.4285714285714284,4.0,0.5714285714285714,6,0.6,0.4,3,False,False,True,3plus_switch,0.5946035575013605,0.9726428,0.9726428,0.9726428
291,travel,EN-HN-EN-EN-HN-HN-HN,4,2,"[1, 2]",base_tf,journey ka break duration thoda zyada tha,break duration thoda zyada tha journey ka,,,,7,7,0,7,1.0,True,2.857142857142857,5.0,0.47619047619047616,4,0.3333333333333333,0.6666666666666666,2,True,False,False,2_switch,0.7071067811865476,0.9749811,0.9749811,0.9749811
291,travel,EN-HN-EN-EN-HN-HN-HN,4,2,"[1, 2]",base_es,journey ka break duration thoda zyada tha,zyada tha journey ka break duration thoda,,,,7,7,0,7,1.0,True,2.857142857142857,5.0,0.47619047619047616,4,0.3333333333333333,0.6666666666666666,2,False,True,False,2_switch,0.7071067811865476,0.96755385,0.96755385,0.96755385
291,travel,EN-HN-EN-EN-HN-HN-HN,4,2,"[1, 2]",tf_es,break duration thoda zyada tha journey ka,zyada tha journey ka break duration thoda,,,,7,7,0,7,1.0,True,3.4285714285714284,4.0,0.5714285714285714,6,0.3333333333333333,0.6666666666666666,2,False,False,True,2_switch,0.5946035575013605,0.9583716,0.95837164,0.9583716
292,travel,EN-HN-EN-EN-EN-HN,2,3,"[1, 2, 3]",base_tf,station ka crowd level manageable tha,crowd level manageable tha station ka,,,,6,6,0,6,1.0,True,2.6666666666666665,4.0,0.5333333333333333,4,0.6,0.4,3,True,False,False,3plus_switch,0.6042750794713536,0.9603834,0.96038336,0.96038336
292,travel,EN-HN-EN-EN-EN-HN,2,3,"[1, 2, 3]",base_es,station ka crowd level manageable tha,manageable tha station ka crowd level,,,,6,6,0,6,1.0,True,2.6666666666666665,4.0,0.5333333333333333,4,0.6,0.4,3,False,True,False,3plus_switch,0.6042750794713536,0.9518849,0.95188487,0.9518849
292,travel,EN-HN-EN-EN-EN-HN,2,3,"[1, 2, 3]",tf_es,crowd level manageable tha station ka,manageable tha station ka crowd level,,,,6,6,0,6,1.0,True,2.6666666666666665,4.0,0.5333333333333333,4,0.6,0.4,3,False,False,True,3plus_switch,0.6042750794713536,0.9670057,0.96700567,0.96700567
293,travel,EN-HN-EN-EN-HN-HN-HN,4,2,"[1, 2]",base_tf,ticket ka QR scan properly nahi hua,QR scan properly nahi hua ticket ka,,,,7,7,0,7,1.0,True,2.857142857142857,5.0,0.47619047619047616,4,0.3333333333333333,0.6666666666666666,2,True,False,False,2_switch,0.7071067811865476,0.9608273,0.96082723,0.9608273
293,travel,EN-HN-EN-EN-HN-HN-HN,4,2,"[1, 2]",base_es,ticket ka QR scan properly nahi hua,properly nahi hua ticket ka QR scan,,,,7,7,0,7,1.0,True,3.4285714285714284,4.0,0.5714285714285714,6,0.3333333333333333,0.6666666666666666,2,False,True,False,2_switch,0.5946035575013605,0.94999707,0.9499972,0.9499971
293,travel,EN-HN-EN-EN-HN-HN-HN,4,2,"[1, 2]",tf_es,QR scan properly nahi hua ticket ka,properly nahi hua ticket ka QR scan,,,,7,7,0,7,1.0,True,2.857142857142857,5.0,0.47619047619047616,4,0.3333333333333333,0.6666666666666666,2,False,False,True,2_switch,0.7071067811865476,0.96293205,0.96293205,0.96293205
294,travel,EN-HN-EN-EN-EN-HN,3,3,"[1, 2, 3]",base_tf,platform ka display board refresh late hua,display board refresh late hua platform ka,,,,7,7,0,7,1.0,True,2.857142857142857,5.0,0.47619047619047616,4,0.5,0.5,3,True,False,False,3plus_switch,0.7071067811865476,0.95489615,0.9576442,0.9562682
294,travel,EN-HN-EN-EN-EN-HN,3,3,"[1, 2, 3]",base_es,platform ka display board refresh late hua,late hua platform ka display board refresh,,,,7,7,0,7,1.0,True,2.857142857142857,5.0,0.47619047619047616,4,0.5,0.5,3,False,True,False,3plus_switch,0.7071067811865476,0.9595943,0.956048,0.9578179
294,travel,EN-HN-EN-EN-EN-HN,3,3,"[1, 2, 3]",tf_es,display board refresh late hua platform ka,late hua platform ka display board refresh,,,,7,7,0,7,1.0,True,3.4285714285714284,4.0,0.5714285714285714,6,0.5,0.5,3,False,False,True,3plus_switch,0.5946035575013605,0.9590825,0.9590826,0.95908254
295,travel,EN-HN-EN-EN-HN-HN-HN,4,2,"[1, 2]",base_tf,coach ka seating layout thoda cramped laga,seating layout thoda cramped laga coach ka,,,,7,7,0,7,1.0,True,2.857142857142857,5.0,0.47619047619047616,4,0.3333333333333333,0.6666666666666666,2,True,False,False,2_switch,0.7071067811865476,0.97236,0.97236013,0.9723601
295,travel,EN-HN-EN-EN-HN-HN-HN,4,2,"[1, 2]",base_es,coach ka seating layout thoda cramped laga,cramped laga coach ka seating layout thoda,,,,7,7,0,7,1.0,True,2.857142857142857,5.0,0.47619047619047616,4,0.3333333333333333,0.6666666666666666,2,False,True,False,2_switch,0.7071067811865476,0.9612706,0.9612705,0.9612705
295,travel,EN-HN-EN-EN-HN-HN-HN,4,2,"[1, 2]",tf_es,seating layout thoda cramped laga coach ka,cramped laga coach ka seating layout thoda,,,,7,7,0,7,1.0,True,3.4285714285714284,4.0,0.5714285714285714,6,0.3333333333333333,0.6666666666666666,2,False,False,True,2_switch,0.5946035575013605,0.9491755,0.94917554,0.94917554
296,travel,EN-HN-EN-EN-HN-HN,3,2,"[1, 2]",base_tf,journey ka overall pace smooth raha,overall pace smooth raha journey ka,,,,6,6,0,6,1.0,True,2.6666666666666665,4.0,0.5333333333333333,4,0.4,0.6,2,True,False,False,2_switch,0.6042750794713536,0.9531357,0.9531357,0.9531357
296,travel,EN-HN-EN-EN-HN-HN,3,2,"[1, 2]",base_es,journey ka overall pace smooth raha,smooth raha journey ka overall pace,,,,6,6,0,6,1.0,True,2.6666666666666665,4.0,0.5333333333333333,4,0.4,0.6,2,False,True,False,2_switch,0.6042750794713536,0.9539844,0.9539844,0.9539844
296,travel,EN-HN-EN-EN-HN-HN,3,2,"[1, 2]",tf_es,overall pace smooth raha journey ka,smooth raha journey ka overall pace,,,,6,6,0,6,1.0,True,2.6666666666666665,4.0,0.5333333333333333,4,0.4,0.6,2,False,False,True,2_switch,0.6042750794713536,0.96410936,0.96410936,0.96410936
297,travel,EN-HN-EN-EN-HN-HN,3,2,"[1, 2]",base_tf,travel ka buffer time useful prove hua,buffer time useful prove hua travel ka,,,,7,7,0,7,1.0,True,2.857142857142857,5.0,0.47619047619047616,4,0.4,0.6,2,True,False,False,2_switch,0.7071067811865476,0.9592422,0.9592422,0.9592422
297,travel,EN-HN-EN-EN-HN-HN,3,2,"[1, 2]",base_es,travel ka buffer time useful prove hua,useful prove hua travel ka buffer time,,,,7,7,0,7,1.0,True,3.4285714285714284,4.0,0.5714285714285714,6,0.4,0.6,2,False,True,False,2_switch,0.5946035575013605,0.9547791,0.9547791,0.9547791
297,travel,EN-HN-EN-EN-HN-HN,3,2,"[1, 2]",tf_es,buffer time useful prove hua travel ka,useful prove hua travel ka buffer time,,,,7,7,0,7,1.0,True,2.857142857142857,5.0,0.47619047619047616,4,0.4,0.6,2,False,False,True,2_switch,0.7071067811865476,0.9525678,0.9525678,0.9525678
298,travel,EN-HN-EN-EN-HN-HN-HN,4,2,"[1, 2]",base_tf,route ka scenic part kaafi acha laga,scenic part kaafi acha laga route ka,,,,7,7,0,7,1.0,True,2.857142857142857,5.0,0.47619047619047616,4,0.3333333333333333,0.6666666666666666,2,True,False,False,2_switch,0.7071067811865476,0.9486595,0.9464497,0.94755334
298,travel,EN-HN-EN-EN-HN-HN-HN,4,2,"[1, 2]",base_es,route ka scenic part kaafi acha laga,acha laga route ka scenic part kaafi,,,,7,7,0,7,1.0,True,2.857142857142857,5.0,0.47619047619047616,4,0.3333333333333333,0.6666666666666666,2,False,True,False,2_switch,0.7071067811865476,0.9587402,0.9587402,0.9587402
298,travel,EN-HN-EN-EN-HN-HN-HN,4,2,"[1, 2]",tf_es,scenic part kaafi acha laga route ka,acha laga route ka scenic part kaafi,,,,7,7,0,7,1.0,True,3.4285714285714284,4.0,0.5714285714285714,6,0.3333333333333333,0.6666666666666666,2,False,False,True,2_switch,0.5946035575013605,0.9321896,0.9331035,0.93264633
299,travel,EN-HN-EN-HN-HN-HN-HN,5,1,[1],base_tf,journey ke end me fatigue thoda kam tha,fatigue thoda kam tha journey ke end me,,,,8,8,0,8,1.0,True,4.0,4.0,0.5714285714285714,8,0.16666666666666666,0.8333333333333334,1,True,False,False,1_switch,0.691441569283882,0.9469626,0.9469626,0.9469626
299,travel,EN-HN-EN-HN-HN-HN-HN,5,1,[1],base_es,journey ke end me fatigue thoda kam tha,thoda kam tha journey ke end me fatigue,,,,8,8,0,8,1.0,True,3.75,5.0,0.5357142857142857,6,0.16666666666666666,0.8333333333333334,1,False,True,False,1_switch,0.691441569283882,0.9539825,0.9539824,0.9539824
299,travel,EN-HN-EN-HN-HN-HN-HN,5,1,[1],tf_es,fatigue thoda kam tha journey ke end me,thoda kam tha journey ke end me fatigue,,,,8,8,0,8,1.0,True,1.75,7.0,0.25,2,0.16666666666666666,0.8333333333333334,1,False,False,True,1_switch,0.8694417438899829,0.972254,0.97225404,0.972254
300,travel,EN-EN-EN-HN-HN,2,3,"[0, 1, 2]",base_tf,overall travel experience satisfying raha,travel experience satisfying raha overall,,,,5,5,0,5,1.0,True,1.6,4.0,0.4,2,0.6,0.4,3,True,False,False,3plus_switch,0.7071067811865476,0.9543114,0.9519625,0.9531355
300,travel,EN-EN-EN-HN-HN,2,3,"[0, 1, 2]",base_es,overall travel experience satisfying raha,satisfying raha overall travel experience,,,,5,5,0,5,1.0,True,2.4,3.0,0.6,4,0.6,0.4,3,False,True,False,3plus_switch,0.3766136530980537,0.95876133,0.9587614,0.9587614
300,travel,EN-EN-EN-HN-HN,2,3,"[0, 1, 2]",tf_es,travel experience satisfying raha overall,satisfying raha overall travel experience,,,,5,5,0,5,1.0,True,2.4,3.0,0.6,4,0.6,0.4,3,False,False,True,3plus_switch,0.3766136530980537,0.9463,0.9463,0.9463
301,travel,EN-HN-EN-EN-HN-HN-HN,4,2,"[1, 2]",base_tf,train ka coach number clearly visible nahi,coach number clearly visible nahi train ka,,,,7,7,0,7,1.0,True,2.857142857142857,5.0,0.47619047619047616,4,0.3333333333333333,0.6666666666666666,2,True,False,False,2_switch,0.7071067811865476,0.9523033,0.9523033,0.9523033
301,travel,EN-HN-EN-EN-HN-HN-HN,4,2,"[1, 2]",base_es,train ka coach number clearly visible nahi,clearly visible nahi train ka coach number,,,,7,7,0,7,1.0,True,3.4285714285714284,4.0,0.5714285714285714,6,0.3333333333333333,0.6666666666666666,2,False,True,False,2_switch,0.5946035575013605,0.96691257,0.96691257,0.96691257
301,travel,EN-HN-EN-EN-HN-HN-HN,4,2,"[1, 2]",tf_es,coach number clearly visible nahi train ka,clearly visible nahi train ka coach number,,,,7,7,0,7,1.0,True,2.857142857142857,5.0,0.47619047619047616,4,0.3333333333333333,0.6666666666666666,2,False,False,True,2_switch,0.7071067811865476,0.9501054,0.95010537,0.95010537
302,travel,EN-HN-EN-EN-HN-HN-HN,4,2,"[1, 2]",base_tf,bus ka route diversion aaj laga hai,route diversion aaj laga hai bus ka,,,,7,7,0,7,1.0,True,2.857142857142857,5.0,0.47619047619047616,4,0.3333333333333333,0.6666666666666666,2,True,False,False,2_switch,0.7071067811865476,0.9612948,0.9612947,0.9612947
302,travel,EN-HN-EN-EN-HN-HN-HN,4,2,"[1, 2]",base_es,bus ka route diversion aaj laga hai,aaj laga hai bus ka route diversion,,,,7,7,0,7,1.0,True,3.4285714285714284,4.0,0.5714285714285714,6,0.3333333333333333,0.6666666666666666,2,False,True,False,2_switch,0.5946035575013605,0.95859784,0.9585979,0.95859784
302,travel,EN-HN-EN-EN-HN-HN-HN,4,2,"[1, 2]",tf_es,route diversion aaj laga hai bus ka,aaj laga hai bus ka route diversion,,,,7,7,0,7,1.0,True,2.857142857142857,5.0,0.47619047619047616,4,0.3333333333333333,0.6666666666666666,2,False,False,True,2_switch,0.7071067811865476,0.9624401,0.96244013,0.9624401
303,travel,EN-HN-EN-EN-HN-HN-HN,4,2,"[1, 2]",base_tf,cab ka drop point thoda confusing tha,drop point thoda confusing tha cab ka,,,,7,7,0,7,1.0,True,2.857142857142857,5.0,0.47619047619047616,4,0.3333333333333333,0.6666666666666666,2,True,False,False,2_switch,0.7071067811865476,0.96768063,0.96768063,0.9676806
303,travel,EN-HN-EN-EN-HN-HN-HN,4,2,"[1, 2]",base_es,cab ka drop point thoda confusing tha,confusing tha cab ka drop point thoda,,,,7,7,0,7,1.0,True,2.857142857142857,5.0,0.47619047619047616,4,0.3333333333333333,0.6666666666666666,2,False,True,False,2_switch,0.7071067811865476,0.9730141,0.9730141,0.9730141
303,travel,EN-HN-EN-EN-HN-HN-HN,4,2,"[1, 2]",tf_es,drop point thoda confusing tha cab ka,confusing tha cab ka drop point thoda,,,,7,7,0,7,1.0,True,3.4285714285714284,4.0,0.5714285714285714,6,0.3333333333333333,0.6666666666666666,2,False,False,True,2_switch,0.5946035575013605,0.9580611,0.9580611,0.9580611
304,travel,EN-HN-EN-EN-EN-HN,2,3,"[1, 2, 3]",base_tf,journey ka luggage allowance sufficient tha,luggage allowance sufficient tha journey ka,,,,6,6,0,6,1.0,True,2.6666666666666665,4.0,0.5333333333333333,4,0.6,0.4,3,True,False,False,3plus_switch,0.6042750794713536,0.96290684,0.96290684,0.96290684
304,travel,EN-HN-EN-EN-EN-HN,2,3,"[1, 2, 3]",base_es,journey ka luggage allowance sufficient tha,sufficient tha journey ka luggage allowance,,,,6,6,0,6,1.0,True,2.6666666666666665,4.0,0.5333333333333333,4,0.6,0.4,3,False,True,False,3plus_switch,0.6042750794713536,0.9635094,0.9635094,0.9635094
304,travel,EN-HN-EN-EN-EN-HN,2,3,"[1, 2, 3]",tf_es,luggage allowance sufficient tha journey ka,sufficient tha journey ka luggage allowance,,,,6,6,0,6,1.0,True,2.6666666666666665,4.0,0.5333333333333333,4,0.6,0.4,3,False,False,True,3plus_switch,0.6042750794713536,0.95697886,0.9569789,0.95697886
305,travel,EN-HN-EN-EN-EN-HN,2,3,"[1, 2, 3]",base_tf,station ka restroom maintenance poor laga,restroom maintenance poor laga station ka,,,,6,6,0,6,1.0,True,2.6666666666666665,4.0,0.5333333333333333,4,0.6,0.4,3,True,False,False,3plus_switch,0.6042750794713536,0.9598015,0.9598015,0.9598015
305,travel,EN-HN-EN-EN-EN-HN,2,3,"[1, 2, 3]",base_es,station ka restroom maintenance poor laga,poor laga station ka restroom maintenance,,,,6,6,0,6,1.0,True,2.6666666666666665,4.0,0.5333333333333333,4,0.6,0.4,3,False,True,False,3plus_switch,0.6042750794713536,0.9654741,0.965474,0.96547407
305,travel,EN-HN-EN-EN-EN-HN,2,3,"[1, 2, 3]",tf_es,restroom maintenance poor laga station ka,poor laga station ka restroom maintenance,,,,6,6,0,6,1.0,True,2.6666666666666665,4.0,0.5333333333333333,4,0.6,0.4,3,False,False,True,3plus_switch,0.6042750794713536,0.9552069,0.9552069,0.9552069
306,food,EN-HN-EN-EN-EN-HN,2,3,"[1, 2, 3]",base_tf,restaurant ka seating arrangement cramped hai,seating arrangement cramped hai restaurant ka,,,,6,6,0,6,1.0,True,2.6666666666666665,4.0,0.5333333333333333,4,0.6,0.4,3,True,False,False,3plus_switch,0.6042750794713536,0.9702153,0.9702153,0.9702153
306,food,EN-HN-EN-EN-EN-HN,2,3,"[1, 2, 3]",base_es,restaurant ka seating arrangement cramped hai,cramped hai restaurant ka seating arrangement,,,,6,6,0,6,1.0,True,2.6666666666666665,4.0,0.5333333333333333,4,0.6,0.4,3,False,True,False,3plus_switch,0.6042750794713536,0.9576242,0.9576242,0.9576242
306,food,EN-HN-EN-EN-EN-HN,2,3,"[1, 2, 3]",tf_es,seating arrangement cramped hai restaurant ka,cramped hai restaurant ka seating arrangement,,,,6,6,0,6,1.0,True,2.6666666666666665,4.0,0.5333333333333333,4,0.6,0.4,3,False,False,True,3plus_switch,0.6042750794713536,0.9549546,0.9549546,0.9549546
307,food,EN-HN-EN-EN-EN-HN,2,3,"[1, 2, 3]",base_tf,menu ka veg section limited laga,veg section limited laga menu ka,,,,6,6,0,6,1.0,True,2.6666666666666665,4.0,0.5333333333333333,4,0.6,0.4,3,True,False,False,3plus_switch,0.6042750794713536,0.9476596,0.9476596,0.9476596
307,food,EN-HN-EN-EN-EN-HN,2,3,"[1, 2, 3]",base_es,menu ka veg section limited laga,limited laga menu ka veg section,,,,6,6,0,6,1.0,True,2.6666666666666665,4.0,0.5333333333333333,4,0.6,0.4,3,False,True,False,3plus_switch,0.6042750794713536,0.96125644,0.9612565,0.96125644
307,food,EN-HN-EN-EN-EN-HN,2,3,"[1, 2, 3]",tf_es,veg section limited laga menu ka,limited laga menu ka veg section,,,,6,6,0,6,1.0,True,2.6666666666666665,4.0,0.5333333333333333,4,0.6,0.4,3,False,False,True,3plus_switch,0.6042750794713536,0.9541198,0.9541198,0.9541198
308,food,EN-HN-EN-EN-HN-HN,3,2,"[1, 2]",base_tf,order ka delivery slot reschedule ho gaya,delivery slot reschedule ho gaya order ka,,,,7,7,0,7,1.0,True,2.857142857142857,5.0,0.47619047619047616,4,0.4,0.6,2,True,False,False,2_switch,0.7071067811865476,0.96547735,0.96547735,0.96547735
308,food,EN-HN-EN-EN-HN-HN,3,2,"[1, 2]",base_es,order ka delivery slot reschedule ho gaya,reschedule ho gaya order ka delivery slot,,,,7,7,0,7,1.0,True,3.4285714285714284,4.0,0.5714285714285714,6,0.4,0.6,2,False,True,False,2_switch,0.5946035575013605,0.95502377,0.95502377,0.95502377
308,food,EN-HN-EN-EN-HN-HN,3,2,"[1, 2]",tf_es,delivery slot reschedule ho gaya order ka,reschedule ho gaya order ka delivery slot,,,,7,7,0,7,1.0,True,2.857142857142857,5.0,0.47619047619047616,4,0.4,0.6,2,False,False,True,2_switch,0.7071067811865476,0.9701997,0.9701996,0.97019964
309,food,EN-HN-EN-HN-HN-HN,4,1,[1],base_tf,dish ka presentation thoda plain tha,presentation thoda plain tha dish ka,,,,6,6,0,6,1.0,True,2.6666666666666665,4.0,0.5333333333333333,4,0.2,0.8,1,True,False,False,1_switch,0.6042750794713536,0.95437336,0.95437336,0.95437336
309,food,EN-HN-EN-HN-HN-HN,4,1,[1],base_es,dish ka presentation thoda plain tha,plain tha dish ka presentation thoda,,,,6,6,0,6,1.0,True,2.6666666666666665,4.0,0.5333333333333333,4,0.2,0.8,1,False,True,False,1_switch,0.6042750794713536,0.970152,0.9662203,0.9681822
309,food,EN-HN-EN-HN-HN-HN,4,1,[1],tf_es,presentation thoda plain tha dish ka,plain tha dish ka presentation thoda,,,,6,6,0,6,1.0,True,2.6666666666666665,4.0,0.5333333333333333,4,0.2,0.8,1,False,False,True,1_switch,0.6042750794713536,0.96748877,0.9644495,0.96596676
310,food,EN-HN-EN-EN-HN-HN,3,2,"[1, 2]",base_tf,bill ka split option available nahi,split option available nahi bill ka,,,,6,6,0,6,1.0,True,2.6666666666666665,4.0,0.5333333333333333,4,0.4,0.6,2,True,False,False,2_switch,0.6042750794713536,0.96986556,0.96986556,0.96986556
310,food,EN-HN-EN-EN-HN-HN,3,2,"[1, 2]",base_es,bill ka split option available nahi,available nahi bill ka split option,,,,6,6,0,6,1.0,True,2.6666666666666665,4.0,0.5333333333333333,4,0.4,0.6,2,False,True,False,2_switch,0.6042750794713536,0.9673257,0.9673257,0.9673257
310,food,EN-HN-EN-EN-HN-HN,3,2,"[1, 2]",tf_es,split option available nahi bill ka,available nahi bill ka split option,,,,6,6,0,6,1.0,True,2.6666666666666665,4.0,0.5333333333333333,4,0.4,0.6,2,False,False,True,2_switch,0.6042750794713536,0.9581498,0.9581498,0.9581498
311,shopping,EN-HN-EN-HN-HN-HN,4,1,[1],base_tf,shopping ka crowd weekend pe zyada hota,crowd weekend pe zyada hota shopping ka,,,,7,7,0,7,1.0,True,2.857142857142857,5.0,0.47619047619047616,4,0.2,0.8,1,True,False,False,1_switch,0.7071067811865476,0.96014845,0.96014845,0.96014845
311,shopping,EN-HN-EN-HN-HN-HN,4,1,[1],base_es,shopping ka crowd weekend pe zyada hota,zyada hota shopping ka crowd weekend pe,,,,7,7,0,7,1.0,True,2.857142857142857,5.0,0.47619047619047616,4,0.2,0.8,1,False,True,False,1_switch,0.7071067811865476,0.9505211,0.9505211,0.9505211
311,shopping,EN-HN-EN-HN-HN-HN,4,1,[1],tf_es,crowd weekend pe zyada hota shopping ka,zyada hota shopping ka crowd weekend pe,,,,7,7,0,7,1.0,True,3.4285714285714284,4.0,0.5714285714285714,6,0.2,0.8,1,False,False,True,1_switch,0.5946035575013605,0.95947385,0.95947385,0.95947385
312,shopping,EN-HN-EN-EN-HN-HN,3,2,"[1, 2]",base_tf,store ka return counter busy lag raha,return counter busy lag raha store ka,,,,7,7,0,7,1.0,True,2.857142857142857,5.0,0.47619047619047616,4,0.4,0.6,2,True,False,False,2_switch,0.7071067811865476,0.94582105,0.94582105,0.94582105
312,shopping,EN-HN-EN-EN-HN-HN,3,2,"[1, 2]",base_es,store ka return counter busy lag raha,busy lag raha store ka return counter,,,,7,7,0,7,1.0,True,3.4285714285714284,4.0,0.5714285714285714,6,0.4,0.6,2,False,True,False,2_switch,0.5946035575013605,0.94281095,0.942811,0.94281095
312,shopping,EN-HN-EN-EN-HN-HN,3,2,"[1, 2]",tf_es,return counter busy lag raha store ka,busy lag raha store ka return counter,,,,7,7,0,7,1.0,True,2.857142857142857,5.0,0.47619047619047616,4,0.4,0.6,2,False,False,True,2_switch,0.7071067811865476,0.961445,0.961445,0.961445
313,shopping,EN-HN-EN-HN-EN-HN-HN,4,2,"[1, 4]",base_tf,product ka color online photo se different tha,color online photo se different tha product ka,,,,8,8,0,8,1.0,True,3.0,6.0,0.42857142857142855,4,0.3333333333333333,0.6666666666666666,2,True,False,False,2_switch,0.7652058832556895,0.96268225,0.96268225,0.96268225
313,shopping,EN-HN-EN-HN-EN-HN-HN,4,2,"[1, 4]",base_es,product ka color online photo se different tha,different tha product ka color online photo se,,,,8,8,0,8,1.0,True,3.0,6.0,0.42857142857142855,4,0.3333333333333333,0.6666666666666666,2,False,True,False,2_switch,0.7652058832556895,0.95702755,0.95702755,0.95702755
313,shopping,EN-HN-EN-HN-EN-HN-HN,4,2,"[1, 4]",tf_es,color online photo se different tha product ka,different tha product ka color online photo se,,,,8,8,0,8,1.0,True,4.0,4.0,0.5714285714285714,8,0.3333333333333333,0.6666666666666666,2,False,False,True,2_switch,0.691441569283882,0.95562357,0.95562357,0.95562357
314,shopping,EN-HN-EN-HN-HN-HN,4,1,[1],base_tf,checkout ka process thoda slow laga,process thoda slow laga checkout ka,,,,6,6,0,6,1.0,True,2.6666666666666665,4.0,0.5333333333333333,4,0.2,0.8,1,True,False,False,1_switch,0.6042750794713536,0.96840894,0.96840894,0.96840894
314,shopping,EN-HN-EN-HN-HN-HN,4,1,[1],base_es,checkout ka process thoda slow laga,slow laga checkout ka process thoda,,,,6,6,0,6,1.0,True,2.6666666666666665,4.0,0.5333333333333333,4,0.2,0.8,1,False,True,False,1_switch,0.6042750794713536,0.97094977,0.97094977,0.97094977
314,shopping,EN-HN-EN-HN-HN-HN,4,1,[1],tf_es,process thoda slow laga checkout ka,slow laga checkout ka process thoda,,,,6,6,0,6,1.0,True,2.6666666666666665,4.0,0.5333333333333333,4,0.2,0.8,1,False,False,True,1_switch,0.6042750794713536,0.96589917,0.96589917,0.96589917
315,shopping,EN-HN-EN-EN-HN-HN-HN,4,2,"[1, 2]",base_tf,discount ka calculation automatically update nahi hua,calculation automatically update nahi hua discount ka,,,,7,7,0,7,1.0,True,2.857142857142857,5.0,0.47619047619047616,4,0.3333333333333333,0.6666666666666666,2,True,False,False,2_switch,0.7071067811865476,0.9598311,0.9598311,0.9598311
315,shopping,EN-HN-EN-EN-HN-HN-HN,4,2,"[1, 2]",base_es,discount ka calculation automatically update nahi hua,automatically update nahi hua discount ka calculation,,,,7,7,0,7,1.0,True,3.4285714285714284,4.0,0.5714285714285714,6,0.3333333333333333,0.6666666666666666,2,False,True,False,2_switch,0.5946035575013605,0.9583032,0.9583032,0.9583032
315,shopping,EN-HN-EN-EN-HN-HN-HN,4,2,"[1, 2]",tf_es,calculation automatically update nahi hua discount ka,automatically update nahi hua discount ka calculation,,,,7,7,0,7,1.0,True,1.7142857142857142,6.0,0.2857142857142857,2,0.3333333333333333,0.6666666666666666,2,False,False,True,2_switch,0.8408964152537146,0.96884793,0.96884793,0.96884793
316,work,EN-HN-EN-EN-HN-HN,3,2,"[1, 2]",base_tf,office ka entry process smooth raha,entry process smooth raha office ka,,,,6,6,0,6,1.0,True,2.6666666666666665,4.0,0.5333333333333333,4,0.4,0.6,2,True,False,False,2_switch,0.6042750794713536,0.956584,0.956584,0.956584
316,work,EN-HN-EN-EN-HN-HN,3,2,"[1, 2]",base_es,office ka entry process smooth raha,smooth raha office ka entry process,,,,6,6,0,6,1.0,True,2.6666666666666665,4.0,0.5333333333333333,4,0.4,0.6,2,False,True,False,2_switch,0.6042750794713536,0.954372,0.95437205,0.954372
316,work,EN-HN-EN-EN-HN-HN,3,2,"[1, 2]",tf_es,entry process smooth raha office ka,smooth raha office ka entry process,,,,6,6,0,6,1.0,True,2.6666666666666665,4.0,0.5333333333333333,4,0.4,0.6,2,False,False,True,2_switch,0.6042750794713536,0.9608621,0.9608621,0.9608621
317,work,EN-HN-EN-EN-EN-HN,2,3,"[1, 2, 3]",base_tf,meeting ka discussion points clear the,discussion points clear the meeting ka,,,,6,6,0,6,1.0,True,2.6666666666666665,4.0,0.5333333333333333,4,0.6,0.4,3,True,False,False,3plus_switch,0.6042750794713536,0.942775,0.942775,0.942775
317,work,EN-HN-EN-EN-EN-HN,2,3,"[1, 2, 3]",base_es,meeting ka discussion points clear the,clear the meeting ka discussion points,,,,6,6,0,6,1.0,True,2.6666666666666665,4.0,0.5333333333333333,4,0.6,0.4,3,False,True,False,3plus_switch,0.6042750794713536,0.94215465,0.94215465,0.94215465
317,work,EN-HN-EN-EN-EN-HN,2,3,"[1, 2, 3]",tf_es,discussion points clear the meeting ka,clear the meeting ka discussion points,,,,6,6,0,6,1.0,True,2.6666666666666665,4.0,0.5333333333333333,4,0.6,0.4,3,False,False,True,3plus_switch,0.6042750794713536,0.96112365,0.96112365,0.96112365
318,work,EN-HN-EN-HN-HN-HN,4,1,[2],base_tf,task ka estimation thoda optimistic lag raha,estimation thoda optimistic lag raha task ka,,,,7,7,0,7,1.0,True,2.857142857142857,5.0,0.47619047619047616,4,0.2,0.8,1,True,False,False,1_switch,0.7071067811865476,0.9504906,0.9504906,0.9504906
318,work,EN-HN-EN-HN-HN-HN,4,1,[2],base_es,task ka estimation thoda optimistic lag raha,optimistic lag raha task ka estimation thoda,,,,7,7,0,7,1.0,True,3.4285714285714284,4.0,0.5714285714285714,6,0.2,0.8,1,False,True,False,1_switch,0.5946035575013605,0.9544989,0.95449895,0.95449895
318,work,EN-HN-EN-HN-HN-HN,4,1,[2],tf_es,estimation thoda optimistic lag raha task ka,optimistic lag raha task ka estimation thoda,,,,7,7,0,7,1.0,True,2.857142857142857,5.0,0.47619047619047616,4,0.2,0.8,1,False,False,True,1_switch,0.7071067811865476,0.9559856,0.9559856,0.9559856
319,work,EN-HN-EN-EN-EN-HN,2,3,"[1, 2, 3]",base_tf,email ka response window short rakha,response window short rakha email ka,,,,6,6,0,6,1.0,True,2.6666666666666665,4.0,0.5333333333333333,4,0.6,0.4,3,True,False,False,3plus_switch,0.6042750794713536,0.96291816,0.9629181,0.9629181
319,work,EN-HN-EN-EN-EN-HN,2,3,"[1, 2, 3]",base_es,email ka response window short rakha,short rakha email ka response window,,,,6,6,0,6,1.0,True,2.6666666666666665,4.0,0.5333333333333333,4,0.6,0.4,3,False,True,False,3plus_switch,0.6042750794713536,0.9654597,0.9654597,0.9654597
319,work,EN-HN-EN-EN-EN-HN,2,3,"[1, 2, 3]",tf_es,response window short rakha email ka,short rakha email ka response window,,,,6,6,0,6,1.0,True,2.6666666666666665,4.0,0.5333333333333333,4,0.6,0.4,3,False,False,True,3plus_switch,0.6042750794713536,0.96114457,0.96114457,0.96114457
320,work,EN-HN-EN-EN-EN-HN,2,3,"[1, 2, 3]",base_tf,deadline ka reminder timely trigger hua,reminder timely trigger hua deadline ka,,,,6,6,0,6,1.0,True,2.6666666666666665,4.0,0.5333333333333333,4,0.6,0.4,3,True,False,False,3plus_switch,0.6042750794713536,0.9538194,0.9538194,0.9538194
320,work,EN-HN-EN-EN-EN-HN,2,3,"[1, 2, 3]",base_es,deadline ka reminder timely trigger hua,timely trigger hua deadline ka reminder,,,,6,6,0,6,1.0,True,3.0,3.0,0.6,6,0.6,0.4,3,False,True,False,3plus_switch,0.3931466788228678,0.95763487,0.95763487,0.95763487
320,work,EN-HN-EN-EN-EN-HN,2,3,"[1, 2, 3]",tf_es,reminder timely trigger hua deadline ka,timely trigger hua deadline ka reminder,,,,6,6,0,6,1.0,True,1.6666666666666667,5.0,0.3333333333333333,2,0.6,0.4,3,False,False,True,3plus_switch,0.7952707287670506,0.97151464,0.97151464,0.97151464
321,education,EN-HN-EN-EN-HN-HN-HN,4,2,"[1, 2]",base_tf,lecture ka timing notice board pe update hua,timing notice board pe update hua lecture ka,,,,8,8,0,8,1.0,True,3.0,6.0,0.42857142857142855,4,0.3333333333333333,0.6666666666666666,2,True,False,False,2_switch,0.7652058832556895,0.960305,0.960305,0.960305
321,education,EN-HN-EN-EN-HN-HN-HN,4,2,"[1, 2]",base_es,lecture ka timing notice board pe update hua,update hua lecture ka timing notice board pe,,,,8,8,0,8,1.0,True,3.0,6.0,0.42857142857142855,4,0.3333333333333333,0.6666666666666666,2,False,True,False,2_switch,0.7652058832556895,0.96354,0.96354,0.96354
321,education,EN-HN-EN-EN-HN-HN-HN,4,2,"[1, 2]",tf_es,timing notice board pe update hua lecture ka,update hua lecture ka timing notice board pe,,,,8,8,0,8,1.0,True,4.0,4.0,0.5714285714285714,8,0.3333333333333333,0.6666666666666666,2,False,False,True,2_switch,0.691441569283882,0.95419264,0.95419264,0.95419264
322,education,EN-HN-EN-EN-HN-HN-HN,4,2,"[1, 2]",base_tf,class ka projector properly focus nahi hua,projector properly focus nahi hua class ka,,,,7,7,0,7,1.0,True,2.857142857142857,5.0,0.47619047619047616,4,0.3333333333333333,0.6666666666666666,2,True,False,False,2_switch,0.7071067811865476,0.9682399,0.9682399,0.9682399
322,education,EN-HN-EN-EN-HN-HN-HN,4,2,"[1, 2]",base_es,class ka projector properly focus nahi hua,focus nahi hua class ka projector properly,,,,7,7,0,7,1.0,True,3.4285714285714284,4.0,0.5714285714285714,6,0.3333333333333333,0.6666666666666666,2,False,True,False,2_switch,0.5946035575013605,0.9539429,0.9544498,0.9541963
322,education,EN-HN-EN-EN-HN-HN-HN,4,2,"[1, 2]",tf_es,projector properly focus nahi hua class ka,focus nahi hua class ka projector properly,,,,7,7,0,7,1.0,True,2.857142857142857,5.0,0.47619047619047616,4,0.3333333333333333,0.6666666666666666,2,False,False,True,2_switch,0.7071067811865476,0.95786166,0.9573861,0.9576239
323,education,EN-HN-EN-EN-EN-HN,2,3,"[1, 2, 3]",base_tf,exam ka paper difficulty moderate laga,paper difficulty moderate laga exam ka,,,,6,6,0,6,1.0,True,2.6666666666666665,4.0,0.5333333333333333,4,0.6,0.4,3,True,False,False,3plus_switch,0.6042750794713536,0.95547736,0.95547736,0.95547736
323,education,EN-HN-EN-EN-EN-HN,2,3,"[1, 2, 3]",base_es,exam ka paper difficulty moderate laga,moderate laga exam ka paper difficulty,,,,6,6,0,6,1.0,True,2.6666666666666665,4.0,0.5333333333333333,4,0.6,0.4,3,False,True,False,3plus_switch,0.6042750794713536,0.9456212,0.9456212,0.9456212
323,education,EN-HN-EN-EN-EN-HN,2,3,"[1, 2, 3]",tf_es,paper difficulty moderate laga exam ka,moderate laga exam ka paper difficulty,,,,6,6,0,6,1.0,True,2.6666666666666665,4.0,0.5333333333333333,4,0.6,0.4,3,False,False,True,3plus_switch,0.6042750794713536,0.9476099,0.9476099,0.9476099
324,education,EN-HN-EN-EN-EN-HN,2,3,"[1, 2, 3]",base_tf,assignment ka plagiarism check pending hai,plagiarism check pending hai assignment ka,,,,6,6,0,6,1.0,True,2.6666666666666665,4.0,0.5333333333333333,4,0.6,0.4,3,True,False,False,3plus_switch,0.6042750794713536,0.95848906,0.95848906,0.95848906
324,education,EN-HN-EN-EN-EN-HN,2,3,"[1, 2, 3]",base_es,assignment ka plagiarism check pending hai,pending hai assignment ka plagiarism check,,,,6,6,0,6,1.0,True,2.6666666666666665,4.0,0.5333333333333333,4,0.6,0.4,3,False,True,False,3plus_switch,0.6042750794713536,0.96374536,0.96374536,0.96374536
324,education,EN-HN-EN-EN-EN-HN,2,3,"[1, 2, 3]",tf_es,plagiarism check pending hai assignment ka,pending hai assignment ka plagiarism check,,,,6,6,0,6,1.0,True,2.6666666666666665,4.0,0.5333333333333333,4,0.6,0.4,3,False,False,True,3plus_switch,0.6042750794713536,0.95334566,0.95334566,0.95334566
325,education,EN-HN-EN-HN-HN-HN,4,1,[2],base_tf,tutorial ka pace thoda fast lag raha,pace thoda fast lag raha tutorial ka,,,,7,7,0,7,1.0,True,2.857142857142857,5.0,0.47619047619047616,4,0.2,0.8,1,True,False,False,1_switch,0.7071067811865476,0.93892586,0.93892586,0.93892586
325,education,EN-HN-EN-HN-HN-HN,4,1,[2],base_es,tutorial ka pace thoda fast lag raha,fast lag raha tutorial ka pace thoda,,,,7,7,0,7,1.0,True,3.4285714285714284,4.0,0.5714285714285714,6,0.2,0.8,1,False,True,False,1_switch,0.5946035575013605,0.9416818,0.9416818,0.94168186
325,education,EN-HN-EN-HN-HN-HN,4,1,[2],tf_es,pace thoda fast lag raha tutorial ka,fast lag raha tutorial ka pace thoda,,,,7,7,0,7,1.0,True,2.857142857142857,5.0,0.47619047619047616,4,0.2,0.8,1,False,False,True,1_switch,0.7071067811865476,0.94993293,0.94993293,0.94993293
326,education,EN-HN-EN-EN-HN-HN,3,2,"[1, 2]",base_tf,notes ka handwriting clearly readable nahi,handwriting clearly readable nahi notes ka,,,,6,6,0,6,1.0,True,2.6666666666666665,4.0,0.5333333333333333,4,0.4,0.6,2,True,False,False,2_switch,0.6042750794713536,0.96853006,0.96853006,0.96853006
326,education,EN-HN-EN-EN-HN-HN,3,2,"[1, 2]",base_es,notes ka handwriting clearly readable nahi,clearly readable nahi notes ka handwriting,,,,6,6,0,6,1.0,True,3.0,3.0,0.6,6,0.4,0.6,2,False,True,False,2_switch,0.3931466788228678,0.9577147,0.9577147,0.9577147
326,education,EN-HN-EN-EN-HN-HN,3,2,"[1, 2]",tf_es,handwriting clearly readable nahi notes ka,clearly readable nahi notes ka handwriting,,,,6,6,0,6,1.0,True,1.6666666666666667,5.0,0.3333333333333333,2,0.4,0.6,2,False,False,True,2_switch,0.7952707287670506,0.9660103,0.9660103,0.9660103
327,education,EN-HN-EN-EN-EN-HN,2,3,"[1, 2, 3]",base_tf,lab ka equipment calibration due hai,equipment calibration due hai lab ka,,,,6,6,0,6,1.0,True,2.6666666666666665,4.0,0.5333333333333333,4,0.6,0.4,3,True,False,False,3plus_switch,0.6042750794713536,0.9685186,0.9685186,0.9685186
327,education,EN-HN-EN-EN-EN-HN,2,3,"[1, 2, 3]",base_es,lab ka equipment calibration due hai,calibration due hai lab ka equipment,,,,6,6,0,6,1.0,True,3.0,3.0,0.6,6,0.6,0.4,3,False,True,False,3plus_switch,0.3931466788228678,0.9544027,0.9544027,0.9544027
327,education,EN-HN-EN-EN-EN-HN,2,3,"[1, 2, 3]",tf_es,equipment calibration due hai lab ka,calibration due hai lab ka equipment,,,,6,6,0,6,1.0,True,1.6666666666666667,5.0,0.3333333333333333,2,0.6,0.4,3,False,False,True,3plus_switch,0.7952707287670506,0.97293615,0.97293615,0.9729362
328,education,EN-HN-EN-EN-EN-HN,2,3,"[1, 2, 3]",base_tf,class ka seating layout cramped laga,seating layout cramped laga class ka,,,,6,6,0,6,1.0,True,2.6666666666666665,4.0,0.5333333333333333,4,0.6,0.4,3,True,False,False,3plus_switch,0.6042750794713536,0.9528315,0.9528315,0.9528315
328,education,EN-HN-EN-EN-EN-HN,2,3,"[1, 2, 3]",base_es,class ka seating layout cramped laga,cramped laga class ka seating layout,,,,6,6,0,6,1.0,True,2.6666666666666665,4.0,0.5333333333333333,4,0.6,0.4,3,False,True,False,3plus_switch,0.6042750794713536,0.95374143,0.95374143,0.95374143
328,education,EN-HN-EN-EN-EN-HN,2,3,"[1, 2, 3]",tf_es,seating layout cramped laga class ka,cramped laga class ka seating layout,,,,6,6,0,6,1.0,True,2.6666666666666665,4.0,0.5333333333333333,4,0.6,0.4,3,False,False,True,3plus_switch,0.6042750794713536,0.9449614,0.9449614,0.9449614
329,education,EN-HN-EN-EN-HN-HN,3,2,"[1, 2]",base_tf,exam ka result portal slow chal raha,result portal slow chal raha exam ka,,,,7,7,0,7,1.0,True,2.857142857142857,5.0,0.47619047619047616,4,0.4,0.6,2,True,False,False,2_switch,0.7071067811865476,0.9604675,0.9604676,0.9604675
329,education,EN-HN-EN-EN-HN-HN,3,2,"[1, 2]",base_es,exam ka result portal slow chal raha,slow chal raha exam ka result portal,,,,7,7,0,7,1.0,True,3.4285714285714284,4.0,0.5714285714285714,6,0.4,0.6,2,False,True,False,2_switch,0.5946035575013605,0.9567298,0.95672977,0.9567298
329,education,EN-HN-EN-EN-HN-HN,3,2,"[1, 2]",tf_es,result portal slow chal raha exam ka,slow chal raha exam ka result portal,,,,7,7,0,7,1.0,True,2.857142857142857,5.0,0.47619047619047616,4,0.4,0.6,2,False,False,True,2_switch,0.7071067811865476,0.9647623,0.96476233,0.9647623
330,education,EN-HN-EN-EN-HN-HN,3,2,"[1, 2]",base_tf,group project ka coordination smooth raha,coordination smooth raha group project ka,,,,6,6,0,6,1.0,True,3.0,3.0,0.6,6,0.4,0.6,2,True,False,False,2_switch,0.3931466788228678,0.9466676,0.9466676,0.9466676
330,education,EN-HN-EN-EN-HN-HN,3,2,"[1, 2]",base_es,group project ka coordination smooth raha,smooth raha group project ka coordination,,,,6,6,0,6,1.0,True,2.6666666666666665,4.0,0.5333333333333333,4,0.4,0.6,2,False,True,False,2_switch,0.6042750794713536,0.9549213,0.9549213,0.9549213
330,education,EN-HN-EN-EN-HN-HN,3,2,"[1, 2]",tf_es,coordination smooth raha group project ka,smooth raha group project ka coordination,,,,6,6,0,6,1.0,True,1.6666666666666667,5.0,0.3333333333333333,2,0.4,0.6,2,False,False,True,2_switch,0.7952707287670506,0.965065,0.965065,0.965065
331,household,EN-HN-EN-EN-HN-HN,3,2,"[1, 2]",base_tf,room ka ceiling fan vibration kar raha,ceiling fan vibration kar raha room ka,,,,7,7,0,7,1.0,True,2.857142857142857,5.0,0.47619047619047616,4,0.4,0.6,2,True,False,False,2_switch,0.7071067811865476,0.9648368,0.9648368,0.9648368
331,household,EN-HN-EN-EN-HN-HN,3,2,"[1, 2]",base_es,room ka ceiling fan vibration kar raha,vibration kar raha room ka ceiling fan,,,,7,7,0,7,1.0,True,3.4285714285714284,4.0,0.5714285714285714,6,0.4,0.6,2,False,True,False,2_switch,0.5946035575013605,0.9573151,0.9573151,0.9573151
331,household,EN-HN-EN-EN-HN-HN,3,2,"[1, 2]",tf_es,ceiling fan vibration kar raha room ka,vibration kar raha room ka ceiling fan,,,,7,7,0,7,1.0,True,2.857142857142857,5.0,0.47619047619047616,4,0.4,0.6,2,False,False,True,2_switch,0.7071067811865476,0.960415,0.960415,0.960415
332,household,EN-HN-EN-EN-HN-HN-HN,4,2,"[1, 2]",base_tf,window ka latch properly lock nahi hua,latch properly lock nahi hua window ka,,,,7,7,0,7,1.0,True,2.857142857142857,5.0,0.47619047619047616,4,0.3333333333333333,0.6666666666666666,2,True,False,False,2_switch,0.7071067811865476,0.96517515,0.96517515,0.96517515
332,household,EN-HN-EN-EN-HN-HN-HN,4,2,"[1, 2]",base_es,window ka latch properly lock nahi hua,lock nahi hua window ka latch properly,,,,7,7,0,7,1.0,True,3.4285714285714284,4.0,0.5714285714285714,6,0.3333333333333333,0.6666666666666666,2,False,True,False,2_switch,0.5946035575013605,0.9561089,0.9561089,0.9561089
332,household,EN-HN-EN-EN-HN-HN-HN,4,2,"[1, 2]",tf_es,latch properly lock nahi hua window ka,lock nahi hua window ka latch properly,,,,7,7,0,7,1.0,True,2.857142857142857,5.0,0.47619047619047616,4,0.3333333333333333,0.6666666666666666,2,False,False,True,2_switch,0.7071067811865476,0.9539869,0.9539869,0.9539869
333,household,EN-HN-EN-HN-HN,3,1,[1],base_tf,kitchen ka gas knob tight ho gaya,gas knob tight ho gaya kitchen ka,,,,7,7,0,7,1.0,True,2.857142857142857,5.0,0.47619047619047616,4,0.25,0.75,1,True,False,False,1_switch,0.7071067811865476,0.96124375,0.96124375,0.96124375
333,household,EN-HN-EN-HN-HN,3,1,[1],base_es,kitchen ka gas knob tight ho gaya,tight ho gaya kitchen ka gas knob,,,,7,7,0,7,1.0,True,3.4285714285714284,4.0,0.5714285714285714,6,0.25,0.75,1,False,True,False,1_switch,0.5946035575013605,0.9580316,0.9580316,0.95803154
333,household,EN-HN-EN-HN-HN,3,1,[1],tf_es,gas knob tight ho gaya kitchen ka,tight ho gaya kitchen ka gas knob,,,,7,7,0,7,1.0,True,2.857142857142857,5.0,0.47619047619047616,4,0.25,0.75,1,False,False,True,1_switch,0.7071067811865476,0.9599109,0.9599109,0.9599109
334,household,EN-HN-EN-HN-HN,3,1,[1],base_tf,drawer ka handle loose lag raha,handle loose lag raha drawer ka,,,,6,6,0,6,1.0,True,2.6666666666666665,4.0,0.5333333333333333,4,0.25,0.75,1,True,False,False,1_switch,0.6042750794713536,0.93864906,0.93864906,0.93864906
334,household,EN-HN-EN-HN-HN,3,1,[1],base_es,drawer ka handle loose lag raha,loose lag raha drawer ka handle,,,,6,6,0,6,1.0,True,3.0,3.0,0.6,6,0.25,0.75,1,False,True,False,1_switch,0.3931466788228678,0.9502759,0.9502759,0.9502759
334,household,EN-HN-EN-HN-HN,3,1,[1],tf_es,handle loose lag raha drawer ka,loose lag raha drawer ka handle,,,,6,6,0,6,1.0,True,1.6666666666666667,5.0,0.3333333333333333,2,0.25,0.75,1,False,False,True,1_switch,0.7952707287670506,0.9642402,0.9642402,0.9642402
335,household,EN-HN-EN-EN-HN-HN,3,2,"[1, 2]",base_tf,bathroom ka mirror fog easily pakad raha,mirror fog easily pakad raha bathroom ka,,,,7,7,0,7,1.0,True,2.857142857142857,5.0,0.47619047619047616,4,0.4,0.6,2,True,False,False,2_switch,0.7071067811865476,0.9645942,0.9645942,0.9645942
335,household,EN-HN-EN-EN-HN-HN,3,2,"[1, 2]",base_es,bathroom ka mirror fog easily pakad raha,easily pakad raha bathroom ka mirror fog,,,,7,7,0,7,1.0,True,3.4285714285714284,4.0,0.5714285714285714,6,0.4,0.6,2,False,True,False,2_switch,0.5946035575013605,0.95504427,0.95504427,0.95504427
335,household,EN-HN-EN-EN-HN-HN,3,2,"[1, 2]",tf_es,mirror fog easily pakad raha bathroom ka,easily pakad raha bathroom ka mirror fog,,,,7,7,0,7,1.0,True,2.857142857142857,5.0,0.47619047619047616,4,0.4,0.6,2,False,False,True,2_switch,0.7071067811865476,0.9620998,0.9620998,0.9620998
336,household,EN-HN-EN-EN-HN-HN,3,2,"[1, 2]",base_tf,home ka power backup unreliable lag raha,power backup unreliable lag raha home ka,,,,7,7,0,7,1.0,True,2.857142857142857,5.0,0.47619047619047616,4,0.4,0.6,2,True,False,False,2_switch,0.7071067811865476,0.9629419,0.96294194,0.96294194
336,household,EN-HN-EN-EN-HN-HN,3,2,"[1, 2]",base_es,home ka power backup unreliable lag raha,unreliable lag raha home ka power backup,,,,7,7,0,7,1.0,True,3.4285714285714284,4.0,0.5714285714285714,6,0.4,0.6,2,False,True,False,2_switch,0.5946035575013605,0.95880747,0.95880747,0.95880747
336,household,EN-HN-EN-EN-HN-HN,3,2,"[1, 2]",tf_es,power backup unreliable lag raha home ka,unreliable lag raha home ka power backup,,,,7,7,0,7,1.0,True,2.857142857142857,5.0,0.47619047619047616,4,0.4,0.6,2,False,False,True,2_switch,0.7071067811865476,0.9696075,0.9696075,0.9696075
337,household,EN-HN-EN-EN-HN-HN,3,2,"[1, 2]",base_tf,balcony ka railing paint chip ho raha,railing paint chip ho raha balcony ka,,,,7,7,0,7,1.0,True,2.857142857142857,5.0,0.47619047619047616,4,0.4,0.6,2,True,False,False,2_switch,0.7071067811865476,0.9598607,0.9598607,0.9598607
337,household,EN-HN-EN-EN-HN-HN,3,2,"[1, 2]",base_es,balcony ka railing paint chip ho raha,chip ho raha balcony ka railing paint,,,,7,7,0,7,1.0,True,3.4285714285714284,4.0,0.5714285714285714,6,0.4,0.6,2,False,True,False,2_switch,0.5946035575013605,0.9565002,0.9565002,0.9565002
337,household,EN-HN-EN-EN-HN-HN,3,2,"[1, 2]",tf_es,railing paint chip ho raha balcony ka,chip ho raha balcony ka railing paint,,,,7,7,0,7,1.0,True,2.857142857142857,5.0,0.47619047619047616,4,0.4,0.6,2,False,False,True,2_switch,0.7071067811865476,0.9619606,0.9619606,0.9619606
338,household,EN-HN-EN-EN-HN-HN-HN,4,2,"[1, 2]",base_tf,wardrobe ka drawer smooth slide nahi karta,drawer smooth slide nahi karta wardrobe ka,,,,7,7,0,7,1.0,True,2.857142857142857,5.0,0.47619047619047616,4,0.3333333333333333,0.6666666666666666,2,True,False,False,2_switch,0.7071067811865476,0.9514149,0.95141494,0.9514149
338,household,EN-HN-EN-EN-HN-HN-HN,4,2,"[1, 2]",base_es,wardrobe ka drawer smooth slide nahi karta,smooth slide nahi karta wardrobe ka drawer,,,,7,7,0,7,1.0,True,3.4285714285714284,4.0,0.5714285714285714,6,0.3333333333333333,0.6666666666666666,2,False,True,False,2_switch,0.5946035575013605,0.9507953,0.9494889,0.95014167
338,household,EN-HN-EN-EN-HN-HN-HN,4,2,"[1, 2]",tf_es,drawer smooth slide nahi karta wardrobe ka,smooth slide nahi karta wardrobe ka drawer,,,,7,7,0,7,1.0,True,1.7142857142857142,6.0,0.2857142857142857,2,0.3333333333333333,0.6666666666666666,2,False,False,True,2_switch,0.8408964152537146,0.9633182,0.9619415,0.9626294
339,household,EN-HN-EN-EN-HN-HN,3,2,"[1, 2]",base_tf,door ka hinge squeak sound kar raha,hinge squeak sound kar raha door ka,,,,7,7,0,7,1.0,True,2.857142857142857,5.0,0.47619047619047616,4,0.4,0.6,2,True,False,False,2_switch,0.7071067811865476,0.9624554,0.96245545,0.96245545
339,household,EN-HN-EN-EN-HN-HN,3,2,"[1, 2]",base_es,door ka hinge squeak sound kar raha,squeak sound kar raha door ka hinge,,,,7,7,0,7,1.0,True,3.4285714285714284,4.0,0.5714285714285714,6,0.4,0.6,2,False,True,False,2_switch,0.5946035575013605,0.9551266,0.95512664,0.9551266
339,household,EN-HN-EN-EN-HN-HN,3,2,"[1, 2]",tf_es,hinge squeak sound kar raha door ka,squeak sound kar raha door ka hinge,,,,7,7,0,7,1.0,True,1.7142857142857142,6.0,0.2857142857142857,2,0.4,0.6,2,False,False,True,2_switch,0.8408964152537146,0.9726527,0.9726527,0.9726527
340,household,EN-HN-EN-HN-HN-HN,4,1,[1],base_tf,room ka ventilation proper nahi lag raha,ventilation proper nahi lag raha room ka,,,,7,7,0,7,1.0,True,2.857142857142857,5.0,0.47619047619047616,4,0.2,0.8,1,True,False,False,1_switch,0.7071067811865476,0.9445487,0.9427153,0.9436311
340,household,EN-HN-EN-HN-HN-HN,4,1,[1],base_es,room ka ventilation proper nahi lag raha,proper nahi lag raha room ka ventilation,,,,7,7,0,7,1.0,True,3.4285714285714284,4.0,0.5714285714285714,6,0.2,0.8,1,False,True,False,1_switch,0.5946035575013605,0.9475741,0.9475741,0.9475741
340,household,EN-HN-EN-HN-HN-HN,4,1,[1],tf_es,ventilation proper nahi lag raha room ka,proper nahi lag raha room ka ventilation,,,,7,7,0,7,1.0,True,1.7142857142857142,6.0,0.2857142857142857,2,0.2,0.8,1,False,False,True,1_switch,0.8408964152537146,0.9778311,0.96816826,0.9729757
341,digital,EN-HN-EN-EN-HN-HN-HN,5,2,"[1, 2]",base_tf,app ka loading time peak hours me badhta,loading time peak hours me badhta app ka,,,,8,8,0,8,1.0,True,3.0,6.0,0.42857142857142855,4,0.2857142857142857,0.7142857142857143,2,True,False,False,2_switch,0.7652058832556895,0.96143126,0.96143126,0.96143126
341,digital,EN-HN-EN-EN-HN-HN-HN,5,2,"[1, 2]",base_es,app ka loading time peak hours me badhta,peak hours me badhta app ka loading time,,,,8,8,0,8,1.0,True,4.0,4.0,0.5714285714285714,8,0.2857142857142857,0.7142857142857143,2,False,True,False,2_switch,0.691441569283882,0.9638601,0.9638601,0.9638601
341,digital,EN-HN-EN-EN-HN-HN-HN,5,2,"[1, 2]",tf_es,loading time peak hours me badhta app ka,peak hours me badhta app ka loading time,,,,8,8,0,8,1.0,True,3.0,6.0,0.42857142857142855,4,0.2857142857142857,0.7142857142857143,2,False,False,True,2_switch,0.7652058832556895,0.9627779,0.9627779,0.9627779
342,digital,EN-HN-EN-EN-HN-HN,3,2,"[1, 2]",base_tf,phone ka camera focus slow ho raha,camera focus slow ho raha phone ka,,,,7,7,0,7,1.0,True,2.857142857142857,5.0,0.47619047619047616,4,0.4,0.6,2,True,False,False,2_switch,0.7071067811865476,0.96513665,0.96513665,0.96513665
342,digital,EN-HN-EN-EN-HN-HN,3,2,"[1, 2]",base_es,phone ka camera focus slow ho raha,slow ho raha phone ka camera focus,,,,7,7,0,7,1.0,True,3.4285714285714284,4.0,0.5714285714285714,6,0.4,0.6,2,False,True,False,2_switch,0.5946035575013605,0.9668213,0.9668214,0.9668214
342,digital,EN-HN-EN-EN-HN-HN,3,2,"[1, 2]",tf_es,camera focus slow ho raha phone ka,slow ho raha phone ka camera focus,,,,7,7,0,7,1.0,True,2.857142857142857,5.0,0.47619047619047616,4,0.4,0.6,2,False,False,True,2_switch,0.7071067811865476,0.9715562,0.9715562,0.9715562
343,digital,EN-HN-EN-EN-HN-HN-HN,4,2,"[1, 2]",base_tf,software ka update background me install hua,update background me install hua software ka,,,,7,7,0,7,1.0,True,2.857142857142857,5.0,0.47619047619047616,4,0.3333333333333333,0.6666666666666666,2,True,False,False,2_switch,0.7071067811865476,0.95971483,0.9597149,0.95971483
343,digital,EN-HN-EN-EN-HN-HN-HN,4,2,"[1, 2]",base_es,software ka update background me install hua,install hua software ka update background me,,,,7,7,0,7,1.0,True,2.857142857142857,5.0,0.47619047619047616,4,0.3333333333333333,0.6666666666666666,2,False,True,False,2_switch,0.7071067811865476,0.9601532,0.9601532,0.9601532
343,digital,EN-HN-EN-EN-HN-HN-HN,4,2,"[1, 2]",tf_es,update background me install hua software ka,install hua software ka update background me,,,,7,7,0,7,1.0,True,3.4285714285714284,4.0,0.5714285714285714,6,0.3333333333333333,0.6666666666666666,2,False,False,True,2_switch,0.5946035575013605,0.9678399,0.96783996,0.9678399
344,digital,EN-HN-EN-EN-HN-HN,3,2,"[1, 2]",base_tf,browser ka cache clear karna padega,cache clear karna padega browser ka,,,,6,6,0,6,1.0,True,2.6666666666666665,4.0,0.5333333333333333,4,0.4,0.6,2,True,False,False,2_switch,0.6042750794713536,0.95927954,0.95927954,0.95927954
344,digital,EN-HN-EN-EN-HN-HN,3,2,"[1, 2]",base_es,browser ka cache clear karna padega,clear karna padega browser ka cache,,,,6,6,0,6,1.0,True,3.0,3.0,0.6,6,0.4,0.6,2,False,True,False,2_switch,0.3931466788228678,0.96260005,0.9626001,0.96260005
344,digital,EN-HN-EN-EN-HN-HN,3,2,"[1, 2]",tf_es,cache clear karna padega browser ka,clear karna padega browser ka cache,,,,6,6,0,6,1.0,True,1.6666666666666667,5.0,0.3333333333333333,2,0.4,0.6,2,False,False,True,2_switch,0.7952707287670506,0.9763944,0.9763944,0.9763944
345,digital,EN-HN-EN-EN-EN-HN,2,3,"[1, 2, 3]",base_tf,file ka rename option greyed out hai,rename option greyed out hai file ka,,,,7,7,0,7,1.0,True,2.857142857142857,5.0,0.47619047619047616,4,0.6,0.4,3,True,False,False,3plus_switch,0.7071067811865476,0.973812,0.973812,0.973812
345,digital,EN-HN-EN-EN-EN-HN,2,3,"[1, 2, 3]",base_es,file ka rename option greyed out hai,greyed out hai file ka rename option,,,,7,7,0,7,1.0,True,3.4285714285714284,4.0,0.5714285714285714,6,0.6,0.4,3,False,True,False,3plus_switch,0.5946035575013605,0.9668268,0.9668268,0.9668268
345,digital,EN-HN-EN-EN-EN-HN,2,3,"[1, 2, 3]",tf_es,rename option greyed out hai file ka,greyed out hai file ka rename option,,,,7,7,0,7,1.0,True,2.857142857142857,5.0,0.47619047619047616,4,0.6,0.4,3,False,False,True,3plus_switch,0.7071067811865476,0.96694803,0.966948,0.966948
346,digital,EN-HN-EN-EN-HN-HN,3,2,"[1, 2]",base_tf,app ka notification sound muted lag raha,notification sound muted lag raha app ka,,,,7,7,0,7,1.0,True,2.857142857142857,5.0,0.47619047619047616,4,0.4,0.6,2,True,False,False,2_switch,0.7071067811865476,0.9427116,0.9427116,0.9427116
346,digital,EN-HN-EN-EN-HN-HN,3,2,"[1, 2]",base_es,app ka notification sound muted lag raha,muted lag raha app ka notification sound,,,,7,7,0,7,1.0,True,3.4285714285714284,4.0,0.5714285714285714,6,0.4,0.6,2,False,True,False,2_switch,0.5946035575013605,0.9336841,0.9336841,0.9336841
346,digital,EN-HN-EN-EN-HN-HN,3,2,"[1, 2]",tf_es,notification sound muted lag raha app ka,muted lag raha app ka notification sound,,,,7,7,0,7,1.0,True,2.857142857142857,5.0,0.47619047619047616,4,0.4,0.6,2,False,False,True,2_switch,0.7071067811865476,0.9623134,0.9623134,0.9623134
347,digital,EN-HN-EN-EN-HN-HN,3,2,"[1, 2]",base_tf,system ka restart issue solve kar deta,restart issue solve kar deta system ka,,,,7,7,0,7,1.0,True,2.857142857142857,5.0,0.47619047619047616,4,0.4,0.6,2,True,False,False,2_switch,0.7071067811865476,0.9677224,0.9677224,0.9677224
347,digital,EN-HN-EN-EN-HN-HN,3,2,"[1, 2]",base_es,system ka restart issue solve kar deta,solve kar deta system ka restart issue,,,,7,7,0,7,1.0,True,3.4285714285714284,4.0,0.5714285714285714,6,0.4,0.6,2,False,True,False,2_switch,0.5946035575013605,0.9648441,0.96484405,0.96484405
347,digital,EN-HN-EN-EN-HN-HN,3,2,"[1, 2]",tf_es,restart issue solve kar deta system ka,solve kar deta system ka restart issue,,,,7,7,0,7,1.0,True,2.857142857142857,5.0,0.47619047619047616,4,0.4,0.6,2,False,False,True,2_switch,0.7071067811865476,0.9632903,0.9632903,0.9632903
348,digital,EN-HN-EN-EN-HN-HN,3,2,"[1, 2]",base_tf,email ka spam filter aggressive lag raha,spam filter aggressive lag raha email ka,,,,7,7,0,7,1.0,True,2.857142857142857,5.0,0.47619047619047616,4,0.4,0.6,2,True,False,False,2_switch,0.7071067811865476,0.9656143,0.9656143,0.9656143
348,digital,EN-HN-EN-EN-HN-HN,3,2,"[1, 2]",base_es,email ka spam filter aggressive lag raha,aggressive lag raha email ka spam filter,,,,7,7,0,7,1.0,True,3.4285714285714284,4.0,0.5714285714285714,6,0.4,0.6,2,False,True,False,2_switch,0.5946035575013605,0.95209616,0.95209616,0.95209616
348,digital,EN-HN-EN-EN-HN-HN,3,2,"[1, 2]",tf_es,spam filter aggressive lag raha email ka,aggressive lag raha email ka spam filter,,,,7,7,0,7,1.0,True,2.857142857142857,5.0,0.47619047619047616,4,0.4,0.6,2,False,False,True,2_switch,0.7071067811865476,0.956632,0.956632,0.956632
349,digital,EN-HN-EN-EN-EN-HN,2,3,"[1, 2, 3]",base_tf,device ka firmware update pending hai,firmware update pending hai device ka,,,,6,6,0,6,1.0,True,2.6666666666666665,4.0,0.5333333333333333,4,0.6,0.4,3,True,False,False,3plus_switch,0.6042750794713536,0.97270626,0.9727062,0.97270626
349,digital,EN-HN-EN-EN-EN-HN,2,3,"[1, 2, 3]",base_es,device ka firmware update pending hai,pending hai device ka firmware update,,,,6,6,0,6,1.0,True,2.6666666666666665,4.0,0.5333333333333333,4,0.6,0.4,3,False,True,False,3plus_switch,0.6042750794713536,0.96474415,0.9647442,0.96474415
349,digital,EN-HN-EN-EN-EN-HN,2,3,"[1, 2, 3]",tf_es,firmware update pending hai device ka,pending hai device ka firmware update,,,,6,6,0,6,1.0,True,2.6666666666666665,4.0,0.5333333333333333,4,0.6,0.4,3,False,False,True,3plus_switch,0.6042750794713536,0.9654571,0.965457,0.965457
350,digital,EN-EN-HN-EN-HN-HN-HN,4,2,"[0, 3]",base_tf,cloud sync ka conflict resolve nahi hua,sync ka conflict resolve nahi hua cloud,,,,7,7,0,7,1.0,True,1.7142857142857142,6.0,0.2857142857142857,2,0.3333333333333333,0.6666666666666666,2,True,False,False,2_switch,0.8408964152537146,0.97285765,0.97285765,0.97285765
350,digital,EN-EN-HN-EN-HN-HN-HN,4,2,"[0, 3]",base_es,cloud sync ka conflict resolve nahi hua,resolve nahi hua cloud sync ka conflict,,,,7,7,0,7,1.0,True,3.4285714285714284,4.0,0.5714285714285714,6,0.3333333333333333,0.6666666666666666,2,False,True,False,2_switch,0.5946035575013605,0.961107,0.961107,0.961107
350,digital,EN-EN-HN-EN-HN-HN-HN,4,2,"[0, 3]",tf_es,sync ka conflict resolve nahi hua cloud,resolve nahi hua cloud sync ka conflict,,,,7,7,0,7,1.0,True,3.4285714285714284,4.0,0.5714285714285714,6,0.3333333333333333,0.6666666666666666,2,False,False,True,2_switch,0.5946035575013605,0.9550992,0.9550992,0.9550992
351,health,EN-HN-EN-EN-HN-HN-HN,4,2,"[1, 2]",base_tf,medicine ka dosage timing adjust karna hoga,dosage timing adjust karna hoga medicine ka,,,,7,7,0,7,1.0,True,2.857142857142857,5.0,0.47619047619047616,4,0.3333333333333333,0.6666666666666666,2,True,False,False,2_switch,0.7071067811865476,0.97579247,0.9757924,0.97579247
351,health,EN-HN-EN-EN-HN-HN-HN,4,2,"[1, 2]",base_es,medicine ka dosage timing adjust karna hoga,adjust karna hoga medicine ka dosage timing,,,,7,7,0,7,1.0,True,3.4285714285714284,4.0,0.5714285714285714,6,0.3333333333333333,0.6666666666666666,2,False,True,False,2_switch,0.5946035575013605,0.9680667,0.96806663,0.96806663
351,health,EN-HN-EN-EN-HN-HN-HN,4,2,"[1, 2]",tf_es,dosage timing adjust karna hoga medicine ka,adjust karna hoga medicine ka dosage timing,,,,7,7,0,7,1.0,True,2.857142857142857,5.0,0.47619047619047616,4,0.3333333333333333,0.6666666666666666,2,False,False,True,2_switch,0.7071067811865476,0.9596729,0.9596729,0.9596729
352,health,EN-HN-EN-EN-HN-HN,3,2,"[1, 2]",base_tf,clinic ka appointment slot reschedule hua,appointment slot reschedule hua clinic ka,,,,6,6,0,6,1.0,True,2.6666666666666665,4.0,0.5333333333333333,4,0.4,0.6,2,True,False,False,2_switch,0.6042750794713536,0.95718855,0.95718855,0.95718855
352,health,EN-HN-EN-EN-HN-HN,3,2,"[1, 2]",base_es,clinic ka appointment slot reschedule hua,reschedule hua clinic ka appointment slot,,,,6,6,0,6,1.0,True,2.6666666666666665,4.0,0.5333333333333333,4,0.4,0.6,2,False,True,False,2_switch,0.6042750794713536,0.9588305,0.9588305,0.9588305
352,health,EN-HN-EN-EN-HN-HN,3,2,"[1, 2]",tf_es,appointment slot reschedule hua clinic ka,reschedule hua clinic ka appointment slot,,,,6,6,0,6,1.0,True,2.6666666666666665,4.0,0.5333333333333333,4,0.4,0.6,2,False,False,True,2_switch,0.6042750794713536,0.9598769,0.9598769,0.9598769
353,health,EN-HN-EN-EN-HN-HN,3,2,"[1, 2]",base_tf,test ka sample label missing nikla,sample label missing nikla test ka,,,,6,6,0,6,1.0,True,2.6666666666666665,4.0,0.5333333333333333,4,0.4,0.6,2,True,False,False,2_switch,0.6042750794713536,0.9582228,0.95822275,0.9582228
353,health,EN-HN-EN-EN-HN-HN,3,2,"[1, 2]",base_es,test ka sample label missing nikla,missing nikla test ka sample label,,,,6,6,0,6,1.0,True,2.6666666666666665,4.0,0.5333333333333333,4,0.4,0.6,2,False,True,False,2_switch,0.6042750794713536,0.9572277,0.95722765,0.95722765
353,health,EN-HN-EN-EN-HN-HN,3,2,"[1, 2]",tf_es,sample label missing nikla test ka,missing nikla test ka sample label,,,,6,6,0,6,1.0,True,2.6666666666666665,4.0,0.5333333333333333,4,0.4,0.6,2,False,False,True,2_switch,0.6042750794713536,0.9476983,0.9476983,0.9476983
354,health,EN-HN-EN-HN-HN-HN,4,1,[2],base_tf,report ka interpretation thoda confusing laga,interpretation thoda confusing laga report ka,,,,6,6,0,6,1.0,True,2.6666666666666665,4.0,0.5333333333333333,4,0.2,0.8,1,True,False,False,1_switch,0.6042750794713536,0.97029567,0.97029567,0.97029567
354,health,EN-HN-EN-HN-HN-HN,4,1,[2],base_es,report ka interpretation thoda confusing laga,confusing laga report ka interpretation thoda,,,,6,6,0,6,1.0,True,2.6666666666666665,4.0,0.5333333333333333,4,0.2,0.8,1,False,True,False,1_switch,0.6042750794713536,0.9593003,0.9593003,0.9593003
354,health,EN-HN-EN-HN-HN-HN,4,1,[2],tf_es,interpretation thoda confusing laga report ka,confusing laga report ka interpretation thoda,,,,6,6,0,6,1.0,True,2.6666666666666665,4.0,0.5333333333333333,4,0.2,0.8,1,False,False,True,1_switch,0.6042750794713536,0.9571729,0.9571729,0.9571729
355,health,EN-HN-EN-EN-HN-HN,3,2,"[1, 2]",base_tf,medicine ka side effect mild lag raha,side effect mild lag raha medicine ka,,,,7,7,0,7,1.0,True,2.857142857142857,5.0,0.47619047619047616,4,0.4,0.6,2,True,False,False,2_switch,0.7071067811865476,0.95355296,0.95355296,0.95355296
355,health,EN-HN-EN-EN-HN-HN,3,2,"[1, 2]",base_es,medicine ka side effect mild lag raha,mild lag raha medicine ka side effect,,,,7,7,0,7,1.0,True,3.4285714285714284,4.0,0.5714285714285714,6,0.4,0.6,2,False,True,False,2_switch,0.5946035575013605,0.9518963,0.9518963,0.9518963
355,health,EN-HN-EN-EN-HN-HN,3,2,"[1, 2]",tf_es,side effect mild lag raha medicine ka,mild lag raha medicine ka side effect,,,,7,7,0,7,1.0,True,2.857142857142857,5.0,0.47619047619047616,4,0.4,0.6,2,False,False,True,2_switch,0.7071067811865476,0.96306515,0.96306515,0.96306515
356,health,EN-HN-EN-EN-HN-HN,3,2,"[1, 2]",base_tf,doctor ka explanation easy samajh aaya,explanation easy samajh aaya doctor ka,,,,6,6,0,6,1.0,True,2.6666666666666665,4.0,0.5333333333333333,4,0.4,0.6,2,True,False,False,2_switch,0.6042750794713536,0.9606494,0.9606494,0.9606494
356,health,EN-HN-EN-EN-HN-HN,3,2,"[1, 2]",base_es,doctor ka explanation easy samajh aaya,easy samajh aaya doctor ka explanation,,,,6,6,0,6,1.0,True,3.0,3.0,0.6,6,0.4,0.6,2,False,True,False,2_switch,0.3931466788228678,0.9532391,0.9532391,0.9532391
356,health,EN-HN-EN-EN-HN-HN,3,2,"[1, 2]",tf_es,explanation easy samajh aaya doctor ka,easy samajh aaya doctor ka explanation,,,,6,6,0,6,1.0,True,1.6666666666666667,5.0,0.3333333333333333,2,0.4,0.6,2,False,False,True,2_switch,0.7952707287670506,0.9746947,0.9746947,0.9746947
357,health,EN-EN-EN-HN-HN-HN-HN,3,3,"[0, 1, 2]",base_tf,health app ka step count inaccurate lag raha,step count inaccurate lag raha health app ka,,,,8,8,0,8,1.0,True,3.75,5.0,0.5357142857142857,6,0.5,0.5,3,True,False,False,3plus_switch,0.691441569283882,0.95947397,0.9594739,0.9594739
357,health,EN-EN-EN-HN-HN-HN-HN,3,3,"[0, 1, 2]",base_es,health app ka step count inaccurate lag raha,inaccurate lag raha health app ka step count,,,,8,8,0,8,1.0,True,3.75,5.0,0.5357142857142857,6,0.5,0.5,3,False,True,False,3plus_switch,0.691441569283882,0.9437943,0.94379425,0.9437943
357,health,EN-EN-EN-HN-HN-HN-HN,3,3,"[0, 1, 2]",tf_es,step count inaccurate lag raha health app ka,inaccurate lag raha health app ka step count,,,,8,8,0,8,1.0,True,3.0,6.0,0.42857142857142855,4,0.5,0.5,3,False,False,True,3plus_switch,0.7652058832556895,0.96441513,0.9644152,0.96441513
358,health,EN-HN-EN-EN-HN-HN,4,2,"[1, 2]",base_tf,exercise ka warm up skip nahi karna,warm up skip nahi karna exercise ka,,,,7,7,0,7,1.0,True,2.857142857142857,5.0,0.47619047619047616,4,0.3333333333333333,0.6666666666666666,2,True,False,False,2_switch,0.7071067811865476,0.96570474,0.96570474,0.96570474
358,health,EN-HN-EN-EN-HN-HN,4,2,"[1, 2]",base_es,exercise ka warm up skip nahi karna,skip nahi karna exercise ka warm up,,,,7,7,0,7,1.0,True,3.4285714285714284,4.0,0.5714285714285714,6,0.3333333333333333,0.6666666666666666,2,False,True,False,2_switch,0.5946035575013605,0.9559904,0.9548619,0.9554258
358,health,EN-HN-EN-EN-HN-HN,4,2,"[1, 2]",tf_es,warm up skip nahi karna exercise ka,skip nahi karna exercise ka warm up,,,,7,7,0,7,1.0,True,2.857142857142857,5.0,0.47619047619047616,4,0.3333333333333333,0.6666666666666666,2,False,False,True,2_switch,0.7071067811865476,0.95720094,0.957201,0.95720094
359,health,EN-HN-EN-EN-HN-HN,3,2,"[1, 2]",base_tf,diet ka protein intake insufficient lag raha,protein intake insufficient lag raha diet ka,,,,7,7,0,7,1.0,True,2.857142857142857,5.0,0.47619047619047616,4,0.4,0.6,2,True,False,False,2_switch,0.7071067811865476,0.9538893,0.95388925,0.9538893
359,health,EN-HN-EN-EN-HN-HN,3,2,"[1, 2]",base_es,diet ka protein intake insufficient lag raha,insufficient lag raha diet ka protein intake,,,,7,7,0,7,1.0,True,3.4285714285714284,4.0,0.5714285714285714,6,0.4,0.6,2,False,True,False,2_switch,0.5946035575013605,0.9480498,0.9480499,0.94804984
359,health,EN-HN-EN-EN-HN-HN,3,2,"[1, 2]",tf_es,protein intake insufficient lag raha diet ka,insufficient lag raha diet ka protein intake,,,,7,7,0,7,1.0,True,2.857142857142857,5.0,0.47619047619047616,4,0.4,0.6,2,False,False,True,2_switch,0.7071067811865476,0.9614084,0.9614084,0.9614084
360,health,EN-HN-EN-EN-HN-HN,3,2,"[1, 2]",base_tf,sleep ka schedule recently disturb ho gaya,schedule recently disturb ho gaya sleep ka,,,,7,7,0,7,1.0,True,2.857142857142857,5.0,0.47619047619047616,4,0.4,0.6,2,True,False,False,2_switch,0.7071067811865476,0.9574481,0.95744807,0.95744807
360,health,EN-HN-EN-EN-HN-HN,3,2,"[1, 2]",base_es,sleep ka schedule recently disturb ho gaya,disturb ho gaya sleep ka schedule recently,,,,7,7,0,7,1.0,True,3.4285714285714284,4.0,0.5714285714285714,6,0.4,0.6,2,False,True,False,2_switch,0.5946035575013605,0.9631221,0.9631221,0.9631221
360,health,EN-HN-EN-EN-HN-HN,3,2,"[1, 2]",tf_es,schedule recently disturb ho gaya sleep ka,disturb ho gaya sleep ka schedule recently,,,,7,7,0,7,1.0,True,2.857142857142857,5.0,0.47619047619047616,4,0.4,0.6,2,False,False,True,2_switch,0.7071067811865476,0.9584514,0.9584514,0.9584514
361,work,EN-HN-EN-EN-HN-HN-HN,4,2,"[1, 2]",base_tf,work ka daily standup thoda late start hua,daily standup thoda late start hua work ka,,,,8,8,0,8,1.0,True,3.0,6.0,0.42857142857142855,4,0.3333333333333333,0.6666666666666666,2,True,False,False,2_switch,0.7652058832556895,0.9707795,0.9707794,0.9707795
361,work,EN-HN-EN-EN-HN-HN-HN,4,2,"[1, 2]",base_es,work ka daily standup thoda late start hua,late start hua work ka daily standup thoda,,,,8,8,0,8,1.0,True,3.75,5.0,0.5357142857142857,6,0.3333333333333333,0.6666666666666666,2,False,True,False,2_switch,0.691441569283882,0.9675875,0.9675875,0.9675875
361,work,EN-HN-EN-EN-HN-HN-HN,4,2,"[1, 2]",tf_es,daily standup thoda late start hua work ka,late start hua work ka daily standup thoda,,,,8,8,0,8,1.0,True,3.75,5.0,0.5357142857142857,6,0.3333333333333333,0.6666666666666666,2,False,False,True,2_switch,0.691441569283882,0.9628253,0.9628253,0.9628253
362,work,EN-HN-EN-EN-HN-HN-HN,4,2,"[1, 2]",base_tf,task ka dependency clear mention nahi tha,dependency clear mention nahi tha task ka,,,,7,7,0,7,1.0,True,2.857142857142857,5.0,0.47619047619047616,4,0.3333333333333333,0.6666666666666666,2,True,False,False,2_switch,0.7071067811865476,0.9626367,0.9626367,0.9626367
362,work,EN-HN-EN-EN-HN-HN-HN,4,2,"[1, 2]",base_es,task ka dependency clear mention nahi tha,clear mention nahi tha task ka dependency,,,,7,7,0,7,1.0,True,3.4285714285714284,4.0,0.5714285714285714,6,0.3333333333333333,0.6666666666666666,2,False,True,False,2_switch,0.5946035575013605,0.95652825,0.95652825,0.95652825
362,work,EN-HN-EN-EN-HN-HN-HN,4,2,"[1, 2]",tf_es,dependency clear mention nahi tha task ka,clear mention nahi tha task ka dependency,,,,7,7,0,7,1.0,True,1.7142857142857142,6.0,0.2857142857142857,2,0.3333333333333333,0.6666666666666666,2,False,False,True,2_switch,0.8408964152537146,0.9474032,0.9474032,0.9474032
363,work,EN-HN-EN-EN-EN-HN,3,3,"[1, 2, 3]",base_tf,meeting ka action item tracker update hua,action item tracker update hua meeting ka,,,,7,7,0,7,1.0,True,2.857142857142857,5.0,0.47619047619047616,4,0.5,0.5,3,True,False,False,3plus_switch,0.7071067811865476,0.95488775,0.95488775,0.95488775
363,work,EN-HN-EN-EN-EN-HN,3,3,"[1, 2, 3]",base_es,meeting ka action item tracker update hua,update hua meeting ka action item tracker,,,,7,7,0,7,1.0,True,2.857142857142857,5.0,0.47619047619047616,4,0.5,0.5,3,False,True,False,3plus_switch,0.7071067811865476,0.9576907,0.9581958,0.9579432
363,work,EN-HN-EN-EN-EN-HN,3,3,"[1, 2, 3]",tf_es,action item tracker update hua meeting ka,update hua meeting ka action item tracker,,,,7,7,0,7,1.0,True,3.4285714285714284,4.0,0.5714285714285714,6,0.5,0.5,3,False,False,True,3plus_switch,0.5946035575013605,0.95835125,0.95835125,0.95835125
364,work,EN-HN-EN-EN-EN-HN,3,3,"[1, 2, 3]",base_tf,project ka scope creep gradually badh raha,scope creep gradually badh raha project ka,,,,7,7,0,7,1.0,True,2.857142857142857,5.0,0.47619047619047616,4,0.5,0.5,3,True,False,False,3plus_switch,0.7071067811865476,0.96774065,0.96774065,0.96774065
364,work,EN-HN-EN-EN-EN-HN,3,3,"[1, 2, 3]",base_es,project ka scope creep gradually badh raha,gradually badh raha project ka scope creep,,,,7,7,0,7,1.0,True,3.4285714285714284,4.0,0.5714285714285714,6,0.5,0.5,3,False,True,False,3plus_switch,0.5946035575013605,0.9525084,0.95250833,0.9525084
364,work,EN-HN-EN-EN-EN-HN,3,3,"[1, 2, 3]",tf_es,scope creep gradually badh raha project ka,gradually badh raha project ka scope creep,,,,7,7,0,7,1.0,True,2.857142857142857,5.0,0.47619047619047616,4,0.5,0.5,3,False,False,True,3plus_switch,0.7071067811865476,0.9482281,0.94822806,0.948228
365,work,EN-HN-EN-EN-EN-HN,3,3,"[1, 2, 3]",base_tf,deadline ka extension formally approve hua,extension formally approve hua deadline ka,,,,6,6,0,6,1.0,True,2.6666666666666665,4.0,0.5333333333333333,4,0.5,0.5,3,True,False,False,3plus_switch,0.6042750794713536,0.95660985,0.95660985,0.95660985
365,work,EN-HN-EN-EN-EN-HN,3,3,"[1, 2, 3]",base_es,deadline ka extension formally approve hua,formally approve hua deadline ka extension,,,,6,6,0,6,1.0,True,3.0,3.0,0.6,6,0.5,0.5,3,False,True,False,3plus_switch,0.3931466788228678,0.93902856,0.93902856,0.93902856
365,work,EN-HN-EN-EN-EN-HN,3,3,"[1, 2, 3]",tf_es,extension formally approve hua deadline ka,formally approve hua deadline ka extension,,,,6,6,0,6,1.0,True,1.6666666666666667,5.0,0.3333333333333333,2,0.5,0.5,3,False,False,True,3plus_switch,0.7952707287670506,0.96185535,0.96185535,0.96185535
366,work,EN-HN-EN-EN-EN-HN,2,3,"[1, 2, 3]",base_tf,presentation ka rehearsal confidence build karta,rehearsal confidence build karta presentation ka,,,,6,6,0,6,1.0,True,2.6666666666666665,4.0,0.5333333333333333,4,0.6,0.4,3,True,False,False,3plus_switch,0.6042750794713536,0.95467246,0.95467246,0.95467246
366,work,EN-HN-EN-EN-EN-HN,2,3,"[1, 2, 3]",base_es,presentation ka rehearsal confidence build karta,confidence build karta presentation ka rehearsal,,,,6,6,0,6,1.0,True,3.0,3.0,0.6,6,0.6,0.4,3,False,True,False,3plus_switch,0.3931466788228678,0.9536502,0.9536502,0.9536502
366,work,EN-HN-EN-EN-EN-HN,2,3,"[1, 2, 3]",tf_es,rehearsal confidence build karta presentation ka,confidence build karta presentation ka rehearsal,,,,6,6,0,6,1.0,True,1.6666666666666667,5.0,0.3333333333333333,2,0.6,0.4,3,False,False,True,3plus_switch,0.7952707287670506,0.9632019,0.9632019,0.9632019
367,work,EN-HN-EN-EN-HN-HN,3,2,"[1, 2]",base_tf,feedback ka tone constructive lag raha,tone constructive lag raha feedback ka,,,,6,6,0,6,1.0,True,2.6666666666666665,4.0,0.5333333333333333,4,0.4,0.6,2,True,False,False,2_switch,0.6042750794713536,0.95636004,0.95636,0.95636004
367,work,EN-HN-EN-EN-HN-HN,3,2,"[1, 2]",base_es,feedback ka tone constructive lag raha,constructive lag raha feedback ka tone,,,,6,6,0,6,1.0,True,3.0,3.0,0.6,6,0.4,0.6,2,False,True,False,2_switch,0.3931466788228678,0.95522076,0.95522076,0.95522076
367,work,EN-HN-EN-EN-HN-HN,3,2,"[1, 2]",tf_es,tone constructive lag raha feedback ka,constructive lag raha feedback ka tone,,,,6,6,0,6,1.0,True,1.6666666666666667,5.0,0.3333333333333333,2,0.4,0.6,2,False,False,True,2_switch,0.7952707287670506,0.966156,0.966156,0.966156
368,work,EN-HN-EN-EN-EN-HN,3,3,"[1, 2, 3]",base_tf,work ka documentation up to date nahi,documentation up to date nahi work ka,,,,7,7,0,7,1.0,True,2.857142857142857,5.0,0.47619047619047616,4,0.5,0.5,3,True,False,False,3plus_switch,0.7071067811865476,0.9556266,0.9556266,0.9556266
368,work,EN-HN-EN-EN-EN-HN,3,3,"[1, 2, 3]",base_es,work ka documentation up to date nahi,up to date nahi work ka documentation,,,,7,7,0,7,1.0,True,3.4285714285714284,4.0,0.5714285714285714,6,0.5,0.5,3,False,True,False,3plus_switch,0.5946035575013605,0.9566428,0.9566428,0.9566428
368,work,EN-HN-EN-EN-EN-HN,3,3,"[1, 2, 3]",tf_es,documentation up to date nahi work ka,up to date nahi work ka documentation,,,,7,7,0,7,1.0,True,1.7142857142857142,6.0,0.2857142857142857,2,0.5,0.5,3,False,False,True,3plus_switch,0.8408964152537146,0.9615521,0.961552,0.9615521
369,work,EN-HN-EN-EN-EN-HN,3,3,"[1, 2, 3]",base_tf,code ka readability score improve ho sakta,readability score improve ho sakta code ka,,,,7,7,0,7,1.0,True,2.857142857142857,5.0,0.47619047619047616,4,0.5,0.5,3,True,False,False,3plus_switch,0.7071067811865476,0.9541997,0.9541997,0.9541997
369,work,EN-HN-EN-EN-EN-HN,3,3,"[1, 2, 3]",base_es,code ka readability score improve ho sakta,improve ho sakta code ka readability score,,,,7,7,0,7,1.0,True,3.4285714285714284,4.0,0.5714285714285714,6,0.5,0.5,3,False,True,False,3plus_switch,0.5946035575013605,0.9503054,0.9503054,0.9503054
369,work,EN-HN-EN-EN-EN-HN,3,3,"[1, 2, 3]",tf_es,readability score improve ho sakta code ka,improve ho sakta code ka readability score,,,,7,7,0,7,1.0,True,2.857142857142857,5.0,0.47619047619047616,4,0.5,0.5,3,False,False,True,3plus_switch,0.7071067811865476,0.9552102,0.9552102,0.9552102
370,work,EN-HN-EN-EN-EN-HN,2,3,"[1, 2, 3]",base_tf,review ka turnaround time acceptable tha,turnaround time acceptable tha review ka,,,,6,6,0,6,1.0,True,2.6666666666666665,4.0,0.5333333333333333,4,0.6,0.4,3,True,False,False,3plus_switch,0.6042750794713536,0.95756865,0.95756865,0.95756865
370,work,EN-HN-EN-EN-EN-HN,2,3,"[1, 2, 3]",base_es,review ka turnaround time acceptable tha,acceptable tha review ka turnaround time,,,,6,6,0,6,1.0,True,2.6666666666666665,4.0,0.5333333333333333,4,0.6,0.4,3,False,True,False,3plus_switch,0.6042750794713536,0.9671165,0.9671165,0.9671165
370,work,EN-HN-EN-EN-EN-HN,2,3,"[1, 2, 3]",tf_es,turnaround time acceptable tha review ka,acceptable tha review ka turnaround time,,,,6,6,0,6,1.0,True,2.6666666666666665,4.0,0.5333333333333333,4,0.6,0.4,3,False,False,True,3plus_switch,0.6042750794713536,0.9558586,0.9558586,0.9558586
371,social,EN-HN-HN-EN-HN-HN-HN,5,1,[3],base_tf,friends ka plan last moment pe cancel hua,plan last moment pe cancel hua friends ka,,,,8,8,0,8,1.0,True,3.0,6.0,0.42857142857142855,4,0.16666666666666666,0.8333333333333334,1,True,False,False,1_switch,0.7652058832556895,0.95450175,0.95450175,0.95450175
371,social,EN-HN-HN-EN-HN-HN-HN,5,1,[3],base_es,friends ka plan last moment pe cancel hua,cancel hua friends ka plan last moment pe,,,,8,8,0,8,1.0,True,3.0,6.0,0.42857142857142855,4,0.16666666666666666,0.8333333333333334,1,False,True,False,1_switch,0.7652058832556895,0.9521762,0.9521762,0.9521762
371,social,EN-HN-HN-EN-HN-HN-HN,5,1,[3],tf_es,plan last moment pe cancel hua friends ka,cancel hua friends ka plan last moment pe,,,,8,8,0,8,1.0,True,4.0,4.0,0.5714285714285714,8,0.16666666666666666,0.8333333333333334,1,False,False,True,1_switch,0.691441569283882,0.95001364,0.95001364,0.95001364
372,social,EN-HN-EN-EN-HN-HN-HN,4,2,"[2, 3]",base_tf,group chat ka mood thoda serious lag raha,mood thoda serious lag raha group chat ka,,,,8,8,0,8,1.0,True,3.75,5.0,0.5357142857142857,6,0.3333333333333333,0.6666666666666666,2,True,False,False,2_switch,0.691441569283882,0.9511623,0.9511622,0.9511623
372,social,EN-HN-EN-EN-HN-HN-HN,4,2,"[2, 3]",base_es,group chat ka mood thoda serious lag raha,serious lag raha group chat ka mood thoda,,,,8,8,0,8,1.0,True,3.75,5.0,0.5357142857142857,6,0.3333333333333333,0.6666666666666666,2,False,True,False,2_switch,0.691441569283882,0.95788115,0.9578811,0.95788115
372,social,EN-HN-EN-EN-HN-HN-HN,4,2,"[2, 3]",tf_es,mood thoda serious lag raha group chat ka,serious lag raha group chat ka mood thoda,,,,8,8,0,8,1.0,True,3.0,6.0,0.42857142857142855,4,0.3333333333333333,0.6666666666666666,2,False,False,True,2_switch,0.7652058832556895,0.9612388,0.96123874,0.9612388
373,social,EN-HN-EN-EN-HN-HN,3,2,"[1, 2]",base_tf,conversation ka pace slow ho gaya,pace slow ho gaya conversation ka,,,,6,6,0,6,1.0,True,2.6666666666666665,4.0,0.5333333333333333,4,0.4,0.6,2,True,False,False,2_switch,0.6042750794713536,0.94989586,0.94989586,0.94989586
373,social,EN-HN-EN-EN-HN-HN,3,2,"[1, 2]",base_es,conversation ka pace slow ho gaya,slow ho gaya conversation ka pace,,,,6,6,0,6,1.0,True,3.0,3.0,0.6,6,0.4,0.6,2,False,True,False,2_switch,0.3931466788228678,0.946975,0.946975,0.946975
373,social,EN-HN-EN-EN-HN-HN,3,2,"[1, 2]",tf_es,pace slow ho gaya conversation ka,slow ho gaya conversation ka pace,,,,6,6,0,6,1.0,True,1.6666666666666667,5.0,0.3333333333333333,2,0.4,0.6,2,False,False,True,2_switch,0.7952707287670506,0.9709513,0.9709513,0.9709513
374,social,EN-HN-EN-EN-HN-HN-HN,4,2,"[1, 2]",base_tf,message ka context sabko clear nahi tha,context sabko clear nahi tha message ka,,,,7,7,0,7,1.0,True,2.857142857142857,5.0,0.47619047619047616,4,0.3333333333333333,0.6666666666666666,2,True,False,False,2_switch,0.7071067811865476,0.9674678,0.9674678,0.9674678
374,social,EN-HN-EN-EN-HN-HN-HN,4,2,"[1, 2]",base_es,message ka context sabko clear nahi tha,clear nahi tha message ka context sabko,,,,7,7,0,7,1.0,True,3.4285714285714284,4.0,0.5714285714285714,6,0.3333333333333333,0.6666666666666666,2,False,True,False,2_switch,0.5946035575013605,0.9663735,0.9663735,0.9663735
374,social,EN-HN-EN-EN-HN-HN-HN,4,2,"[1, 2]",tf_es,context sabko clear nahi tha message ka,clear nahi tha message ka context sabko,,,,7,7,0,7,1.0,True,2.857142857142857,5.0,0.47619047619047616,4,0.3333333333333333,0.6666666666666666,2,False,False,True,2_switch,0.7071067811865476,0.9612999,0.9612999,0.9612999
375,social,EN-HN-EN-EN-HN-HN-HN,4,2,"[1, 2]",base_tf,reply ka tone friendly rakhna zaruri hai,tone friendly rakhna zaruri hai reply ka,,,,7,7,0,7,1.0,True,2.857142857142857,5.0,0.47619047619047616,4,0.3333333333333333,0.6666666666666666,2,True,False,False,2_switch,0.7071067811865476,0.98196924,0.98196924,0.98196924
375,social,EN-HN-EN-EN-HN-HN-HN,4,2,"[1, 2]",base_es,reply ka tone friendly rakhna zaruri hai,friendly rakhna zaruri hai reply ka tone,,,,7,7,0,7,1.0,True,3.4285714285714284,4.0,0.5714285714285714,6,0.3333333333333333,0.6666666666666666,2,False,True,False,2_switch,0.5946035575013605,0.96911323,0.97090244,0.970007
375,social,EN-HN-EN-EN-HN-HN-HN,4,2,"[1, 2]",tf_es,tone friendly rakhna zaruri hai reply ka,friendly rakhna zaruri hai reply ka tone,,,,7,7,0,7,1.0,True,1.7142857142857142,6.0,0.2857142857142857,2,0.3333333333333333,0.6666666666666666,2,False,False,True,2_switch,0.8408964152537146,0.9781984,0.97819847,0.97819847
376,social,EN-HN-EN-EN-HN-HN,3,2,"[1, 2]",base_tf,group ka decision unanimous nahi raha,decision unanimous nahi raha group ka,,,,6,6,0,6,1.0,True,2.6666666666666665,4.0,0.5333333333333333,4,0.4,0.6,2,True,False,False,2_switch,0.6042750794713536,0.95946425,0.95946425,0.95946425
376,social,EN-HN-EN-EN-HN-HN,3,2,"[1, 2]",base_es,group ka decision unanimous nahi raha,unanimous nahi raha group ka decision,,,,6,6,0,6,1.0,True,3.0,3.0,0.6,6,0.4,0.6,2,False,True,False,2_switch,0.3931466788228678,0.9469563,0.9469563,0.9469563
376,social,EN-HN-EN-EN-HN-HN,3,2,"[1, 2]",tf_es,decision unanimous nahi raha group ka,unanimous nahi raha group ka decision,,,,6,6,0,6,1.0,True,1.6666666666666667,5.0,0.3333333333333333,2,0.4,0.6,2,False,False,True,2_switch,0.7952707287670506,0.97428274,0.97428274,0.97428274
377,social,EN-HN-EN-HN-HN-HN-HN,5,1,[1],base_tf,event ka reminder sabko time pe mila,reminder sabko time pe mila event ka,,,,7,7,0,7,1.0,True,2.857142857142857,5.0,0.47619047619047616,4,0.16666666666666666,0.8333333333333334,1,True,False,False,1_switch,0.7071067811865476,0.96643865,0.96643865,0.96643865
377,social,EN-HN-EN-HN-HN-HN-HN,5,1,[1],base_es,event ka reminder sabko time pe mila,time pe mila event ka reminder sabko,,,,7,7,0,7,1.0,True,3.4285714285714284,4.0,0.5714285714285714,6,0.16666666666666666,0.8333333333333334,1,False,True,False,1_switch,0.5946035575013605,0.96063155,0.9606315,0.96063155
377,social,EN-HN-EN-HN-HN-HN-HN,5,1,[1],tf_es,reminder sabko time pe mila event ka,time pe mila event ka reminder sabko,,,,7,7,0,7,1.0,True,2.857142857142857,5.0,0.47619047619047616,4,0.16666666666666666,0.8333333333333334,1,False,False,True,1_switch,0.7071067811865476,0.95873415,0.95873415,0.95873415
378,social,EN-EN-EN-HN-HN,2,3,"[0, 1, 2]",base_tf,status update ka wording neutral rakha,wording neutral rakha status update ka,,,,6,6,0,6,1.0,True,3.0,3.0,0.6,6,0.6,0.4,3,True,False,False,3plus_switch,0.3931466788228678,0.94794536,0.94794536,0.94794536
378,social,EN-EN-EN-HN-HN,2,3,"[0, 1, 2]",base_es,status update ka wording neutral rakha,neutral rakha status update ka wording,,,,6,6,0,6,1.0,True,2.6666666666666665,4.0,0.5333333333333333,4,0.6,0.4,3,False,True,False,3plus_switch,0.6042750794713536,0.9661699,0.9661699,0.9661699
378,social,EN-EN-EN-HN-HN,2,3,"[0, 1, 2]",tf_es,wording neutral rakha status update ka,neutral rakha status update ka wording,,,,6,6,0,6,1.0,True,1.6666666666666667,5.0,0.3333333333333333,2,0.6,0.4,3,False,False,True,3plus_switch,0.7952707287670506,0.9498453,0.9498453,0.9498453
379,social,EN-HN-EN-EN-EN-HN-HN,3,3,"[1, 2, 3]",base_tf,chat ka screenshot accidentally share ho gaya,screenshot accidentally share ho gaya chat ka,,,,7,7,0,7,1.0,True,2.857142857142857,5.0,0.47619047619047616,4,0.5,0.5,3,True,False,False,3plus_switch,0.7071067811865476,0.961766,0.961766,0.961766
379,social,EN-HN-EN-EN-EN-HN-HN,3,3,"[1, 2, 3]",base_es,chat ka screenshot accidentally share ho gaya,accidentally share ho gaya chat ka screenshot,,,,7,7,0,7,1.0,True,3.4285714285714284,4.0,0.5714285714285714,6,0.5,0.5,3,False,True,False,3plus_switch,0.5946035575013605,0.9512595,0.9512595,0.9512595
379,social,EN-HN-EN-EN-EN-HN-HN,3,3,"[1, 2, 3]",tf_es,screenshot accidentally share ho gaya chat ka,accidentally share ho gaya chat ka screenshot,,,,7,7,0,7,1.0,True,1.7142857142857142,6.0,0.2857142857142857,2,0.5,0.5,3,False,False,True,3plus_switch,0.8408964152537146,0.97501624,0.97501624,0.97501624
380,social,EN-HN-EN-EN-HN-HN,3,2,"[1, 2]",base_tf,group ka admin role rotate karna chahiye,admin role rotate karna chahiye group ka,,,,7,7,0,7,1.0,True,2.857142857142857,5.0,0.47619047619047616,4,0.4,0.6,2,True,False,False,2_switch,0.7071067811865476,0.97581655,0.97581655,0.97581655
380,social,EN-HN-EN-EN-HN-HN,3,2,"[1, 2]",base_es,group ka admin role rotate karna chahiye,rotate karna chahiye group ka admin role,,,,7,7,0,7,1.0,True,3.4285714285714284,4.0,0.5714285714285714,6,0.4,0.6,2,False,True,False,2_switch,0.5946035575013605,0.96350753,0.96350753,0.96350753
380,social,EN-HN-EN-EN-HN-HN,3,2,"[1, 2]",tf_es,admin role rotate karna chahiye group ka,rotate karna chahiye group ka admin role,,,,7,7,0,7,1.0,True,2.857142857142857,5.0,0.47619047619047616,4,0.4,0.6,2,False,False,True,2_switch,0.7071067811865476,0.9662268,0.9662268,0.9662268
381,transport,EN-HN-EN-HN-HN-HN,4,1,[1],base_tf,bus ka AC kaam nahi kar raha,AC kaam nahi kar raha bus ka,,,,7,7,0,7,1.0,True,2.857142857142857,5.0,0.47619047619047616,4,0.2,0.8,1,True,False,False,1_switch,0.7071067811865476,0.94824094,0.94824094,0.94824094
381,transport,EN-HN-EN-HN-HN-HN,4,1,[1],base_es,bus ka AC kaam nahi kar raha,kaam nahi kar raha bus ka AC,,,,7,7,0,7,1.0,True,3.4285714285714284,4.0,0.5714285714285714,6,0.2,0.8,1,False,True,False,1_switch,0.5946035575013605,0.9509452,0.9509452,0.9509452
381,transport,EN-HN-EN-HN-HN-HN,4,1,[1],tf_es,AC kaam nahi kar raha bus ka,kaam nahi kar raha bus ka AC,,,,7,7,0,7,1.0,True,1.7142857142857142,6.0,0.2857142857142857,2,0.2,0.8,1,False,False,True,1_switch,0.8408964152537146,0.9661604,0.9576521,0.9618874
382,transport,EN-HN-EN-EN-EN-HN,2,3,"[1, 2, 3]",base_tf,metro ka platform sign clearly visible tha,platform sign clearly visible tha metro ka,,,,7,7,0,7,1.0,True,2.857142857142857,5.0,0.47619047619047616,4,0.6,0.4,3,True,False,False,3plus_switch,0.7071067811865476,0.9634399,0.9634399,0.9634399
382,transport,EN-HN-EN-EN-EN-HN,2,3,"[1, 2, 3]",base_es,metro ka platform sign clearly visible tha,clearly visible tha metro ka platform sign,,,,7,7,0,7,1.0,True,3.4285714285714284,4.0,0.5714285714285714,6,0.6,0.4,3,False,True,False,3plus_switch,0.5946035575013605,0.9653936,0.96539366,0.9653936
382,transport,EN-HN-EN-EN-EN-HN,2,3,"[1, 2, 3]",tf_es,platform sign clearly visible tha metro ka,clearly visible tha metro ka platform sign,,,,7,7,0,7,1.0,True,2.857142857142857,5.0,0.47619047619047616,4,0.6,0.4,3,False,False,True,3plus_switch,0.7071067811865476,0.964495,0.964495,0.964495
383,transport,EN-HN-EN-EN-HN-HN,3,2,"[1, 2]",base_tf,cab ka fare estimate fluctuate kar raha,fare estimate fluctuate kar raha cab ka,,,,7,7,0,7,1.0,True,2.857142857142857,5.0,0.47619047619047616,4,0.4,0.6,2,True,False,False,2_switch,0.7071067811865476,0.9682859,0.9682859,0.9682859
383,transport,EN-HN-EN-EN-HN-HN,3,2,"[1, 2]",base_es,cab ka fare estimate fluctuate kar raha,fluctuate kar raha cab ka fare estimate,,,,7,7,0,7,1.0,True,3.4285714285714284,4.0,0.5714285714285714,6,0.4,0.6,2,False,True,False,2_switch,0.5946035575013605,0.9502062,0.9502062,0.9502062
383,transport,EN-HN-EN-EN-HN-HN,3,2,"[1, 2]",tf_es,fare estimate fluctuate kar raha cab ka,fluctuate kar raha cab ka fare estimate,,,,7,7,0,7,1.0,True,2.857142857142857,5.0,0.47619047619047616,4,0.4,0.6,2,False,False,True,2_switch,0.7071067811865476,0.96165097,0.96165097,0.96165097
384,transport,EN-HN-EN-HN-HN-HN,4,1,[1],base_tf,traffic ka bottleneck junction pe bana,bottleneck junction pe bana traffic ka,,,,6,6,0,6,1.0,True,2.6666666666666665,4.0,0.5333333333333333,4,0.2,0.8,1,True,False,False,1_switch,0.6042750794713536,0.9636549,0.9636549,0.9636549
384,transport,EN-HN-EN-HN-HN-HN,4,1,[1],base_es,traffic ka bottleneck junction pe bana,junction pe bana traffic ka bottleneck,,,,6,6,0,6,1.0,True,3.0,3.0,0.6,6,0.2,0.8,1,False,True,False,1_switch,0.3931466788228678,0.9540179,0.9540179,0.9540179
384,transport,EN-HN-EN-HN-HN-HN,4,1,[1],tf_es,bottleneck junction pe bana traffic ka,junction pe bana traffic ka bottleneck,,,,6,6,0,6,1.0,True,1.6666666666666667,5.0,0.3333333333333333,2,0.2,0.8,1,False,False,True,1_switch,0.7952707287670506,0.957223,0.957223,0.957223
385,transport,EN-HN-EN-HN-HN-HN,4,1,[2],base_tf,parking ka slot thoda narrow laga,slot thoda narrow laga parking ka,,,,6,6,0,6,1.0,True,2.6666666666666665,4.0,0.5333333333333333,4,0.2,0.8,1,True,False,False,1_switch,0.6042750794713536,0.9640515,0.9640515,0.9640515
385,transport,EN-HN-EN-HN-HN-HN,4,1,[2],base_es,parking ka slot thoda narrow laga,narrow laga parking ka slot thoda,,,,6,6,0,6,1.0,True,2.6666666666666665,4.0,0.5333333333333333,4,0.2,0.8,1,False,True,False,1_switch,0.6042750794713536,0.9601339,0.9601339,0.9601339
385,transport,EN-HN-EN-HN-HN-HN,4,1,[2],tf_es,slot thoda narrow laga parking ka,narrow laga parking ka slot thoda,,,,6,6,0,6,1.0,True,2.6666666666666665,4.0,0.5333333333333333,4,0.2,0.8,1,False,False,True,1_switch,0.6042750794713536,0.961085,0.961085,0.961085
386,transport,EN-HN-EN-EN-HN-HN,3,2,"[1, 2]",base_tf,route ka alternative option suggest hua,alternative option suggest hua route ka,,,,6,6,0,6,1.0,True,2.6666666666666665,4.0,0.5333333333333333,4,0.4,0.6,2,True,False,False,2_switch,0.6042750794713536,0.9356335,0.93563354,0.9356335
386,transport,EN-HN-EN-EN-HN-HN,3,2,"[1, 2]",base_es,route ka alternative option suggest hua,suggest hua route ka alternative option,,,,6,6,0,6,1.0,True,2.6666666666666665,4.0,0.5333333333333333,4,0.4,0.6,2,False,True,False,2_switch,0.6042750794713536,0.9396377,0.9396377,0.9396377
386,transport,EN-HN-EN-EN-HN-HN,3,2,"[1, 2]",tf_es,alternative option suggest hua route ka,suggest hua route ka alternative option,,,,6,6,0,6,1.0,True,2.6666666666666665,4.0,0.5333333333333333,4,0.4,0.6,2,False,False,True,2_switch,0.6042750794713536,0.9549941,0.9549941,0.9549941
387,travel,EN-HN-EN-EN-EN-HN,2,3,"[1, 2, 3]",base_tf,journey ka rest stop clean maintain tha,rest stop clean maintain tha journey ka,,,,7,7,0,7,1.0,True,2.857142857142857,5.0,0.47619047619047616,4,0.6,0.4,3,True,False,False,3plus_switch,0.7071067811865476,0.95961434,0.95961434,0.95961434
387,travel,EN-HN-EN-EN-EN-HN,2,3,"[1, 2, 3]",base_es,journey ka rest stop clean maintain tha,clean maintain tha journey ka rest stop,,,,7,7,0,7,1.0,True,3.4285714285714284,4.0,0.5714285714285714,6,0.6,0.4,3,False,True,False,3plus_switch,0.5946035575013605,0.95720303,0.95720303,0.95720303
387,travel,EN-HN-EN-EN-EN-HN,2,3,"[1, 2, 3]",tf_es,rest stop clean maintain tha journey ka,clean maintain tha journey ka rest stop,,,,7,7,0,7,1.0,True,2.857142857142857,5.0,0.47619047619047616,4,0.6,0.4,3,False,False,True,3plus_switch,0.7071067811865476,0.9567289,0.9567289,0.9567288
388,travel,EN-HN-EN-EN-HN-HN,3,2,"[1, 2]",base_tf,travel ka packing checklist useful prove hua,packing checklist useful prove hua travel ka,,,,7,7,0,7,1.0,True,2.857142857142857,5.0,0.47619047619047616,4,0.4,0.6,2,True,False,False,2_switch,0.7071067811865476,0.95851713,0.95851713,0.95851713
388,travel,EN-HN-EN-EN-HN-HN,3,2,"[1, 2]",base_es,travel ka packing checklist useful prove hua,useful prove hua travel ka packing checklist,,,,7,7,0,7,1.0,True,3.4285714285714284,4.0,0.5714285714285714,6,0.4,0.6,2,False,True,False,2_switch,0.5946035575013605,0.9565068,0.9565068,0.9565068
388,travel,EN-HN-EN-EN-HN-HN,3,2,"[1, 2]",tf_es,packing checklist useful prove hua travel ka,useful prove hua travel ka packing checklist,,,,7,7,0,7,1.0,True,2.857142857142857,5.0,0.47619047619047616,4,0.4,0.6,2,False,False,True,2_switch,0.7071067811865476,0.95249593,0.95249593,0.95249593
389,travel,EN-HN-EN-EN-HN-HN,3,2,"[1, 2]",base_tf,station ka exit signage clear nahi tha,exit signage clear nahi tha station ka,,,,7,7,0,7,1.0,True,2.857142857142857,5.0,0.47619047619047616,4,0.4,0.6,2,True,False,False,2_switch,0.7071067811865476,0.9730908,0.9730908,0.9730908
389,travel,EN-HN-EN-EN-HN-HN,3,2,"[1, 2]",base_es,station ka exit signage clear nahi tha,clear nahi tha station ka exit signage,,,,7,7,0,7,1.0,True,3.4285714285714284,4.0,0.5714285714285714,6,0.4,0.6,2,False,True,False,2_switch,0.5946035575013605,0.967595,0.967595,0.96759504
389,travel,EN-HN-EN-EN-HN-HN,3,2,"[1, 2]",tf_es,exit signage clear nahi tha station ka,clear nahi tha station ka exit signage,,,,7,7,0,7,1.0,True,2.857142857142857,5.0,0.47619047619047616,4,0.4,0.6,2,False,False,True,2_switch,0.7071067811865476,0.96994466,0.96994466,0.96994466
390,travel,EN-HN-EN-EN-HN-HN,3,2,"[1, 2]",base_tf,travel ka itinerary flexible rakhna acha,itinerary flexible rakhna acha travel ka,,,,6,6,0,6,1.0,True,2.6666666666666665,4.0,0.5333333333333333,4,0.4,0.6,2,True,False,False,2_switch,0.6042750794713536,0.97512984,0.97512984,0.97512984
390,travel,EN-HN-EN-EN-HN-HN,3,2,"[1, 2]",base_es,travel ka itinerary flexible rakhna acha,flexible rakhna acha travel ka itinerary,,,,6,6,0,6,1.0,True,3.0,3.0,0.6,6,0.4,0.6,2,False,True,False,2_switch,0.3931466788228678,0.9674444,0.9674444,0.9674444
390,travel,EN-HN-EN-EN-HN-HN,3,2,"[1, 2]",tf_es,itinerary flexible rakhna acha travel ka,flexible rakhna acha travel ka itinerary,,,,6,6,0,6,1.0,True,1.6666666666666667,5.0,0.3333333333333333,2,0.4,0.6,2,False,False,True,2_switch,0.7952707287670506,0.96696913,0.96696913,0.96696913
391,travel,EN-EN-HN-EN-HN-HN,3,2,"[0, 1]",base_tf,hotel ka check in process smooth raha,check in process smooth raha hotel ka,,,,7,7,0,7,1.0,True,2.857142857142857,5.0,0.47619047619047616,4,0.4,0.6,2,True,False,False,2_switch,0.7071067811865476,0.94879824,0.94879824,0.9487982
391,travel,EN-EN-HN-EN-HN-HN,3,2,"[0, 1]",base_es,hotel ka check in process smooth raha,smooth raha hotel ka check in process,,,,7,7,0,7,1.0,True,2.857142857142857,5.0,0.47619047619047616,4,0.4,0.6,2,False,True,False,2_switch,0.7071067811865476,0.952086,0.952086,0.952086
391,travel,EN-EN-HN-EN-HN-HN,3,2,"[0, 1]",tf_es,check in process smooth raha hotel ka,smooth raha hotel ka check in process,,,,7,7,0,7,1.0,True,3.4285714285714284,4.0,0.5714285714285714,6,0.4,0.6,2,False,False,True,2_switch,0.5946035575013605,0.9575094,0.9575094,0.9575094
392,travel,EN-HN-EN-EN-EN-HN-HN,3,3,"[1, 2, 3]",base_tf,room ka key card occasionally fail ho raha,key card occasionally fail ho raha room ka,,,,8,8,0,8,1.0,True,3.0,6.0,0.42857142857142855,4,0.5,0.5,3,True,False,False,3plus_switch,0.7652058832556895,0.96755105,0.9675511,0.96755105
392,travel,EN-HN-EN-EN-EN-HN-HN,3,3,"[1, 2, 3]",base_es,room ka key card occasionally fail ho raha,fail ho raha room ka key card occasionally,,,,8,8,0,8,1.0,True,3.75,5.0,0.5357142857142857,6,0.5,0.5,3,False,True,False,3plus_switch,0.691441569283882,0.9568484,0.95684844,0.95684844
392,travel,EN-HN-EN-EN-EN-HN-HN,3,3,"[1, 2, 3]",tf_es,key card occasionally fail ho raha room ka,fail ho raha room ka key card occasionally,,,,8,8,0,8,1.0,True,3.75,5.0,0.5357142857142857,6,0.5,0.5,3,False,False,True,3plus_switch,0.691441569283882,0.9594621,0.95946205,0.9594621
393,travel,EN-HN-EN-EN-HN-HN-HN,4,2,"[1, 2]",base_tf,travel ka weather buffer plan me include tha,weather buffer plan me include tha travel ka,,,,8,8,0,8,1.0,True,3.0,6.0,0.42857142857142855,4,0.3333333333333333,0.6666666666666666,2,True,False,False,2_switch,0.7652058832556895,0.9715566,0.9715566,0.9715566
393,travel,EN-HN-EN-EN-HN-HN-HN,4,2,"[1, 2]",base_es,travel ka weather buffer plan me include tha,include tha travel ka weather buffer plan me,,,,8,8,0,8,1.0,True,3.0,6.0,0.42857142857142855,4,0.3333333333333333,0.6666666666666666,2,False,True,False,2_switch,0.7652058832556895,0.9707146,0.9707147,0.9707146
393,travel,EN-HN-EN-EN-HN-HN-HN,4,2,"[1, 2]",tf_es,weather buffer plan me include tha travel ka,include tha travel ka weather buffer plan me,,,,8,8,0,8,1.0,True,4.0,4.0,0.5714285714285714,8,0.3333333333333333,0.6666666666666666,2,False,False,True,2_switch,0.691441569283882,0.9548734,0.9548734,0.9548734
394,travel,EN-HN-EN-EN-HN-HN,3,2,"[1, 2]",base_tf,journey ka final leg comfortable raha,final leg comfortable raha journey ka,,,,6,6,0,6,1.0,True,2.6666666666666665,4.0,0.5333333333333333,4,0.4,0.6,2,True,False,False,2_switch,0.6042750794713536,0.9466016,0.9466016,0.9466016
394,travel,EN-HN-EN-EN-HN-HN,3,2,"[1, 2]",base_es,journey ka final leg comfortable raha,comfortable raha journey ka final leg,,,,6,6,0,6,1.0,True,2.6666666666666665,4.0,0.5333333333333333,4,0.4,0.6,2,False,True,False,2_switch,0.6042750794713536,0.9543598,0.9543598,0.9543598
394,travel,EN-HN-EN-EN-HN-HN,3,2,"[1, 2]",tf_es,final leg comfortable raha journey ka,comfortable raha journey ka final leg,,,,6,6,0,6,1.0,True,2.6666666666666665,4.0,0.5333333333333333,4,0.4,0.6,2,False,False,True,2_switch,0.6042750794713536,0.95543694,0.95543694,0.95543694
395,travel,EN-HN-EN-EN-EN-HN,2,3,"[1, 2, 3]",base_tf,travel ka local commute easy mila,local commute easy mila travel ka,,,,6,6,0,6,1.0,True,2.6666666666666665,4.0,0.5333333333333333,4,0.6,0.4,3,True,False,False,3plus_switch,0.6042750794713536,0.94854176,0.94854176,0.94854176
395,travel,EN-HN-EN-EN-EN-HN,2,3,"[1, 2, 3]",base_es,travel ka local commute easy mila,easy mila travel ka local commute,,,,6,6,0,6,1.0,True,2.6666666666666665,4.0,0.5333333333333333,4,0.6,0.4,3,False,True,False,3plus_switch,0.6042750794713536,0.95606494,0.95896196,0.95751125
395,travel,EN-HN-EN-EN-EN-HN,2,3,"[1, 2, 3]",tf_es,local commute easy mila travel ka,easy mila travel ka local commute,,,,6,6,0,6,1.0,True,2.6666666666666665,4.0,0.5333333333333333,4,0.6,0.4,3,False,False,True,3plus_switch,0.6042750794713536,0.9498377,0.9498377,0.9498377
396,travel,EN-HN-EN-EN-EN-HN-HN,3,3,"[1, 2, 3]",base_tf,tour ka guide instructions clearly de raha,guide instructions clearly de raha tour ka,,,,7,7,0,7,1.0,True,2.857142857142857,5.0,0.47619047619047616,4,0.5,0.5,3,True,False,False,3plus_switch,0.7071067811865476,0.9498597,0.9498597,0.9498597
396,travel,EN-HN-EN-EN-EN-HN-HN,3,3,"[1, 2, 3]",base_es,tour ka guide instructions clearly de raha,clearly de raha tour ka guide instructions,,,,7,7,0,7,1.0,True,3.4285714285714284,4.0,0.5714285714285714,6,0.5,0.5,3,False,True,False,3plus_switch,0.5946035575013605,0.93442416,0.93442416,0.93442416
396,travel,EN-HN-EN-EN-EN-HN-HN,3,3,"[1, 2, 3]",tf_es,guide instructions clearly de raha tour ka,clearly de raha tour ka guide instructions,,,,7,7,0,7,1.0,True,2.857142857142857,5.0,0.47619047619047616,4,0.5,0.5,3,False,False,True,3plus_switch,0.7071067811865476,0.9596899,0.95968986,0.9596899
397,travel,EN-HN-EN-EN-HN-HN-HN,4,2,"[1, 2]",base_tf,travel ka pace sabke liye comfortable raha,pace sabke liye comfortable raha travel ka,,,,7,7,0,7,1.0,True,2.857142857142857,5.0,0.47619047619047616,4,0.3333333333333333,0.6666666666666666,2,True,False,False,2_switch,0.7071067811865476,0.9622402,0.9622402,0.9622402
397,travel,EN-HN-EN-EN-HN-HN-HN,4,2,"[1, 2]",base_es,travel ka pace sabke liye comfortable raha,comfortable raha travel ka pace sabke liye,,,,7,7,0,7,1.0,True,2.857142857142857,5.0,0.47619047619047616,4,0.3333333333333333,0.6666666666666666,2,False,True,False,2_switch,0.7071067811865476,0.9623802,0.9623802,0.9623802
397,travel,EN-HN-EN-EN-HN-HN-HN,4,2,"[1, 2]",tf_es,pace sabke liye comfortable raha travel ka,comfortable raha travel ka pace sabke liye,,,,7,7,0,7,1.0,True,3.4285714285714284,4.0,0.5714285714285714,6,0.3333333333333333,0.6666666666666666,2,False,False,True,2_switch,0.5946035575013605,0.95454776,0.95454776,0.95454776
398,travel,EN-HN-EN-EN-EN-HN,2,3,"[1, 2, 3]",base_tf,journey ka feedback form simple tha,feedback form simple tha journey ka,,,,6,6,0,6,1.0,True,2.6666666666666665,4.0,0.5333333333333333,4,0.6,0.4,3,True,False,False,3plus_switch,0.6042750794713536,0.9598006,0.9598006,0.9598006
398,travel,EN-HN-EN-EN-EN-HN,2,3,"[1, 2, 3]",base_es,journey ka feedback form simple tha,simple tha journey ka feedback form,,,,6,6,0,6,1.0,True,2.6666666666666665,4.0,0.5333333333333333,4,0.6,0.4,3,False,True,False,3plus_switch,0.6042750794713536,0.9591404,0.95914036,0.95914036
398,travel,EN-HN-EN-EN-EN-HN,2,3,"[1, 2, 3]",tf_es,feedback form simple tha journey ka,simple tha journey ka feedback form,,,,6,6,0,6,1.0,True,2.6666666666666665,4.0,0.5333333333333333,4,0.6,0.4,3,False,False,True,3plus_switch,0.6042750794713536,0.967391,0.96739095,0.96739095
399,travel,EN-HN-EN-EN-HN-HN,3,2,"[1, 2]",base_tf,travel ka overall impression positive raha,overall impression positive raha travel ka,,,,6,6,0,6,1.0,True,2.6666666666666665,4.0,0.5333333333333333,4,0.4,0.6,2,True,False,False,2_switch,0.6042750794713536,0.94444156,0.94444156,0.94444156
399,travel,EN-HN-EN-EN-HN-HN,3,2,"[1, 2]",base_es,travel ka overall impression positive raha,positive raha travel ka overall impression,,,,6,6,0,6,1.0,True,2.6666666666666665,4.0,0.5333333333333333,4,0.4,0.6,2,False,True,False,2_switch,0.6042750794713536,0.9424175,0.9424175,0.9424175
399,travel,EN-HN-EN-EN-HN-HN,3,2,"[1, 2]",tf_es,overall impression positive raha travel ka,positive raha travel ka overall impression,,,,6,6,0,6,1.0,True,2.6666666666666665,4.0,0.5333333333333333,4,0.4,0.6,2,False,False,True,2_switch,0.6042750794713536,0.95477045,0.9547705,0.9547705
400,travel,EN-HN-EN-EN-EN-HN,2,3,"[1, 2, 3]",base_tf,trip ka closure feeling satisfying laga,closure feeling satisfying laga trip ka,,,,6,6,0,6,1.0,True,2.6666666666666665,4.0,0.5333333333333333,4,0.6,0.4,3,True,False,False,3plus_switch,0.6042750794713536,0.94890976,0.94890976,0.94890976
400,travel,EN-HN-EN-EN-EN-HN,2,3,"[1, 2, 3]",base_es,trip ka closure feeling satisfying laga,satisfying laga trip ka closure feeling,,,,6,6,0,6,1.0,True,2.6666666666666665,4.0,0.5333333333333333,4,0.6,0.4,3,False,True,False,3plus_switch,0.6042750794713536,0.93840444,0.93840444,0.93840444
400,travel,EN-HN-EN-EN-EN-HN,2,3,"[1, 2, 3]",tf_es,closure feeling satisfying laga trip ka,satisfying laga trip ka closure feeling,,,,6,6,0,6,1.0,True,2.6666666666666665,4.0,0.5333333333333333,4,0.6,0.4,3,False,False,True,3plus_switch,0.6042750794713536,0.9406184,0.9406184,0.9406184
401,digital,EN-HN-EN-EN-HN-HN,3,2,"[1, 2]",base_tf,calendar ka reminder automatically set ho gaya,reminder automatically set ho gaya calendar ka,,,,7,7,0,7,1.0,True,2.857142857142857,5.0,0.47619047619047616,4,0.4,0.6,2,True,False,False,2_switch,0.7071067811865476,0.9664458,0.9664458,0.9664458
401,digital,EN-HN-EN-EN-HN-HN,3,2,"[1, 2]",base_es,calendar ka reminder automatically set ho gaya,automatically set ho gaya calendar ka reminder,,,,7,7,0,7,1.0,True,3.4285714285714284,4.0,0.5714285714285714,6,0.4,0.6,2,False,True,False,2_switch,0.5946035575013605,0.9650242,0.9650242,0.9650242
401,digital,EN-HN-EN-EN-HN-HN,3,2,"[1, 2]",tf_es,reminder automatically set ho gaya calendar ka,automatically set ho gaya calendar ka reminder,,,,7,7,0,7,1.0,True,1.7142857142857142,6.0,0.2857142857142857,2,0.4,0.6,2,False,False,True,2_switch,0.8408964152537146,0.969767,0.969767,0.969767
402,digital,EN-HN-EN-EN-EN-HN,3,3,"[1, 2, 3]",base_tf,phone ka vibration mode accidentally on tha,vibration mode accidentally on tha phone ka,,,,7,7,0,7,1.0,True,2.857142857142857,5.0,0.47619047619047616,4,0.5,0.5,3,True,False,False,3plus_switch,0.7071067811865476,0.9704331,0.9704331,0.9704331
402,digital,EN-HN-EN-EN-EN-HN,3,3,"[1, 2, 3]",base_es,phone ka vibration mode accidentally on tha,accidentally on tha phone ka vibration mode,,,,7,7,0,7,1.0,True,3.4285714285714284,4.0,0.5714285714285714,6,0.5,0.5,3,False,True,False,3plus_switch,0.5946035575013605,0.95998347,0.95998347,0.95998347
402,digital,EN-HN-EN-EN-EN-HN,3,3,"[1, 2, 3]",tf_es,vibration mode accidentally on tha phone ka,accidentally on tha phone ka vibration mode,,,,7,7,0,7,1.0,True,2.857142857142857,5.0,0.47619047619047616,4,0.5,0.5,3,False,False,True,3plus_switch,0.7071067811865476,0.9672573,0.96725726,0.9672573
403,digital,EN-HN-EN-EN-EN-HN,2,3,"[1, 2, 3]",base_tf,email ka subject line misleading laga,subject line misleading laga email ka,,,,6,6,0,6,1.0,True,2.6666666666666665,4.0,0.5333333333333333,4,0.6,0.4,3,True,False,False,3plus_switch,0.6042750794713536,0.9640145,0.9640145,0.9640145
403,digital,EN-HN-EN-EN-EN-HN,2,3,"[1, 2, 3]",base_es,email ka subject line misleading laga,misleading laga email ka subject line,,,,6,6,0,6,1.0,True,2.6666666666666665,4.0,0.5333333333333333,4,0.6,0.4,3,False,True,False,3plus_switch,0.6042750794713536,0.95729536,0.95729536,0.95729536
403,digital,EN-HN-EN-EN-EN-HN,2,3,"[1, 2, 3]",tf_es,subject line misleading laga email ka,misleading laga email ka subject line,,,,6,6,0,6,1.0,True,2.6666666666666665,4.0,0.5333333333333333,4,0.6,0.4,3,False,False,True,3plus_switch,0.6042750794713536,0.95947623,0.95947623,0.95947623
404,digital,EN-HN-EN-EN-HN-HN,3,2,"[1, 2]",base_tf,file ka size limit exceed ho gaya,size limit exceed ho gaya file ka,,,,7,7,0,7,1.0,True,2.857142857142857,5.0,0.47619047619047616,4,0.4,0.6,2,True,False,False,2_switch,0.7071067811865476,0.9562388,0.9562388,0.9562388
404,digital,EN-HN-EN-EN-HN-HN,3,2,"[1, 2]",base_es,file ka size limit exceed ho gaya,exceed ho gaya file ka size limit,,,,7,7,0,7,1.0,True,3.4285714285714284,4.0,0.5714285714285714,6,0.4,0.6,2,False,True,False,2_switch,0.5946035575013605,0.95587784,0.95587784,0.95587784
404,digital,EN-HN-EN-EN-HN-HN,3,2,"[1, 2]",tf_es,size limit exceed ho gaya file ka,exceed ho gaya file ka size limit,,,,7,7,0,7,1.0,True,2.857142857142857,5.0,0.47619047619047616,4,0.4,0.6,2,False,False,True,2_switch,0.7071067811865476,0.9540509,0.9540509,0.9540509
405,digital,EN-HN-EN-EN-EN-HN-HN,3,3,"[1, 2, 3]",base_tf,browser ka tab accidentally close ho gaya,tab accidentally close ho gaya browser ka,,,,7,7,0,7,1.0,True,2.857142857142857,5.0,0.47619047619047616,4,0.5,0.5,3,True,False,False,3plus_switch,0.7071067811865476,0.9665779,0.9665779,0.9665779
405,digital,EN-HN-EN-EN-EN-HN-HN,3,3,"[1, 2, 3]",base_es,browser ka tab accidentally close ho gaya,accidentally close ho gaya browser ka tab,,,,7,7,0,7,1.0,True,3.4285714285714284,4.0,0.5714285714285714,6,0.5,0.5,3,False,True,False,3plus_switch,0.5946035575013605,0.9646698,0.9646698,0.9646698
405,digital,EN-HN-EN-EN-EN-HN-HN,3,3,"[1, 2, 3]",tf_es,tab accidentally close ho gaya browser ka,accidentally close ho gaya browser ka tab,,,,7,7,0,7,1.0,True,1.7142857142857142,6.0,0.2857142857142857,2,0.5,0.5,3,False,False,True,3plus_switch,0.8408964152537146,0.9738524,0.9738524,0.9738524
406,digital,EN-HN-EN-EN-EN-HN,2,3,"[1, 2, 3]",base_tf,playlist ka shuffle mode off karna,shuffle mode off karna playlist ka,,,,6,6,0,6,1.0,True,2.6666666666666665,4.0,0.5333333333333333,4,0.6,0.4,3,True,False,False,3plus_switch,0.6042750794713536,0.96422666,0.96422666,0.96422666
406,digital,EN-HN-EN-EN-EN-HN,2,3,"[1, 2, 3]",base_es,playlist ka shuffle mode off karna,off karna playlist ka shuffle mode,,,,6,6,0,6,1.0,True,2.6666666666666665,4.0,0.5333333333333333,4,0.6,0.4,3,False,True,False,3plus_switch,0.6042750794713536,0.963683,0.96368295,0.96368295
406,digital,EN-HN-EN-EN-EN-HN,2,3,"[1, 2, 3]",tf_es,shuffle mode off karna playlist ka,off karna playlist ka shuffle mode,,,,6,6,0,6,1.0,True,2.6666666666666665,4.0,0.5333333333333333,4,0.6,0.4,3,False,False,True,3plus_switch,0.6042750794713536,0.9591055,0.9591055,0.9591055
407,digital,EN-HN-EN-EN-HN-HN-HN,5,2,"[1, 2]",base_tf,video ka buffering issue baar baar aa raha,buffering issue baar baar aa raha video ka,,,,8,8,0,7,1.0,True,3.0,6.0,0.42857142857142855,4,0.2857142857142857,0.7142857142857143,2,True,False,False,2_switch,0.7652058832556895,0.97485876,0.9748588,0.9748588
407,digital,EN-HN-EN-EN-HN-HN-HN,5,2,"[1, 2]",base_es,video ka buffering issue baar baar aa raha,baar baar aa raha video ka buffering issue,,,,8,8,0,7,1.0,True,4.0,4.0,0.5714285714285714,8,0.2857142857142857,0.7142857142857143,2,False,True,False,2_switch,0.691441569283882,0.9567772,0.95465803,0.95571643
407,digital,EN-HN-EN-EN-HN-HN-HN,5,2,"[1, 2]",tf_es,buffering issue baar baar aa raha video ka,baar baar aa raha video ka buffering issue,,,,8,8,0,7,1.0,True,3.0,6.0,0.42857142857142855,4,0.2857142857142857,0.7142857142857143,2,False,False,True,2_switch,0.7652058832556895,0.955296,0.95253146,0.9539118
408,digital,EN-HN-EN-EN-EN-HN,2,3,"[1, 2, 3]",base_tf,system ka storage cleanup pending hai,storage cleanup pending hai system ka,,,,6,6,0,6,1.0,True,2.6666666666666665,4.0,0.5333333333333333,4,0.6,0.4,3,True,False,False,3plus_switch,0.6042750794713536,0.96842337,0.96842337,0.96842337
408,digital,EN-HN-EN-EN-EN-HN,2,3,"[1, 2, 3]",base_es,system ka storage cleanup pending hai,pending hai system ka storage cleanup,,,,6,6,0,6,1.0,True,2.6666666666666665,4.0,0.5333333333333333,4,0.6,0.4,3,False,True,False,3plus_switch,0.6042750794713536,0.96271145,0.96271145,0.96271145
408,digital,EN-HN-EN-EN-EN-HN,2,3,"[1, 2, 3]",tf_es,storage cleanup pending hai system ka,pending hai system ka storage cleanup,,,,6,6,0,6,1.0,True,2.6666666666666665,4.0,0.5333333333333333,4,0.6,0.4,3,False,False,True,3plus_switch,0.6042750794713536,0.9639789,0.9639789,0.9639789
409,work,EN-HN-EN-EN-EN-HN,2,3,"[1, 2, 3]",base_tf,meeting ka follow up mail bhejna,follow up mail bhejna meeting ka,,,,6,6,0,6,1.0,True,2.6666666666666665,4.0,0.5333333333333333,4,0.6,0.4,3,True,False,False,3plus_switch,0.6042750794713536,0.9469185,0.94691855,0.94691855
409,work,EN-HN-EN-EN-EN-HN,2,3,"[1, 2, 3]",base_es,meeting ka follow up mail bhejna,bhejna meeting ka follow up mail,,,,6,6,0,6,1.0,True,1.6666666666666667,5.0,0.3333333333333333,2,0.6,0.4,3,False,True,False,3plus_switch,0.7952707287670506,0.9499297,0.9499297,0.9499297
409,work,EN-HN-EN-EN-EN-HN,2,3,"[1, 2, 3]",tf_es,follow up mail bhejna meeting ka,bhejna meeting ka follow up mail,,,,6,6,0,6,1.0,True,3.0,3.0,0.6,6,0.6,0.4,3,False,False,True,3plus_switch,0.3931466788228678,0.9297298,0.9297298,0.9297298
410,work,EN-HN-EN-EN-HN-HN,3,2,"[1, 2]",base_tf,task ka priority level change hua,priority level change hua task ka,,,,6,6,0,6,1.0,True,2.6666666666666665,4.0,0.5333333333333333,4,0.4,0.6,2,True,False,False,2_switch,0.6042750794713536,0.94684654,0.9468465,0.94684654
410,work,EN-HN-EN-EN-HN-HN,3,2,"[1, 2]",base_es,task ka priority level change hua,change hua task ka priority level,,,,6,6,0,6,1.0,True,2.6666666666666665,4.0,0.5333333333333333,4,0.4,0.6,2,False,True,False,2_switch,0.6042750794713536,0.9567798,0.9567798,0.9567798
410,work,EN-HN-EN-EN-HN-HN,3,2,"[1, 2]",tf_es,priority level change hua task ka,change hua task ka priority level,,,,6,6,0,6,1.0,True,2.6666666666666665,4.0,0.5333333333333333,4,0.4,0.6,2,False,False,True,2_switch,0.6042750794713536,0.95866996,0.95866996,0.95866996
411,work,EN-HN-EN-EN-HN-HN,3,2,"[1, 2]",base_tf,office ka internet speed fluctuate kar raha,internet speed fluctuate kar raha office ka,,,,7,7,0,7,1.0,True,2.857142857142857,5.0,0.47619047619047616,4,0.4,0.6,2,True,False,False,2_switch,0.7071067811865476,0.9709059,0.9709059,0.9709059
411,work,EN-HN-EN-EN-HN-HN,3,2,"[1, 2]",base_es,office ka internet speed fluctuate kar raha,fluctuate kar raha office ka internet speed,,,,7,7,0,7,1.0,True,3.4285714285714284,4.0,0.5714285714285714,6,0.4,0.6,2,False,True,False,2_switch,0.5946035575013605,0.95509064,0.9550906,0.9550906
411,work,EN-HN-EN-EN-HN-HN,3,2,"[1, 2]",tf_es,internet speed fluctuate kar raha office ka,fluctuate kar raha office ka internet speed,,,,7,7,0,7,1.0,True,2.857142857142857,5.0,0.47619047619047616,4,0.4,0.6,2,False,False,True,2_switch,0.7071067811865476,0.9629556,0.9629556,0.9629556
412,work,EN-HN-EN-EN-HN-HN,3,2,"[1, 2]",base_tf,report ka formatting issue highlight hua,formatting issue highlight hua report ka,,,,6,6,0,6,1.0,True,2.6666666666666665,4.0,0.5333333333333333,4,0.4,0.6,2,True,False,False,2_switch,0.6042750794713536,0.95197153,0.95197153,0.95197153
412,work,EN-HN-EN-EN-HN-HN,3,2,"[1, 2]",base_es,report ka formatting issue highlight hua,highlight hua report ka formatting issue,,,,6,6,0,6,1.0,True,2.6666666666666665,4.0,0.5333333333333333,4,0.4,0.6,2,False,True,False,2_switch,0.6042750794713536,0.9586689,0.95866895,0.9586689
412,work,EN-HN-EN-EN-HN-HN,3,2,"[1, 2]",tf_es,formatting issue highlight hua report ka,highlight hua report ka formatting issue,,,,6,6,0,6,1.0,True,2.6666666666666665,4.0,0.5333333333333333,4,0.4,0.6,2,False,False,True,2_switch,0.6042750794713536,0.95488447,0.9548844,0.95488447
413,work,EN-HN-EN-EN-HN-HN-HN,4,2,"[1, 2]",base_tf,client ka feedback document me add karna,feedback document me add karna client ka,,,,7,7,0,7,1.0,True,2.857142857142857,5.0,0.47619047619047616,4,0.3333333333333333,0.6666666666666666,2,True,False,False,2_switch,0.7071067811865476,0.9590626,0.9590626,0.9590626
413,work,EN-HN-EN-EN-HN-HN-HN,4,2,"[1, 2]",base_es,client ka feedback document me add karna,add karna client ka feedback document me,,,,7,7,0,7,1.0,True,2.857142857142857,5.0,0.47619047619047616,4,0.3333333333333333,0.6666666666666666,2,False,True,False,2_switch,0.7071067811865476,0.9657636,0.9657637,0.9657636
413,work,EN-HN-EN-EN-HN-HN-HN,4,2,"[1, 2]",tf_es,feedback document me add karna client ka,add karna client ka feedback document me,,,,7,7,0,7,1.0,True,3.4285714285714284,4.0,0.5714285714285714,6,0.3333333333333333,0.6666666666666666,2,False,False,True,2_switch,0.5946035575013605,0.95951873,0.95951873,0.95951873
414,work,EN-HN-EN-EN-HN-HN,3,2,"[1, 2]",base_tf,deadline ka buffer time helpful hota,buffer time helpful hota deadline ka,,,,6,6,0,6,1.0,True,2.6666666666666665,4.0,0.5333333333333333,4,0.4,0.6,2,True,False,False,2_switch,0.6042750794713536,0.96741265,0.96741265,0.96741265
414,work,EN-HN-EN-EN-HN-HN,3,2,"[1, 2]",base_es,deadline ka buffer time helpful hota,helpful hota deadline ka buffer time,,,,6,6,0,6,1.0,True,2.6666666666666665,4.0,0.5333333333333333,4,0.4,0.6,2,False,True,False,2_switch,0.6042750794713536,0.96887183,0.96887183,0.9688718
414,work,EN-HN-EN-EN-HN-HN,3,2,"[1, 2]",tf_es,buffer time helpful hota deadline ka,helpful hota deadline ka buffer time,,,,6,6,0,6,1.0,True,2.6666666666666665,4.0,0.5333333333333333,4,0.4,0.6,2,False,False,True,2_switch,0.6042750794713536,0.96092916,0.96092916,0.96092916
415,work,EN-HN-EN-EN-HN-HN-HN,4,2,"[1, 2]",base_tf,discussion ka summary notes me likhna,summary notes me likhna discussion ka,,,,6,6,0,6,1.0,True,2.6666666666666665,4.0,0.5333333333333333,4,0.3333333333333333,0.6666666666666666,2,True,False,False,2_switch,0.6042750794713536,0.9607817,0.9607817,0.9607817
415,work,EN-HN-EN-EN-HN-HN-HN,4,2,"[1, 2]",base_es,discussion ka summary notes me likhna,likhna discussion ka summary notes me,,,,6,6,0,6,1.0,True,1.6666666666666667,5.0,0.3333333333333333,2,0.3333333333333333,0.6666666666666666,2,False,True,False,2_switch,0.7952707287670506,0.9521525,0.9521526,0.95215255
415,work,EN-HN-EN-EN-HN-HN-HN,4,2,"[1, 2]",tf_es,summary notes me likhna discussion ka,likhna discussion ka summary notes me,,,,6,6,0,6,1.0,True,3.0,3.0,0.6,6,0.3333333333333333,0.6666666666666666,2,False,False,True,2_switch,0.3931466788228678,0.956015,0.956015,0.956015
416,work,EN-HN-EN-EN-EN-HN,2,3,"[1, 2, 3]",base_tf,team ka sync meeting weekly hota,sync meeting weekly hota team ka,,,,6,6,0,6,1.0,True,2.6666666666666665,4.0,0.5333333333333333,4,0.6,0.4,3,True,False,False,3plus_switch,0.6042750794713536,0.9588336,0.9588336,0.9588336
416,work,EN-HN-EN-EN-EN-HN,2,3,"[1, 2, 3]",base_es,team ka sync meeting weekly hota,weekly hota team ka sync meeting,,,,6,6,0,6,1.0,True,2.6666666666666665,4.0,0.5333333333333333,4,0.6,0.4,3,False,True,False,3plus_switch,0.6042750794713536,0.9605579,0.9605579,0.9605579
416,work,EN-HN-EN-EN-EN-HN,2,3,"[1, 2, 3]",tf_es,sync meeting weekly hota team ka,weekly hota team ka sync meeting,,,,6,6,0,6,1.0,True,2.6666666666666665,4.0,0.5333333333333333,4,0.6,0.4,3,False,False,True,3plus_switch,0.6042750794713536,0.95956504,0.95956504,0.9595651
417,work,EN-HN-EN-EN-EN-HN,2,3,"[1, 2, 3]",base_tf,presentation ka slide order revise karna,slide order revise karna presentation ka,,,,6,6,0,6,1.0,True,2.6666666666666665,4.0,0.5333333333333333,4,0.6,0.4,3,True,False,False,3plus_switch,0.6042750794713536,0.959463,0.959463,0.959463
417,work,EN-HN-EN-EN-EN-HN,2,3,"[1, 2, 3]",base_es,presentation ka slide order revise karna,revise karna presentation ka slide order,,,,6,6,0,6,1.0,True,2.6666666666666665,4.0,0.5333333333333333,4,0.6,0.4,3,False,True,False,3plus_switch,0.6042750794713536,0.9598325,0.95983243,0.9598325
417,work,EN-HN-EN-EN-EN-HN,2,3,"[1, 2, 3]",tf_es,slide order revise karna presentation ka,revise karna presentation ka slide order,,,,6,6,0,6,1.0,True,2.6666666666666665,4.0,0.5333333333333333,4,0.6,0.4,3,False,False,True,3plus_switch,0.6042750794713536,0.96174574,0.96174574,0.96174574
418,work,EN-HN-EN-EN-EN-HN,2,3,"[1, 2, 3]",base_tf,office ka pantry stock refill karna,pantry stock refill karna office ka,,,,6,6,0,6,1.0,True,2.6666666666666665,4.0,0.5333333333333333,4,0.6,0.4,3,True,False,False,3plus_switch,0.6042750794713536,0.9660386,0.9660386,0.9660386
418,work,EN-HN-EN-EN-EN-HN,2,3,"[1, 2, 3]",base_es,office ka pantry stock refill karna,refill karna office ka pantry stock,,,,6,6,0,6,1.0,True,2.6666666666666665,4.0,0.5333333333333333,4,0.6,0.4,3,False,True,False,3plus_switch,0.6042750794713536,0.9592038,0.9592038,0.9592038
418,work,EN-HN-EN-EN-EN-HN,2,3,"[1, 2, 3]",tf_es,pantry stock refill karna office ka,refill karna office ka pantry stock,,,,6,6,0,6,1.0,True,2.6666666666666665,4.0,0.5333333333333333,4,0.6,0.4,3,False,False,True,3plus_switch,0.6042750794713536,0.9615156,0.9615156,0.9615156
419,work,EN-HN-EN-EN-EN-HN,2,3,"[1, 2, 3]",base_tf,team ka workload evenly distribute karna,workload evenly distribute karna team ka,,,,6,6,0,6,1.0,True,2.6666666666666665,4.0,0.5333333333333333,4,0.6,0.4,3,True,False,False,3plus_switch,0.6042750794713536,0.96099114,0.96099114,0.96099114
419,work,EN-HN-EN-EN-EN-HN,2,3,"[1, 2, 3]",base_es,team ka workload evenly distribute karna,distribute karna team ka workload evenly,,,,6,6,0,6,1.0,True,2.6666666666666665,4.0,0.5333333333333333,4,0.6,0.4,3,False,True,False,3plus_switch,0.6042750794713536,0.9596869,0.9596869,0.9596869
419,work,EN-HN-EN-EN-EN-HN,2,3,"[1, 2, 3]",tf_es,workload evenly distribute karna team ka,distribute karna team ka workload evenly,,,,6,6,0,6,1.0,True,2.6666666666666665,4.0,0.5333333333333333,4,0.6,0.4,3,False,False,True,3plus_switch,0.6042750794713536,0.9557469,0.95574677,0.9557468
420,work,EN-HN-EN-EN-EN-HN,3,3,"[1, 2, 3]",base_tf,project ka milestone tracker update hua,milestone tracker update hua project ka,,,,6,6,0,6,1.0,True,2.6666666666666665,4.0,0.5333333333333333,4,0.5,0.5,3,True,False,False,3plus_switch,0.6042750794713536,0.95324576,0.95324576,0.95324576
420,work,EN-HN-EN-EN-EN-HN,3,3,"[1, 2, 3]",base_es,project ka milestone tracker update hua,update hua project ka milestone tracker,,,,6,6,0,6,1.0,True,2.6666666666666665,4.0,0.5333333333333333,4,0.5,0.5,3,False,True,False,3plus_switch,0.6042750794713536,0.9607073,0.9607073,0.9607073
420,work,EN-HN-EN-EN-EN-HN,3,3,"[1, 2, 3]",tf_es,milestone tracker update hua project ka,update hua project ka milestone tracker,,,,6,6,0,6,1.0,True,2.6666666666666665,4.0,0.5333333333333333,4,0.5,0.5,3,False,False,True,3plus_switch,0.6042750794713536,0.9529486,0.9529486,0.9529486
421,household,EN-HN-EN-EN-EN-HN,2,3,"[1, 2, 3]",base_tf,home ka grocery list ready karna,grocery list ready karna home ka,,,,6,6,0,6,1.0,True,2.6666666666666665,4.0,0.5333333333333333,4,0.6,0.4,3,True,False,False,3plus_switch,0.6042750794713536,0.96431166,0.96431166,0.96431166
421,household,EN-HN-EN-EN-EN-HN,2,3,"[1, 2, 3]",base_es,home ka grocery list ready karna,ready karna home ka grocery list,,,,6,6,0,6,1.0,True,2.6666666666666665,4.0,0.5333333333333333,4,0.6,0.4,3,False,True,False,3plus_switch,0.6042750794713536,0.97251236,0.97251236,0.97251236
421,household,EN-HN-EN-EN-EN-HN,2,3,"[1, 2, 3]",tf_es,grocery list ready karna home ka,ready karna home ka grocery list,,,,6,6,0,6,1.0,True,2.6666666666666665,4.0,0.5333333333333333,4,0.6,0.4,3,False,False,True,3plus_switch,0.6042750794713536,0.95695156,0.95695156,0.95695156
422,household,EN-HN-EN-EN-EN-HN-HN,3,3,"[1, 2, 3]",base_tf,kitchen ka sink water slow drain ho raha,sink water slow drain ho raha kitchen ka,,,,8,8,0,8,1.0,True,3.0,6.0,0.42857142857142855,4,0.5,0.5,3,True,False,False,3plus_switch,0.7652058832556895,0.96363276,0.9636328,0.96363276
422,household,EN-HN-EN-EN-EN-HN-HN,3,3,"[1, 2, 3]",base_es,kitchen ka sink water slow drain ho raha,slow drain ho raha kitchen ka sink water,,,,8,8,0,8,1.0,True,4.0,4.0,0.5714285714285714,8,0.5,0.5,3,False,True,False,3plus_switch,0.691441569283882,0.95938826,0.95938826,0.95938826
422,household,EN-HN-EN-EN-EN-HN-HN,3,3,"[1, 2, 3]",tf_es,sink water slow drain ho raha kitchen ka,slow drain ho raha kitchen ka sink water,,,,8,8,0,8,1.0,True,3.0,6.0,0.42857142857142855,4,0.5,0.5,3,False,False,True,3plus_switch,0.7652058832556895,0.96855664,0.96855664,0.96855664
423,household,EN-HN-EN-EN-HN-HN,3,2,"[1, 2]",base_tf,bedroom ka curtain rod loose ho gaya,curtain rod loose ho gaya bedroom ka,,,,7,7,0,7,1.0,True,2.857142857142857,5.0,0.47619047619047616,4,0.4,0.6,2,True,False,False,2_switch,0.7071067811865476,0.9610727,0.9610727,0.9610727
423,household,EN-HN-EN-EN-HN-HN,3,2,"[1, 2]",base_es,bedroom ka curtain rod loose ho gaya,loose ho gaya bedroom ka curtain rod,,,,7,7,0,7,1.0,True,3.4285714285714284,4.0,0.5714285714285714,6,0.4,0.6,2,False,True,False,2_switch,0.5946035575013605,0.951349,0.951349,0.951349
423,household,EN-HN-EN-EN-HN-HN,3,2,"[1, 2]",tf_es,curtain rod loose ho gaya bedroom ka,loose ho gaya bedroom ka curtain rod,,,,7,7,0,7,1.0,True,2.857142857142857,5.0,0.47619047619047616,4,0.4,0.6,2,False,False,True,2_switch,0.7071067811865476,0.96375966,0.96375966,0.96375966
424,household,EN-HN-EN-EN-EN-HN-HN,3,3,"[1, 2, 3]",base_tf,balcony ka plant watering schedule miss hua,watering schedule miss hua balcony ka plant,,,,7,7,0,7,1.0,True,3.4285714285714284,4.0,0.5714285714285714,6,0.5,0.5,3,True,False,False,3plus_switch,0.5946035575013605,0.94314647,0.94314647,0.94314647
424,household,EN-HN-EN-EN-EN-HN-HN,3,3,"[1, 2, 3]",base_es,balcony ka plant watering schedule miss hua,miss hua balcony ka plant watering schedule,,,,7,7,0,7,1.0,True,2.857142857142857,5.0,0.47619047619047616,4,0.5,0.5,3,False,True,False,3plus_switch,0.7071067811865476,0.95846784,0.95846784,0.95846784
424,household,EN-HN-EN-EN-EN-HN-HN,3,3,"[1, 2, 3]",tf_es,watering schedule miss hua balcony ka plant,miss hua balcony ka plant watering schedule,,,,7,7,0,7,1.0,True,2.857142857142857,5.0,0.47619047619047616,4,0.5,0.5,3,False,False,True,3plus_switch,0.7071067811865476,0.9631191,0.9631191,0.9631191
425,household,EN-HN-EN-EN-EN-HN-HN,3,3,"[1, 2, 3]",base_tf,room ka dust accumulation noticeable lag raha,dust accumulation noticeable lag raha room ka,,,,7,7,0,7,1.0,True,2.857142857142857,5.0,0.47619047619047616,4,0.5,0.5,3,True,False,False,3plus_switch,0.7071067811865476,0.95850885,0.95850885,0.95850885
425,household,EN-HN-EN-EN-EN-HN-HN,3,3,"[1, 2, 3]",base_es,room ka dust accumulation noticeable lag raha,noticeable lag raha room ka dust accumulation,,,,7,7,0,7,1.0,True,3.4285714285714284,4.0,0.5714285714285714,6,0.5,0.5,3,False,True,False,3plus_switch,0.5946035575013605,0.956509,0.956509,0.956509
425,household,EN-HN-EN-EN-EN-HN-HN,3,3,"[1, 2, 3]",tf_es,dust accumulation noticeable lag raha room ka,noticeable lag raha room ka dust accumulation,,,,7,7,0,7,1.0,True,2.857142857142857,5.0,0.47619047619047616,4,0.5,0.5,3,False,False,True,3plus_switch,0.7071067811865476,0.9480654,0.9480654,0.9480654
426,education,EN-HN-EN-EN-HN-HN-HN,4,2,"[1, 2]",base_tf,study ka revision plan weekend pe banana,revision plan weekend pe banana study ka,,,,7,7,0,7,1.0,True,2.857142857142857,5.0,0.47619047619047616,4,0.3333333333333333,0.6666666666666666,2,True,False,False,2_switch,0.7071067811865476,0.9607864,0.96078646,0.9607864
426,education,EN-HN-EN-EN-HN-HN-HN,4,2,"[1, 2]",base_es,study ka revision plan weekend pe banana,banana study ka revision plan weekend pe,,,,7,7,0,7,1.0,True,1.7142857142857142,6.0,0.2857142857142857,2,0.3333333333333333,0.6666666666666666,2,False,True,False,2_switch,0.8408964152537146,0.96443355,0.96443367,0.9644336
426,education,EN-HN-EN-EN-HN-HN-HN,4,2,"[1, 2]",tf_es,revision plan weekend pe banana study ka,banana study ka revision plan weekend pe,,,,7,7,0,7,1.0,True,3.4285714285714284,4.0,0.5714285714285714,6,0.3333333333333333,0.6666666666666666,2,False,False,True,2_switch,0.5946035575013605,0.947106,0.94714683,0.94712645
427,education,EN-HN-EN-EN-EN-HN-HN,3,3,"[1, 2, 3]",base_tf,lecture ka attendance sheet late circulate hua,attendance sheet late circulate hua lecture ka,,,,7,7,0,7,1.0,True,2.857142857142857,5.0,0.47619047619047616,4,0.5,0.5,3,True,False,False,3plus_switch,0.7071067811865476,0.9531579,0.9531579,0.9531579
427,education,EN-HN-EN-EN-EN-HN-HN,3,3,"[1, 2, 3]",base_es,lecture ka attendance sheet late circulate hua,late circulate hua lecture ka attendance sheet,,,,7,7,0,7,1.0,True,3.4285714285714284,4.0,0.5714285714285714,6,0.5,0.5,3,False,True,False,3plus_switch,0.5946035575013605,0.9511539,0.9515867,0.95137024
427,education,EN-HN-EN-EN-EN-HN-HN,3,3,"[1, 2, 3]",tf_es,attendance sheet late circulate hua lecture ka,late circulate hua lecture ka attendance sheet,,,,7,7,0,7,1.0,True,2.857142857142857,5.0,0.47619047619047616,4,0.5,0.5,3,False,False,True,3plus_switch,0.7071067811865476,0.95076746,0.9507674,0.95076746
428,education,EN-HN-EN-EN-HN-HN,3,2,"[1, 2]",base_tf,course ka reading list lengthy lag raha,reading list lengthy lag raha course ka,,,,7,7,0,7,1.0,True,2.857142857142857,5.0,0.47619047619047616,4,0.4,0.6,2,True,False,False,2_switch,0.7071067811865476,0.93483186,0.93483186,0.93483186
428,education,EN-HN-EN-EN-HN-HN,3,2,"[1, 2]",base_es,course ka reading list lengthy lag raha,lengthy lag raha course ka reading list,,,,7,7,0,7,1.0,True,3.4285714285714284,4.0,0.5714285714285714,6,0.4,0.6,2,False,True,False,2_switch,0.5946035575013605,0.93561006,0.9368463,0.9362278
428,education,EN-HN-EN-EN-HN-HN,3,2,"[1, 2]",tf_es,reading list lengthy lag raha course ka,lengthy lag raha course ka reading list,,,,7,7,0,7,1.0,True,2.857142857142857,5.0,0.47619047619047616,4,0.4,0.6,2,False,False,True,2_switch,0.7071067811865476,0.9617585,0.9617585,0.9617585
429,education,EN-HN-EN-EN-EN-HN,2,3,"[1, 2, 3]",base_tf,assignment ka grading rubric clear tha,grading rubric clear tha assignment ka,,,,6,6,0,6,1.0,True,2.6666666666666665,4.0,0.5333333333333333,4,0.6,0.4,3,True,False,False,3plus_switch,0.6042750794713536,0.9631137,0.9631137,0.9631137
429,education,EN-HN-EN-EN-EN-HN,2,3,"[1, 2, 3]",base_es,assignment ka grading rubric clear tha,clear tha assignment ka grading rubric,,,,6,6,0,6,1.0,True,2.6666666666666665,4.0,0.5333333333333333,4,0.6,0.4,3,False,True,False,3plus_switch,0.6042750794713536,0.9668613,0.96686137,0.9668613
429,education,EN-HN-EN-EN-EN-HN,2,3,"[1, 2, 3]",tf_es,grading rubric clear tha assignment ka,clear tha assignment ka grading rubric,,,,6,6,0,6,1.0,True,2.6666666666666665,4.0,0.5333333333333333,4,0.6,0.4,3,False,False,True,3plus_switch,0.6042750794713536,0.9661381,0.9661381,0.9661381
430,education,EN-HN-EN-EN-HN-HN,3,2,"[1, 2]",base_tf,exam ka invigilation process smooth raha,invigilation process smooth raha exam ka,,,,6,6,0,6,1.0,True,2.6666666666666665,4.0,0.5333333333333333,4,0.4,0.6,2,True,False,False,2_switch,0.6042750794713536,0.95073175,0.95073175,0.95073175
430,education,EN-HN-EN-EN-HN-HN,3,2,"[1, 2]",base_es,exam ka invigilation process smooth raha,smooth raha exam ka invigilation process,,,,6,6,0,6,1.0,True,2.6666666666666665,4.0,0.5333333333333333,4,0.4,0.6,2,False,True,False,2_switch,0.6042750794713536,0.9589664,0.9589664,0.9589664
430,education,EN-HN-EN-EN-HN-HN,3,2,"[1, 2]",tf_es,invigilation process smooth raha exam ka,smooth raha exam ka invigilation process,,,,6,6,0,6,1.0,True,2.6666666666666665,4.0,0.5333333333333333,4,0.4,0.6,2,False,False,True,2_switch,0.6042750794713536,0.9565148,0.9565148,0.9565148
431,education,EN-HN-EN-HN-HN-HN,4,1,[2],base_tf,syllabus ka overlap thoda confusing laga,overlap thoda confusing laga syllabus ka,,,,6,6,0,6,1.0,True,2.6666666666666665,4.0,0.5333333333333333,4,0.2,0.8,1,True,False,False,1_switch,0.6042750794713536,0.9625988,0.9625989,0.96259886
431,education,EN-HN-EN-HN-HN-HN,4,1,[2],base_es,syllabus ka overlap thoda confusing laga,confusing laga syllabus ka overlap thoda,,,,6,6,0,6,1.0,True,2.6666666666666665,4.0,0.5333333333333333,4,0.2,0.8,1,False,True,False,1_switch,0.6042750794713536,0.9639151,0.9639151,0.9639151
431,education,EN-HN-EN-HN-HN-HN,4,1,[2],tf_es,overlap thoda confusing laga syllabus ka,confusing laga syllabus ka overlap thoda,,,,6,6,0,6,1.0,True,2.6666666666666665,4.0,0.5333333333333333,4,0.2,0.8,1,False,False,True,1_switch,0.6042750794713536,0.9548723,0.9548723,0.9548723
432,education,EN-HN-EN-EN-EN-HN,2,3,"[1, 2, 3]",base_tf,practical ka evaluation criteria strict tha,evaluation criteria strict tha practical ka,,,,6,6,0,6,1.0,True,2.6666666666666665,4.0,0.5333333333333333,4,0.6,0.4,3,True,False,False,3plus_switch,0.6042750794713536,0.9684142,0.9684141,0.9684141
432,education,EN-HN-EN-EN-EN-HN,2,3,"[1, 2, 3]",base_es,practical ka evaluation criteria strict tha,strict tha practical ka evaluation criteria,,,,6,6,0,6,1.0,True,2.6666666666666665,4.0,0.5333333333333333,4,0.6,0.4,3,False,True,False,3plus_switch,0.6042750794713536,0.96915436,0.9691543,0.9691543
432,education,EN-HN-EN-EN-EN-HN,2,3,"[1, 2, 3]",tf_es,evaluation criteria strict tha practical ka,strict tha practical ka evaluation criteria,,,,6,6,0,6,1.0,True,2.6666666666666665,4.0,0.5333333333333333,4,0.6,0.4,3,False,False,True,3plus_switch,0.6042750794713536,0.96512413,0.96512413,0.96512413
433,education,EN-HN-EN-EN-EN-HN-HN,3,3,"[1, 2, 3]",base_tf,tutorial ka doubt clearing session helpful raha,doubt clearing session helpful raha tutorial ka,,,,7,7,0,7,1.0,True,2.857142857142857,5.0,0.47619047619047616,4,0.5,0.5,3,True,False,False,3plus_switch,0.7071067811865476,0.9514468,0.9514468,0.9514468
433,education,EN-HN-EN-EN-EN-HN-HN,3,3,"[1, 2, 3]",base_es,tutorial ka doubt clearing session helpful raha,helpful raha tutorial ka doubt clearing session,,,,7,7,0,7,1.0,True,2.857142857142857,5.0,0.47619047619047616,4,0.5,0.5,3,False,True,False,3plus_switch,0.7071067811865476,0.9579674,0.9579674,0.9579674
433,education,EN-HN-EN-EN-EN-HN-HN,3,3,"[1, 2, 3]",tf_es,doubt clearing session helpful raha tutorial ka,helpful raha tutorial ka doubt clearing session,,,,7,7,0,7,1.0,True,3.4285714285714284,4.0,0.5714285714285714,6,0.5,0.5,3,False,False,True,3plus_switch,0.5946035575013605,0.95475817,0.95475817,0.95475817
434,education,EN-HN-EN-EN-EN-HN,2,3,"[1, 2, 3]",base_tf,notes ka diagram explanation clear tha,diagram explanation clear tha notes ka,,,,6,6,0,6,1.0,True,2.6666666666666665,4.0,0.5333333333333333,4,0.6,0.4,3,True,False,False,3plus_switch,0.6042750794713536,0.96680355,0.96680355,0.96680355
434,education,EN-HN-EN-EN-EN-HN,2,3,"[1, 2, 3]",base_es,notes ka diagram explanation clear tha,clear tha notes ka diagram explanation,,,,6,6,0,6,1.0,True,2.6666666666666665,4.0,0.5333333333333333,4,0.6,0.4,3,False,True,False,3plus_switch,0.6042750794713536,0.964605,0.964605,0.964605
434,education,EN-HN-EN-EN-EN-HN,2,3,"[1, 2, 3]",tf_es,diagram explanation clear tha notes ka,clear tha notes ka diagram explanation,,,,6,6,0,6,1.0,True,2.6666666666666665,4.0,0.5333333333333333,4,0.6,0.4,3,False,False,True,3plus_switch,0.6042750794713536,0.96778905,0.96778905,0.96778905
435,education,EN-EN-EN-HN-HN-HN-HN,3,3,"[0, 1, 2]",base_tf,online class ka audio occasionally break ho raha,audio occasionally break ho raha online class ka,,,,8,8,0,8,1.0,True,3.75,5.0,0.5357142857142857,6,0.5,0.5,3,True,False,False,3plus_switch,0.691441569283882,0.9594532,0.9594533,0.9594533
435,education,EN-EN-EN-HN-HN-HN-HN,3,3,"[0, 1, 2]",base_es,online class ka audio occasionally break ho raha,occasionally break ho raha online class ka audio,,,,8,8,0,8,1.0,True,4.0,4.0,0.5714285714285714,8,0.5,0.5,3,False,True,False,3plus_switch,0.691441569283882,0.9560368,0.95603675,0.95603675
435,education,EN-EN-EN-HN-HN-HN-HN,3,3,"[0, 1, 2]",tf_es,audio occasionally break ho raha online class ka,occasionally break ho raha online class ka audio,,,,8,8,0,8,1.0,True,1.75,7.0,0.25,2,0.5,0.5,3,False,False,True,3plus_switch,0.8694417438899829,0.9759209,0.9759209,0.9759209
436,household,EN-HN-EN-EN-HN-HN-HN,4,2,"[1, 2]",base_tf,neighbour ka dog barking raat me zyada hota,dog barking raat me zyada hota neighbour ka,,,,8,8,0,8,1.0,True,3.0,6.0,0.42857142857142855,4,0.3333333333333333,0.6666666666666666,2,True,False,False,2_switch,0.7652058832556895,0.971732,0.97173196,0.97173196
436,household,EN-HN-EN-EN-HN-HN-HN,4,2,"[1, 2]",base_es,neighbour ka dog barking raat me zyada hota,zyada hota neighbour ka dog barking raat me,,,,8,8,0,8,1.0,True,3.0,6.0,0.42857142857142855,4,0.3333333333333333,0.6666666666666666,2,False,True,False,2_switch,0.7652058832556895,0.96492153,0.9649215,0.96492153
436,household,EN-HN-EN-EN-HN-HN-HN,4,2,"[1, 2]",tf_es,dog barking raat me zyada hota neighbour ka,zyada hota neighbour ka dog barking raat me,,,,8,8,0,8,1.0,True,4.0,4.0,0.5714285714285714,8,0.3333333333333333,0.6666666666666666,2,False,False,True,2_switch,0.691441569283882,0.9686023,0.96860236,0.96860236
437,household,EN-HN-EN-EN-HN-HN,3,2,"[1, 2]",base_tf,society ka lift maintenance due ho gaya,lift maintenance due ho gaya society ka,,,,7,7,0,7,1.0,True,2.857142857142857,5.0,0.47619047619047616,4,0.4,0.6,2,True,False,False,2_switch,0.7071067811865476,0.9437664,0.94376636,0.9437664
437,household,EN-HN-EN-EN-HN-HN,3,2,"[1, 2]",base_es,society ka lift maintenance due ho gaya,due ho gaya society ka lift maintenance,,,,7,7,0,7,1.0,True,3.4285714285714284,4.0,0.5714285714285714,6,0.4,0.6,2,False,True,False,2_switch,0.5946035575013605,0.942955,0.942955,0.942955
437,household,EN-HN-EN-EN-HN-HN,3,2,"[1, 2]",tf_es,lift maintenance due ho gaya society ka,due ho gaya society ka lift maintenance,,,,7,7,0,7,1.0,True,2.857142857142857,5.0,0.47619047619047616,4,0.4,0.6,2,False,False,True,2_switch,0.7071067811865476,0.9546861,0.95468605,0.9546861
438,household,EN-HN-EN-HN-HN-HN,4,1,[1],base_tf,water ka pressure subah kam hota,pressure subah kam hota water ka,,,,6,6,0,6,1.0,True,2.6666666666666665,4.0,0.5333333333333333,4,0.2,0.8,1,True,False,False,1_switch,0.6042750794713536,0.971969,0.97196895,0.9719689
438,household,EN-HN-EN-HN-HN-HN,4,1,[1],base_es,water ka pressure subah kam hota,kam hota water ka pressure subah,,,,6,6,0,6,1.0,True,2.6666666666666665,4.0,0.5333333333333333,4,0.2,0.8,1,False,True,False,1_switch,0.6042750794713536,0.9636619,0.9636619,0.9636619
438,household,EN-HN-EN-HN-HN-HN,4,1,[1],tf_es,pressure subah kam hota water ka,kam hota water ka pressure subah,,,,6,6,0,6,1.0,True,2.6666666666666665,4.0,0.5333333333333333,4,0.2,0.8,1,False,False,True,1_switch,0.6042750794713536,0.960258,0.96025795,0.96025795
439,household,EN-HN-EN-EN-HN-HN,3,2,"[1, 2]",base_tf,electricity ka outage notice pehle aaya,outage notice pehle aaya electricity ka,,,,6,6,0,6,1.0,True,2.6666666666666665,4.0,0.5333333333333333,4,0.4,0.6,2,True,False,False,2_switch,0.6042750794713536,0.95859486,0.9585948,0.95859486
439,household,EN-HN-EN-EN-HN-HN,3,2,"[1, 2]",base_es,electricity ka outage notice pehle aaya,pehle aaya electricity ka outage notice,,,,6,6,0,6,1.0,True,2.6666666666666665,4.0,0.5333333333333333,4,0.4,0.6,2,False,True,False,2_switch,0.6042750794713536,0.9601979,0.960198,0.96019804
439,household,EN-HN-EN-EN-HN-HN,3,2,"[1, 2]",tf_es,outage notice pehle aaya electricity ka,pehle aaya electricity ka outage notice,,,,6,6,0,6,1.0,True,2.6666666666666665,4.0,0.5333333333333333,4,0.4,0.6,2,False,False,True,2_switch,0.6042750794713536,0.96526766,0.96526766,0.96526766
440,household,EN-HN-EN-EN-EN-HN-HN,3,3,"[1, 2, 3]",base_tf,flat ka paint shade slightly dull laga,paint shade slightly dull laga flat ka,,,,7,7,0,7,1.0,True,2.857142857142857,5.0,0.47619047619047616,4,0.5,0.5,3,True,False,False,3plus_switch,0.7071067811865476,0.9664148,0.9664148,0.9664148
440,household,EN-HN-EN-EN-EN-HN-HN,3,3,"[1, 2, 3]",base_es,flat ka paint shade slightly dull laga,slightly dull laga flat ka paint shade,,,,7,7,0,7,1.0,True,3.4285714285714284,4.0,0.5714285714285714,6,0.5,0.5,3,False,True,False,3plus_switch,0.5946035575013605,0.9619036,0.9619036,0.9619036
440,household,EN-HN-EN-EN-EN-HN-HN,3,3,"[1, 2, 3]",tf_es,paint shade slightly dull laga flat ka,slightly dull laga flat ka paint shade,,,,7,7,0,7,1.0,True,2.857142857142857,5.0,0.47619047619047616,4,0.5,0.5,3,False,False,True,3plus_switch,0.7071067811865476,0.9687228,0.9687228,0.9687229
441,household,EN-HN-EN-EN-HN-HN,3,2,"[1, 2]",base_tf,door ka bell sound faint ho gaya,bell sound faint ho gaya door ka,,,,7,7,0,7,1.0,True,2.857142857142857,5.0,0.47619047619047616,4,0.4,0.6,2,True,False,False,2_switch,0.7071067811865476,0.9559926,0.9559926,0.9559926
441,household,EN-HN-EN-EN-HN-HN,3,2,"[1, 2]",base_es,door ka bell sound faint ho gaya,faint ho gaya door ka bell sound,,,,7,7,0,7,1.0,True,3.4285714285714284,4.0,0.5714285714285714,6,0.4,0.6,2,False,True,False,2_switch,0.5946035575013605,0.95483845,0.95483845,0.95483845
441,household,EN-HN-EN-EN-HN-HN,3,2,"[1, 2]",tf_es,bell sound faint ho gaya door ka,faint ho gaya door ka bell sound,,,,7,7,0,7,1.0,True,2.857142857142857,5.0,0.47619047619047616,4,0.4,0.6,2,False,False,True,2_switch,0.7071067811865476,0.955496,0.955496,0.955496
442,household,EN-HN-EN-EN-EN-HN,2,3,"[1, 2, 3]",base_tf,laundry ka washing cycle longer laga,washing cycle longer laga laundry ka,,,,6,6,0,6,1.0,True,2.6666666666666665,4.0,0.5333333333333333,4,0.6,0.4,3,True,False,False,3plus_switch,0.6042750794713536,0.9565538,0.9565538,0.9565538
442,household,EN-HN-EN-EN-EN-HN,2,3,"[1, 2, 3]",base_es,laundry ka washing cycle longer laga,longer laga laundry ka washing cycle,,,,6,6,0,6,1.0,True,2.6666666666666665,4.0,0.5333333333333333,4,0.6,0.4,3,False,True,False,3plus_switch,0.6042750794713536,0.9683343,0.9683343,0.9683343
442,household,EN-HN-EN-EN-EN-HN,2,3,"[1, 2, 3]",tf_es,washing cycle longer laga laundry ka,longer laga laundry ka washing cycle,,,,6,6,0,6,1.0,True,2.6666666666666665,4.0,0.5333333333333333,4,0.6,0.4,3,False,False,True,3plus_switch,0.6042750794713536,0.95340973,0.95340973,0.9534098
443,household,EN-HN-EN-EN-EN-HN,2,3,"[1, 2, 3]",base_tf,garbage ka pickup schedule miss hua,pickup schedule miss hua garbage ka,,,,6,6,0,6,1.0,True,2.6666666666666665,4.0,0.5333333333333333,4,0.6,0.4,3,True,False,False,3plus_switch,0.6042750794713536,0.9551287,0.95512867,0.9551287
443,household,EN-HN-EN-EN-EN-HN,2,3,"[1, 2, 3]",base_es,garbage ka pickup schedule miss hua,miss hua garbage ka pickup schedule,,,,6,6,0,6,1.0,True,2.6666666666666665,4.0,0.5333333333333333,4,0.6,0.4,3,False,True,False,3plus_switch,0.6042750794713536,0.9656266,0.96562666,0.96562666
443,household,EN-HN-EN-EN-EN-HN,2,3,"[1, 2, 3]",tf_es,pickup schedule miss hua garbage ka,miss hua garbage ka pickup schedule,,,,6,6,0,6,1.0,True,2.6666666666666665,4.0,0.5333333333333333,4,0.6,0.4,3,False,False,True,3plus_switch,0.6042750794713536,0.9632802,0.9632803,0.96328026
444,digital,EN-EN-EN-HN-HN-HN-HN,4,3,"[0, 1, 2]",base_tf,app ka dark mode preference save nahi hua,dark mode preference save nahi hua app ka,,,,8,8,0,8,1.0,True,3.0,6.0,0.42857142857142855,4,0.42857142857142855,0.5714285714285714,3,True,False,False,3plus_switch,0.7652058832556895,0.9657581,0.9657581,0.9657581
444,digital,EN-EN-EN-HN-HN-HN-HN,4,3,"[0, 1, 2]",base_es,app ka dark mode preference save nahi hua,save nahi hua app ka dark mode preference,,,,8,8,0,8,1.0,True,3.75,5.0,0.5357142857142857,6,0.42857142857142855,0.5714285714285714,3,False,True,False,3plus_switch,0.691441569283882,0.96064496,0.96064496,0.96064496
444,digital,EN-EN-EN-HN-HN-HN-HN,4,3,"[0, 1, 2]",tf_es,dark mode preference save nahi hua app ka,save nahi hua app ka dark mode preference,,,,8,8,0,8,1.0,True,3.75,5.0,0.5357142857142857,6,0.42857142857142855,0.5714285714285714,3,False,False,True,3plus_switch,0.691441569283882,0.9705758,0.9705758,0.9705758
445,digital,EN-HN-EN-EN-EN-HN-HN,3,3,"[1, 2, 3]",base_tf,website ka login captcha repeatedly fail ho raha,login captcha repeatedly fail ho raha website ka,,,,8,8,0,8,1.0,True,3.0,6.0,0.42857142857142855,4,0.5,0.5,3,True,False,False,3plus_switch,0.7652058832556895,0.97794193,0.97794193,0.97794193
445,digital,EN-HN-EN-EN-EN-HN-HN,3,3,"[1, 2, 3]",base_es,website ka login captcha repeatedly fail ho raha,repeatedly fail ho raha website ka login captcha,,,,8,8,0,8,1.0,True,4.0,4.0,0.5714285714285714,8,0.5,0.5,3,False,True,False,3plus_switch,0.691441569283882,0.971093,0.971093,0.971093
445,digital,EN-HN-EN-EN-EN-HN-HN,3,3,"[1, 2, 3]",tf_es,login captcha repeatedly fail ho raha website ka,repeatedly fail ho raha website ka login captcha,,,,8,8,0,8,1.0,True,3.0,6.0,0.42857142857142855,4,0.5,0.5,3,False,False,True,3plus_switch,0.7652058832556895,0.9713627,0.9713627,0.9713627
446,digital,EN-HN-EN-EN-EN-HN-HN,3,3,"[1, 2, 3]",base_tf,phone ka software update overnight install hua,software update overnight install hua phone ka,,,,7,7,0,7,1.0,True,2.857142857142857,5.0,0.47619047619047616,4,0.5,0.5,3,True,False,False,3plus_switch,0.7071067811865476,0.96314585,0.96314585,0.96314585
446,digital,EN-HN-EN-EN-EN-HN-HN,3,3,"[1, 2, 3]",base_es,phone ka software update overnight install hua,overnight install hua phone ka software update,,,,7,7,0,7,1.0,True,3.4285714285714284,4.0,0.5714285714285714,6,0.5,0.5,3,False,True,False,3plus_switch,0.5946035575013605,0.955452,0.955452,0.955452
446,digital,EN-HN-EN-EN-EN-HN-HN,3,3,"[1, 2, 3]",tf_es,software update overnight install hua phone ka,overnight install hua phone ka software update,,,,7,7,0,7,1.0,True,2.857142857142857,5.0,0.47619047619047616,4,0.5,0.5,3,False,False,True,3plus_switch,0.7071067811865476,0.9709399,0.9709399,0.9709399
447,digital,EN-HN-EN-EN-EN-HN-HN,3,3,"[1, 2, 3]",base_tf,app ka logout issue security risk lag raha,logout issue security risk lag raha app ka,,,,8,8,0,8,1.0,True,3.0,6.0,0.42857142857142855,4,0.5,0.5,3,True,False,False,3plus_switch,0.7652058832556895,0.9472489,0.9472489,0.9472489
447,digital,EN-HN-EN-EN-EN-HN-HN,3,3,"[1, 2, 3]",base_es,app ka logout issue security risk lag raha,security risk lag raha app ka logout issue,,,,8,8,0,8,1.0,True,4.0,4.0,0.5714285714285714,8,0.5,0.5,3,False,True,False,3plus_switch,0.691441569283882,0.9509637,0.9509636,0.9509637
447,digital,EN-HN-EN-EN-EN-HN-HN,3,3,"[1, 2, 3]",tf_es,logout issue security risk lag raha app ka,security risk lag raha app ka logout issue,,,,8,8,0,8,1.0,True,3.0,6.0,0.42857142857142855,4,0.5,0.5,3,False,False,True,3plus_switch,0.7652058832556895,0.955919,0.95591897,0.95591897
448,digital,EN-HN-EN-EN-EN-HN-HN,3,3,"[1, 2, 3]",base_tf,browser ka bookmark folder accidentally delete hua,bookmark folder accidentally delete hua browser ka,,,,7,7,0,7,1.0,True,2.857142857142857,5.0,0.47619047619047616,4,0.5,0.5,3,True,False,False,3plus_switch,0.7071067811865476,0.95576644,0.95576644,0.95576644
448,digital,EN-HN-EN-EN-EN-HN-HN,3,3,"[1, 2, 3]",base_es,browser ka bookmark folder accidentally delete hua,accidentally delete hua browser ka bookmark folder,,,,7,7,0,7,1.0,True,3.4285714285714284,4.0,0.5714285714285714,6,0.5,0.5,3,False,True,False,3plus_switch,0.5946035575013605,0.9570721,0.9570721,0.9570721
448,digital,EN-HN-EN-EN-EN-HN-HN,3,3,"[1, 2, 3]",tf_es,bookmark folder accidentally delete hua browser ka,accidentally delete hua browser ka bookmark folder,,,,7,7,0,7,1.0,True,2.857142857142857,5.0,0.47619047619047616,4,0.5,0.5,3,False,False,True,3plus_switch,0.7071067811865476,0.96693337,0.96693337,0.96693337
449,digital,EN-HN-EN-EN-EN-HN-HN,3,3,"[1, 2, 3]",base_tf,system ka auto sleep feature annoying lag raha,auto sleep feature annoying lag raha system ka,,,,8,8,0,8,1.0,True,3.0,6.0,0.42857142857142855,4,0.5,0.5,3,True,False,False,3plus_switch,0.7652058832556895,0.95833504,0.95833504,0.95833504
449,digital,EN-HN-EN-EN-EN-HN-HN,3,3,"[1, 2, 3]",base_es,system ka auto sleep feature annoying lag raha,annoying lag raha system ka auto sleep feature,,,,8,8,0,8,1.0,True,3.75,5.0,0.5357142857142857,6,0.5,0.5,3,False,True,False,3plus_switch,0.691441569283882,0.9484313,0.9484313,0.9484313
449,digital,EN-HN-EN-EN-EN-HN-HN,3,3,"[1, 2, 3]",tf_es,auto sleep feature annoying lag raha system ka,annoying lag raha system ka auto sleep feature,,,,8,8,0,8,1.0,True,3.75,5.0,0.5357142857142857,6,0.5,0.5,3,False,False,True,3plus_switch,0.691441569283882,0.96722525,0.9672252,0.96722525
450,digital,EN-EN-EN-HN-HN-HN-HN,3,3,"[0, 1, 2]",base_tf,mobile data ka usage spike achanak aaya,usage spike achanak aaya mobile data ka,,,,7,7,0,7,1.0,True,3.4285714285714284,4.0,0.5714285714285714,6,0.5,0.5,3,True,False,False,3plus_switch,0.5946035575013605,0.9637711,0.9637712,0.96377116
450,digital,EN-EN-EN-HN-HN-HN-HN,3,3,"[0, 1, 2]",base_es,mobile data ka usage spike achanak aaya,achanak aaya mobile data ka usage spike,,,,7,7,0,7,1.0,True,2.857142857142857,5.0,0.47619047619047616,4,0.5,0.5,3,False,True,False,3plus_switch,0.7071067811865476,0.9599929,0.9599929,0.9599929
450,digital,EN-EN-EN-HN-HN-HN-HN,3,3,"[0, 1, 2]",tf_es,usage spike achanak aaya mobile data ka,achanak aaya mobile data ka usage spike,,,,7,7,0,7,1.0,True,2.857142857142857,5.0,0.47619047619047616,4,0.5,0.5,3,False,False,True,3plus_switch,0.7071067811865476,0.9621762,0.9621762,0.9621762
451,education,EN-HN-EN-EN-EN-HN-HN,3,3,"[1, 2, 3]",base_tf,lecture ka assignment submission portal open hua,assignment submission portal open hua lecture ka,,,,7,7,0,7,1.0,True,2.857142857142857,5.0,0.47619047619047616,4,0.5,0.5,3,True,False,False,3plus_switch,0.7071067811865476,0.9581995,0.95819944,0.95819944
451,education,EN-HN-EN-EN-EN-HN-HN,3,3,"[1, 2, 3]",base_es,lecture ka assignment submission portal open hua,open hua lecture ka assignment submission portal,,,,7,7,0,7,1.0,True,2.857142857142857,5.0,0.47619047619047616,4,0.5,0.5,3,False,True,False,3plus_switch,0.7071067811865476,0.96471345,0.9647134,0.9647134
451,education,EN-HN-EN-EN-EN-HN-HN,3,3,"[1, 2, 3]",tf_es,assignment submission portal open hua lecture ka,open hua lecture ka assignment submission portal,,,,7,7,0,7,1.0,True,3.4285714285714284,4.0,0.5714285714285714,6,0.5,0.5,3,False,False,True,3plus_switch,0.5946035575013605,0.9583376,0.9583376,0.9583376
452,education,EN-HN-EN-EN-EN-HN-HN,3,3,"[1, 2, 3]",base_tf,exam ka seating arrangement notice late aaya,seating arrangement notice late aaya exam ka,,,,7,7,0,7,1.0,True,2.857142857142857,5.0,0.47619047619047616,4,0.5,0.5,3,True,False,False,3plus_switch,0.7071067811865476,0.953221,0.9532211,0.953221
452,education,EN-HN-EN-EN-EN-HN-HN,3,3,"[1, 2, 3]",base_es,exam ka seating arrangement notice late aaya,late aaya exam ka seating arrangement notice,,,,7,7,0,7,1.0,True,2.857142857142857,5.0,0.47619047619047616,4,0.5,0.5,3,False,True,False,3plus_switch,0.7071067811865476,0.9618379,0.9618379,0.9618379
452,education,EN-HN-EN-EN-EN-HN-HN,3,3,"[1, 2, 3]",tf_es,seating arrangement notice late aaya exam ka,late aaya exam ka seating arrangement notice,,,,7,7,0,7,1.0,True,3.4285714285714284,4.0,0.5714285714285714,6,0.5,0.5,3,False,False,True,3plus_switch,0.5946035575013605,0.94988346,0.9498835,0.9498835
453,education,EN-HN-EN-EN-EN-EN-HN,2,4,"[1, 2, 3, 4]",base_tf,course ka prerequisite document clearly mention tha,prerequisite document clearly mention tha course ka,,,,7,7,0,7,1.0,True,2.857142857142857,5.0,0.47619047619047616,4,0.6666666666666666,0.3333333333333333,4,True,False,False,3plus_switch,0.7071067811865476,0.9291594,0.9302387,0.92969877
453,education,EN-HN-EN-EN-EN-EN-HN,2,4,"[1, 2, 3, 4]",base_es,course ka prerequisite document clearly mention tha,clearly mention tha course ka prerequisite document,,,,7,7,0,7,1.0,True,3.4285714285714284,4.0,0.5714285714285714,6,0.6666666666666666,0.3333333333333333,4,False,True,False,3plus_switch,0.5946035575013605,0.9539222,0.9539222,0.9539222
453,education,EN-HN-EN-EN-EN-EN-HN,2,4,"[1, 2, 3, 4]",tf_es,prerequisite document clearly mention tha course ka,clearly mention tha course ka prerequisite document,,,,7,7,0,7,1.0,True,2.857142857142857,5.0,0.47619047619047616,4,0.6666666666666666,0.3333333333333333,4,False,False,True,3plus_switch,0.7071067811865476,0.9385911,0.9385911,0.9385911
454,education,EN-HN-EN-EN-EN-HN,2,3,"[1, 2, 3]",base_tf,tutorial ka practice sheet helpful lagi,practice sheet helpful lagi tutorial ka,,,,6,6,0,6,1.0,True,2.6666666666666665,4.0,0.5333333333333333,4,0.6,0.4,3,True,False,False,3plus_switch,0.6042750794713536,0.9636066,0.9636066,0.9636066
454,education,EN-HN-EN-EN-EN-HN,2,3,"[1, 2, 3]",base_es,tutorial ka practice sheet helpful lagi,helpful lagi tutorial ka practice sheet,,,,6,6,0,6,1.0,True,2.6666666666666665,4.0,0.5333333333333333,4,0.6,0.4,3,False,True,False,3plus_switch,0.6042750794713536,0.9625722,0.9625722,0.9625722
454,education,EN-HN-EN-EN-EN-HN,2,3,"[1, 2, 3]",tf_es,practice sheet helpful lagi tutorial ka,helpful lagi tutorial ka practice sheet,,,,6,6,0,6,1.0,True,2.6666666666666665,4.0,0.5333333333333333,4,0.6,0.4,3,False,False,True,3plus_switch,0.6042750794713536,0.95603573,0.95603573,0.95603573
455,education,EN-HN-EN-EN-EN-HN-HN,3,3,"[1, 2, 3]",base_tf,lab ka safety instruction board visible nahi,safety instruction board visible nahi lab ka,,,,7,7,0,7,1.0,True,2.857142857142857,5.0,0.47619047619047616,4,0.5,0.5,3,True,False,False,3plus_switch,0.7071067811865476,0.9649434,0.9649434,0.9649434
455,education,EN-HN-EN-EN-EN-HN-HN,3,3,"[1, 2, 3]",base_es,lab ka safety instruction board visible nahi,visible nahi lab ka safety instruction board,,,,7,7,0,7,1.0,True,2.857142857142857,5.0,0.47619047619047616,4,0.5,0.5,3,False,True,False,3plus_switch,0.7071067811865476,0.95734406,0.95734406,0.95734406
455,education,EN-HN-EN-EN-EN-HN-HN,3,3,"[1, 2, 3]",tf_es,safety instruction board visible nahi lab ka,visible nahi lab ka safety instruction board,,,,7,7,0,7,1.0,True,3.4285714285714284,4.0,0.5714285714285714,6,0.5,0.5,3,False,False,True,3plus_switch,0.5946035575013605,0.96353877,0.96353877,0.96353877
456,education,EN-HN-EN-EN-EN-EN-HN,2,4,"[1, 2, 3, 4]",base_tf,syllabus ka mid semester split balanced laga,mid semester split balanced laga syllabus ka,,,,7,7,0,7,1.0,True,2.857142857142857,5.0,0.47619047619047616,4,0.6666666666666666,0.3333333333333333,4,True,False,False,3plus_switch,0.7071067811865476,0.9531033,0.95310336,0.95310336
456,education,EN-HN-EN-EN-EN-EN-HN,2,4,"[1, 2, 3, 4]",base_es,syllabus ka mid semester split balanced laga,balanced laga syllabus ka mid semester split,,,,7,7,0,7,1.0,True,2.857142857142857,5.0,0.47619047619047616,4,0.6666666666666666,0.3333333333333333,4,False,True,False,3plus_switch,0.7071067811865476,0.9562855,0.9562855,0.9562855
456,education,EN-HN-EN-EN-EN-EN-HN,2,4,"[1, 2, 3, 4]",tf_es,mid semester split balanced laga syllabus ka,balanced laga syllabus ka mid semester split,,,,7,7,0,7,1.0,True,3.4285714285714284,4.0,0.5714285714285714,6,0.6666666666666666,0.3333333333333333,4,False,False,True,3plus_switch,0.5946035575013605,0.96558666,0.9655866,0.9655866
457,education,EN-HN-EN-EN-EN-HN,2,3,"[1, 2, 3]",base_tf,project ka evaluation panel external tha,evaluation panel external tha project ka,,,,6,6,0,6,1.0,True,2.6666666666666665,4.0,0.5333333333333333,4,0.6,0.4,3,True,False,False,3plus_switch,0.6042750794713536,0.9645243,0.9645243,0.9645244
457,education,EN-HN-EN-EN-EN-HN,2,3,"[1, 2, 3]",base_es,project ka evaluation panel external tha,external tha project ka evaluation panel,,,,6,6,0,6,1.0,True,2.6666666666666665,4.0,0.5333333333333333,4,0.6,0.4,3,False,True,False,3plus_switch,0.6042750794713536,0.9663561,0.9663561,0.9663561
457,education,EN-HN-EN-EN-EN-HN,2,3,"[1, 2, 3]",tf_es,evaluation panel external tha project ka,external tha project ka evaluation panel,,,,6,6,0,6,1.0,True,2.6666666666666665,4.0,0.5333333333333333,4,0.6,0.4,3,False,False,True,3plus_switch,0.6042750794713536,0.9628104,0.9628104,0.9628104
458,education,EN-HN-EN-EN-EN-HN,2,3,"[1, 2, 3]",base_tf,seminar ka attendance mandatory mention hua,attendance mandatory mention hua seminar ka,,,,6,6,0,6,1.0,True,2.6666666666666665,4.0,0.5333333333333333,4,0.6,0.4,3,True,False,False,3plus_switch,0.6042750794713536,0.9495379,0.9509769,0.9502568
458,education,EN-HN-EN-EN-EN-HN,2,3,"[1, 2, 3]",base_es,seminar ka attendance mandatory mention hua,mandatory mention hua seminar ka attendance,,,,6,6,0,6,1.0,True,3.0,3.0,0.6,6,0.6,0.4,3,False,True,False,3plus_switch,0.3931466788228678,0.94095063,0.9428262,0.94188744
458,education,EN-HN-EN-EN-EN-HN,2,3,"[1, 2, 3]",tf_es,attendance mandatory mention hua seminar ka,mandatory mention hua seminar ka attendance,,,,6,6,0,6,1.0,True,1.6666666666666667,5.0,0.3333333333333333,2,0.6,0.4,3,False,False,True,3plus_switch,0.7952707287670506,0.959821,0.959821,0.959821
459,education,EN-EN-HN-EN-EN-EN-HN,2,4,"[0, 2, 3, 4]",base_tf,online quiz ka timer unexpectedly reset hua,quiz ka timer unexpectedly reset hua online,,,,7,7,0,7,1.0,True,1.7142857142857142,6.0,0.2857142857142857,2,0.6666666666666666,0.3333333333333333,4,True,False,False,3plus_switch,0.8408964152537146,0.9743528,0.9743528,0.9743528
459,education,EN-EN-HN-EN-EN-EN-HN,2,4,"[0, 2, 3, 4]",base_es,online quiz ka timer unexpectedly reset hua,unexpectedly reset hua online quiz ka timer,,,,7,7,0,7,1.0,True,3.4285714285714284,4.0,0.5714285714285714,6,0.6666666666666666,0.3333333333333333,4,False,True,False,3plus_switch,0.5946035575013605,0.9444992,0.9444992,0.94449925
459,education,EN-EN-HN-EN-EN-EN-HN,2,4,"[0, 2, 3, 4]",tf_es,quiz ka timer unexpectedly reset hua online,unexpectedly reset hua online quiz ka timer,,,,7,7,0,7,1.0,True,3.4285714285714284,4.0,0.5714285714285714,6,0.6666666666666666,0.3333333333333333,4,False,False,True,3plus_switch,0.5946035575013605,0.94720507,0.94720507,0.94720507
460,education,EN-HN-EN-EN-HN-HN,3,2,"[1, 2]",base_tf,class ka participation score calculate hoga,participation score calculate hoga class ka,,,,6,6,0,6,1.0,True,2.6666666666666665,4.0,0.5333333333333333,4,0.4,0.6,2,True,False,False,2_switch,0.6042750794713536,0.9720958,0.9720957,0.9720958
460,education,EN-HN-EN-EN-HN-HN,3,2,"[1, 2]",base_es,class ka participation score calculate hoga,calculate hoga class ka participation score,,,,6,6,0,6,1.0,True,2.6666666666666665,4.0,0.5333333333333333,4,0.4,0.6,2,False,True,False,2_switch,0.6042750794713536,0.9642416,0.9642416,0.9642416
460,education,EN-HN-EN-EN-HN-HN,3,2,"[1, 2]",tf_es,participation score calculate hoga class ka,calculate hoga class ka participation score,,,,6,6,0,6,1.0,True,2.6666666666666665,4.0,0.5333333333333333,4,0.4,0.6,2,False,False,True,2_switch,0.6042750794713536,0.9712333,0.9712333,0.9712333
461,household,EN-HN-EN-EN-EN-HN-HN,3,3,"[1, 2, 3]",base_tf,society ka security guard shift change hua,security guard shift change hua society ka,,,,7,7,0,7,1.0,True,2.857142857142857,5.0,0.47619047619047616,4,0.5,0.5,3,True,False,False,3plus_switch,0.7071067811865476,0.93637776,0.9363777,0.9363777
461,household,EN-HN-EN-EN-EN-HN-HN,3,3,"[1, 2, 3]",base_es,society ka security guard shift change hua,shift change hua society ka security guard,,,,7,7,0,7,1.0,True,3.4285714285714284,4.0,0.5714285714285714,6,0.5,0.5,3,False,True,False,3plus_switch,0.5946035575013605,0.93702257,0.93702257,0.93702257
461,household,EN-HN-EN-EN-EN-HN-HN,3,3,"[1, 2, 3]",tf_es,security guard shift change hua society ka,shift change hua society ka security guard,,,,7,7,0,7,1.0,True,2.857142857142857,5.0,0.47619047619047616,4,0.5,0.5,3,False,False,True,3plus_switch,0.7071067811865476,0.96365625,0.9636563,0.96365625
462,household,EN-HN-EN-EN-EN-EN-HN,2,4,"[1, 2, 3, 4]",base_tf,building ka fire drill notice circulate hua,fire drill notice circulate hua building ka,,,,7,7,0,7,1.0,True,2.857142857142857,5.0,0.47619047619047616,4,0.6666666666666666,0.3333333333333333,4,True,False,False,3plus_switch,0.7071067811865476,0.95251346,0.95251346,0.95251346
462,household,EN-HN-EN-EN-EN-EN-HN,2,4,"[1, 2, 3, 4]",base_es,building ka fire drill notice circulate hua,circulate hua building ka fire drill notice,,,,7,7,0,7,1.0,True,2.857142857142857,5.0,0.47619047619047616,4,0.6666666666666666,0.3333333333333333,4,False,True,False,3plus_switch,0.7071067811865476,0.9390464,0.9406123,0.9398287
462,household,EN-HN-EN-EN-EN-EN-HN,2,4,"[1, 2, 3, 4]",tf_es,fire drill notice circulate hua building ka,circulate hua building ka fire drill notice,,,,7,7,0,7,1.0,True,3.4285714285714284,4.0,0.5714285714285714,6,0.6666666666666666,0.3333333333333333,4,False,False,True,3plus_switch,0.5946035575013605,0.95278895,0.95278895,0.95278895
463,household,EN-HN-EN-EN-EN-EN-HN,2,4,"[1, 2, 3, 4]",base_tf,parking ka visitor entry register missing tha,visitor entry register missing tha parking ka,,,,7,7,0,7,1.0,True,2.857142857142857,5.0,0.47619047619047616,4,0.6666666666666666,0.3333333333333333,4,True,False,False,3plus_switch,0.7071067811865476,0.9668646,0.9668646,0.9668646
463,household,EN-HN-EN-EN-EN-EN-HN,2,4,"[1, 2, 3, 4]",base_es,parking ka visitor entry register missing tha,missing tha parking ka visitor entry register,,,,7,7,0,7,1.0,True,2.857142857142857,5.0,0.47619047619047616,4,0.6666666666666666,0.3333333333333333,4,False,True,False,3plus_switch,0.7071067811865476,0.9672286,0.9672286,0.9672286
463,household,EN-HN-EN-EN-EN-EN-HN,2,4,"[1, 2, 3, 4]",tf_es,visitor entry register missing tha parking ka,missing tha parking ka visitor entry register,,,,7,7,0,7,1.0,True,3.4285714285714284,4.0,0.5714285714285714,6,0.6666666666666666,0.3333333333333333,4,False,False,True,3plus_switch,0.5946035575013605,0.96227807,0.96227807,0.96227807
464,household,EN-HN-EN-EN-EN-EN-HN,2,4,"[1, 2, 3, 4]",base_tf,water tank ka cleaning schedule announced hua,cleaning schedule announced hua water tank ka,,,,7,7,0,7,1.0,True,3.4285714285714284,4.0,0.5714285714285714,6,0.6666666666666666,0.3333333333333333,4,True,False,False,3plus_switch,0.5946035575013605,0.9471332,0.9471331,0.9471331
464,household,EN-HN-EN-EN-EN-EN-HN,2,4,"[1, 2, 3, 4]",base_es,water tank ka cleaning schedule announced hua,announced hua water tank ka cleaning schedule,,,,7,7,0,7,1.0,True,2.857142857142857,5.0,0.47619047619047616,4,0.6666666666666666,0.3333333333333333,4,False,True,False,3plus_switch,0.7071067811865476,0.9582325,0.9582325,0.9582325
464,household,EN-HN-EN-EN-EN-EN-HN,2,4,"[1, 2, 3, 4]",tf_es,cleaning schedule announced hua water tank ka,announced hua water tank ka cleaning schedule,,,,7,7,0,7,1.0,True,2.857142857142857,5.0,0.47619047619047616,4,0.6666666666666666,0.3333333333333333,4,False,False,True,3plus_switch,0.7071067811865476,0.96441627,0.96441627,0.96441627
465,household,EN-HN-EN-EN-EN-HN,2,3,"[1, 2, 3]",base_tf,apartment ka maintenance bill generate hua,maintenance bill generate hua apartment ka,,,,6,6,0,6,1.0,True,2.6666666666666665,4.0,0.5333333333333333,4,0.6,0.4,3,True,False,False,3plus_switch,0.6042750794713536,0.9624039,0.9624039,0.9624039
465,household,EN-HN-EN-EN-EN-HN,2,3,"[1, 2, 3]",base_es,apartment ka maintenance bill generate hua,generate hua apartment ka maintenance bill,,,,6,6,0,6,1.0,True,2.6666666666666665,4.0,0.5333333333333333,4,0.6,0.4,3,False,True,False,3plus_switch,0.6042750794713536,0.95063674,0.95063674,0.95063674
465,household,EN-HN-EN-EN-EN-HN,2,3,"[1, 2, 3]",tf_es,maintenance bill generate hua apartment ka,generate hua apartment ka maintenance bill,,,,6,6,0,6,1.0,True,2.6666666666666665,4.0,0.5333333333333333,4,0.6,0.4,3,False,False,True,3plus_switch,0.6042750794713536,0.9601277,0.9601277,0.9601277
466,household,EN-HN-EN-EN-HN-HN,3,2,"[1, 2]",base_tf,staircase ka emergency light working nahi,emergency light working nahi staircase ka,,,,6,6,0,6,1.0,True,2.6666666666666665,4.0,0.5333333333333333,4,0.4,0.6,2,True,False,False,2_switch,0.6042750794713536,0.9680136,0.9680136,0.9680136
466,household,EN-HN-EN-EN-HN-HN,3,2,"[1, 2]",base_es,staircase ka emergency light working nahi,working nahi staircase ka emergency light,,,,6,6,0,6,1.0,True,2.6666666666666665,4.0,0.5333333333333333,4,0.4,0.6,2,False,True,False,2_switch,0.6042750794713536,0.96887887,0.96887887,0.96887887
466,household,EN-HN-EN-EN-HN-HN,3,2,"[1, 2]",tf_es,emergency light working nahi staircase ka,working nahi staircase ka emergency light,,,,6,6,0,6,1.0,True,2.6666666666666665,4.0,0.5333333333333333,4,0.4,0.6,2,False,False,True,2_switch,0.6042750794713536,0.96996063,0.9699607,0.96996063
467,household,EN-HN-EN-EN-EN-EN-HN,2,4,"[1, 2, 3, 4]",base_tf,gate ka access card temporarily deactivate hua,access card temporarily deactivate hua gate ka,,,,7,7,0,7,1.0,True,2.857142857142857,5.0,0.47619047619047616,4,0.6666666666666666,0.3333333333333333,4,True,False,False,3plus_switch,0.7071067811865476,0.96346235,0.96346235,0.96346235
467,household,EN-HN-EN-EN-EN-EN-HN,2,4,"[1, 2, 3, 4]",base_es,gate ka access card temporarily deactivate hua,temporarily deactivate hua gate ka access card,,,,7,7,0,7,1.0,True,3.4285714285714284,4.0,0.5714285714285714,6,0.6666666666666666,0.3333333333333333,4,False,True,False,3plus_switch,0.5946035575013605,0.95987344,0.95987344,0.95987344
467,household,EN-HN-EN-EN-EN-EN-HN,2,4,"[1, 2, 3, 4]",tf_es,access card temporarily deactivate hua gate ka,temporarily deactivate hua gate ka access card,,,,7,7,0,7,1.0,True,2.857142857142857,5.0,0.47619047619047616,4,0.6666666666666666,0.3333333333333333,4,False,False,True,3plus_switch,0.7071067811865476,0.9747175,0.9747175,0.9747175
468,household,EN-HN-EN-EN-EN-HN-HN,3,3,"[1, 2, 3]",base_tf,elevator ka weight sensor malfunction kar raha,weight sensor malfunction kar raha elevator ka,,,,7,7,0,7,1.0,True,2.857142857142857,5.0,0.47619047619047616,4,0.5,0.5,3,True,False,False,3plus_switch,0.7071067811865476,0.9522096,0.9522096,0.9522096
468,household,EN-HN-EN-EN-EN-HN-HN,3,3,"[1, 2, 3]",base_es,elevator ka weight sensor malfunction kar raha,malfunction kar raha elevator ka weight sensor,,,,7,7,0,7,1.0,True,3.4285714285714284,4.0,0.5714285714285714,6,0.5,0.5,3,False,True,False,3plus_switch,0.5946035575013605,0.94806725,0.94806725,0.94806725
468,household,EN-HN-EN-EN-EN-HN-HN,3,3,"[1, 2, 3]",tf_es,weight sensor malfunction kar raha elevator ka,malfunction kar raha elevator ka weight sensor,,,,7,7,0,7,1.0,True,2.857142857142857,5.0,0.47619047619047616,4,0.5,0.5,3,False,False,True,3plus_switch,0.7071067811865476,0.96701473,0.9670147,0.96701473
469,household,EN-HN-EN-EN-EN-HN,2,3,"[1, 2, 3]",base_tf,corridor ka lighting level insufficient laga,lighting level insufficient laga corridor ka,,,,6,6,0,6,1.0,True,2.6666666666666665,4.0,0.5333333333333333,4,0.6,0.4,3,True,False,False,3plus_switch,0.6042750794713536,0.9512842,0.9512842,0.9512842
469,household,EN-HN-EN-EN-EN-HN,2,3,"[1, 2, 3]",base_es,corridor ka lighting level insufficient laga,insufficient laga corridor ka lighting level,,,,6,6,0,6,1.0,True,2.6666666666666665,4.0,0.5333333333333333,4,0.6,0.4,3,False,True,False,3plus_switch,0.6042750794713536,0.9604873,0.96048725,0.96048737
469,household,EN-HN-EN-EN-EN-HN,2,3,"[1, 2, 3]",tf_es,lighting level insufficient laga corridor ka,insufficient laga corridor ka lighting level,,,,6,6,0,6,1.0,True,2.6666666666666665,4.0,0.5333333333333333,4,0.6,0.4,3,False,False,True,3plus_switch,0.6042750794713536,0.9617946,0.9617946,0.9617946
470,household,EN-HN-EN-EN-EN-EN-HN,2,4,"[1, 2, 3, 4]",base_tf,water purifier ka filter replacement due hai,filter replacement due hai water purifier ka,,,,7,7,0,7,1.0,True,3.4285714285714284,4.0,0.5714285714285714,6,0.6666666666666666,0.3333333333333333,4,True,False,False,3plus_switch,0.5946035575013605,0.97054666,0.9705466,0.97054666
470,household,EN-HN-EN-EN-EN-EN-HN,2,4,"[1, 2, 3, 4]",base_es,water purifier ka filter replacement due hai,due hai water purifier ka filter replacement,,,,7,7,0,7,1.0,True,2.857142857142857,5.0,0.47619047619047616,4,0.6666666666666666,0.3333333333333333,4,False,True,False,3plus_switch,0.7071067811865476,0.97189224,0.9718923,0.9718923
470,household,EN-HN-EN-EN-EN-EN-HN,2,4,"[1, 2, 3, 4]",tf_es,filter replacement due hai water purifier ka,due hai water purifier ka filter replacement,,,,7,7,0,7,1.0,True,2.857142857142857,5.0,0.47619047619047616,4,0.6666666666666666,0.3333333333333333,4,False,False,True,3plus_switch,0.7071067811865476,0.9622195,0.9622195,0.9622195
471,digital,EN-EN-EN-HN-HN-HN,3,3,"[0, 1, 2]",base_tf,music app ka equalizer preset change hua,equalizer preset change hua music app ka,,,,7,7,0,7,1.0,True,3.4285714285714284,4.0,0.5714285714285714,6,0.5,0.5,3,True,False,False,3plus_switch,0.5946035575013605,0.9611854,0.96118546,0.9611854
471,digital,EN-EN-EN-HN-HN-HN,3,3,"[0, 1, 2]",base_es,music app ka equalizer preset change hua,change hua music app ka equalizer preset,,,,7,7,0,7,1.0,True,2.857142857142857,5.0,0.47619047619047616,4,0.5,0.5,3,False,True,False,3plus_switch,0.7071067811865476,0.9673202,0.9673202,0.9673202
471,digital,EN-EN-EN-HN-HN-HN,3,3,"[0, 1, 2]",tf_es,equalizer preset change hua music app ka,change hua music app ka equalizer preset,,,,7,7,0,7,1.0,True,2.857142857142857,5.0,0.47619047619047616,4,0.5,0.5,3,False,False,True,3plus_switch,0.7071067811865476,0.95808864,0.95808864,0.95808864
472,digital,EN-EN-EN-EN-HN-HN,2,4,"[0, 1, 2, 3]",base_tf,cloud storage ka sync delay noticeable tha,sync delay noticeable tha cloud storage ka,,,,7,7,0,7,1.0,True,3.4285714285714284,4.0,0.5714285714285714,6,0.6666666666666666,0.3333333333333333,4,True,False,False,3plus_switch,0.5946035575013605,0.96214616,0.96214616,0.96214616
472,digital,EN-EN-EN-EN-HN-HN,2,4,"[0, 1, 2, 3]",base_es,cloud storage ka sync delay noticeable tha,noticeable tha cloud storage ka sync delay,,,,7,7,0,7,1.0,True,2.857142857142857,5.0,0.47619047619047616,4,0.6666666666666666,0.3333333333333333,4,False,True,False,3plus_switch,0.7071067811865476,0.9690545,0.96905446,0.9690545
472,digital,EN-EN-EN-EN-HN-HN,2,4,"[0, 1, 2, 3]",tf_es,sync delay noticeable tha cloud storage ka,noticeable tha cloud storage ka sync delay,,,,7,7,0,7,1.0,True,2.857142857142857,5.0,0.47619047619047616,4,0.6666666666666666,0.3333333333333333,4,False,False,True,3plus_switch,0.7071067811865476,0.96504503,0.96504503,0.96504503
473,digital,EN-HN-EN-EN-EN-EN-HN-HN,3,4,"[1, 2, 3, 4]",base_tf,browser ka extension update automatically install hua,extension update automatically install hua browser ka,,,,7,7,0,7,1.0,True,2.857142857142857,5.0,0.47619047619047616,4,0.5714285714285714,0.42857142857142855,4,True,False,False,3plus_switch,0.7071067811865476,0.9647696,0.9647696,0.9647696
473,digital,EN-HN-EN-EN-EN-EN-HN-HN,3,4,"[1, 2, 3, 4]",base_es,browser ka extension update automatically install hua,automatically install hua browser ka extension update,,,,7,7,0,7,1.0,True,3.4285714285714284,4.0,0.5714285714285714,6,0.5714285714285714,0.42857142857142855,4,False,True,False,3plus_switch,0.5946035575013605,0.9631922,0.9631923,0.9631923
473,digital,EN-HN-EN-EN-EN-EN-HN-HN,3,4,"[1, 2, 3, 4]",tf_es,extension update automatically install hua browser ka,automatically install hua browser ka extension update,,,,7,7,0,7,1.0,True,2.857142857142857,5.0,0.47619047619047616,4,0.5714285714285714,0.42857142857142855,4,False,False,True,3plus_switch,0.7071067811865476,0.9730478,0.9730478,0.9730478
474,digital,EN-HN-EN-EN-HN-HN,3,2,"[1, 2]",base_tf,phone ka screen calibration off lag raha,screen calibration off lag raha phone ka,,,,7,7,0,7,1.0,True,2.857142857142857,5.0,0.47619047619047616,4,0.4,0.6,2,True,False,False,2_switch,0.7071067811865476,0.9615514,0.9615513,0.96155137
474,digital,EN-HN-EN-EN-HN-HN,3,2,"[1, 2]",base_es,phone ka screen calibration off lag raha,off lag raha phone ka screen calibration,,,,7,7,0,7,1.0,True,3.4285714285714284,4.0,0.5714285714285714,6,0.4,0.6,2,False,True,False,2_switch,0.5946035575013605,0.96098834,0.96098834,0.96098834
474,digital,EN-HN-EN-EN-HN-HN,3,2,"[1, 2]",tf_es,screen calibration off lag raha phone ka,off lag raha phone ka screen calibration,,,,7,7,0,7,1.0,True,2.857142857142857,5.0,0.47619047619047616,4,0.4,0.6,2,False,False,True,2_switch,0.7071067811865476,0.9535043,0.9535043,0.9535043
475,digital,EN-HN-EN-EN-EN-HN-HN,3,3,"[1, 2, 3]",base_tf,system ka startup time noticeably increase hua,startup time noticeably increase hua system ka,,,,7,7,0,7,1.0,True,2.857142857142857,5.0,0.47619047619047616,4,0.5,0.5,3,True,False,False,3plus_switch,0.7071067811865476,0.9572494,0.9572494,0.9572494
475,digital,EN-HN-EN-EN-EN-HN-HN,3,3,"[1, 2, 3]",base_es,system ka startup time noticeably increase hua,noticeably increase hua system ka startup time,,,,7,7,0,7,1.0,True,3.4285714285714284,4.0,0.5714285714285714,6,0.5,0.5,3,False,True,False,3plus_switch,0.5946035575013605,0.95039797,0.95039797,0.95039797
475,digital,EN-HN-EN-EN-EN-HN-HN,3,3,"[1, 2, 3]",tf_es,startup time noticeably increase hua system ka,noticeably increase hua system ka startup time,,,,7,7,0,7,1.0,True,2.857142857142857,5.0,0.47619047619047616,4,0.5,0.5,3,False,False,True,3plus_switch,0.7071067811865476,0.945922,0.945922,0.945922
476,education,EN-HN-EN-EN-EN-HN-HN-HN,4,3,"[1, 2, 3]",base_tf,exam ka result announcement date shift ho gaya,result announcement date shift ho gaya exam ka,,,,8,8,0,8,1.0,True,3.0,6.0,0.42857142857142855,4,0.42857142857142855,0.5714285714285714,3,True,False,False,3plus_switch,0.7652058832556895,0.9632263,0.9632263,0.9632263
476,education,EN-HN-EN-EN-EN-HN-HN-HN,4,3,"[1, 2, 3]",base_es,exam ka result announcement date shift ho gaya,shift ho gaya exam ka result announcement date,,,,8,8,0,8,1.0,True,3.75,5.0,0.5357142857142857,6,0.42857142857142855,0.5714285714285714,3,False,True,False,3plus_switch,0.691441569283882,0.9580487,0.9580487,0.9580487
476,education,EN-HN-EN-EN-EN-HN-HN-HN,4,3,"[1, 2, 3]",tf_es,result announcement date shift ho gaya exam ka,shift ho gaya exam ka result announcement date,,,,8,8,0,8,1.0,True,3.75,5.0,0.5357142857142857,6,0.42857142857142855,0.5714285714285714,3,False,False,True,3plus_switch,0.691441569283882,0.95804346,0.95804346,0.95804346
477,education,EN-HN-EN-EN-EN-HN,2,3,"[1, 2, 3]",base_tf,course ka feedback form anonymous raha,feedback form anonymous raha course ka,,,,6,6,0,6,1.0,True,2.6666666666666665,4.0,0.5333333333333333,4,0.6,0.4,3,True,False,False,3plus_switch,0.6042750794713536,0.9616678,0.9616678,0.9616678
477,education,EN-HN-EN-EN-EN-HN,2,3,"[1, 2, 3]",base_es,course ka feedback form anonymous raha,anonymous raha course ka feedback form,,,,6,6,0,6,1.0,True,2.6666666666666665,4.0,0.5333333333333333,4,0.6,0.4,3,False,True,False,3plus_switch,0.6042750794713536,0.96181774,0.9618178,0.9618178
477,education,EN-HN-EN-EN-EN-HN,2,3,"[1, 2, 3]",tf_es,feedback form anonymous raha course ka,anonymous raha course ka feedback form,,,,6,6,0,6,1.0,True,2.6666666666666665,4.0,0.5333333333333333,4,0.6,0.4,3,False,False,True,3plus_switch,0.6042750794713536,0.9699581,0.9699581,0.9699581
478,education,EN-HN-EN-EN-EN-EN-HN-HN,3,4,"[1, 2, 3, 4]",base_tf,lecture ka slide deck revised version upload hua,slide deck revised version upload hua lecture ka,,,,8,8,0,8,1.0,True,3.0,6.0,0.42857142857142855,4,0.5714285714285714,0.42857142857142855,4,True,False,False,3plus_switch,0.7652058832556895,0.97026,0.9702601,0.9702601
478,education,EN-HN-EN-EN-EN-EN-HN-HN,3,4,"[1, 2, 3, 4]",base_es,lecture ka slide deck revised version upload hua,revised version upload hua lecture ka slide deck,,,,8,8,0,8,1.0,True,4.0,4.0,0.5714285714285714,8,0.5714285714285714,0.42857142857142855,4,False,True,False,3plus_switch,0.691441569283882,0.94846344,0.94846344,0.94846344
478,education,EN-HN-EN-EN-EN-EN-HN-HN,3,4,"[1, 2, 3, 4]",tf_es,slide deck revised version upload hua lecture ka,revised version upload hua lecture ka slide deck,,,,8,8,0,8,1.0,True,3.0,6.0,0.42857142857142855,4,0.5714285714285714,0.42857142857142855,4,False,False,True,3plus_switch,0.7652058832556895,0.9608933,0.9608933,0.9608933
479,education,EN-HN-EN-EN-EN-EN-HN,2,4,"[1, 2, 3, 4]",base_tf,lab ka experiment procedure clearly document tha,experiment procedure clearly document tha lab ka,,,,7,7,0,7,1.0,True,2.857142857142857,5.0,0.47619047619047616,4,0.6666666666666666,0.3333333333333333,4,True,False,False,3plus_switch,0.7071067811865476,0.9517827,0.95178264,0.95178264
479,education,EN-HN-EN-EN-EN-EN-HN,2,4,"[1, 2, 3, 4]",base_es,lab ka experiment procedure clearly document tha,clearly document tha lab ka experiment procedure,,,,7,7,0,7,1.0,True,3.4285714285714284,4.0,0.5714285714285714,6,0.6666666666666666,0.3333333333333333,4,False,True,False,3plus_switch,0.5946035575013605,0.9561039,0.9561039,0.9561039
479,education,EN-HN-EN-EN-EN-EN-HN,2,4,"[1, 2, 3, 4]",tf_es,experiment procedure clearly document tha lab ka,clearly document tha lab ka experiment procedure,,,,7,7,0,7,1.0,True,2.857142857142857,5.0,0.47619047619047616,4,0.6666666666666666,0.3333333333333333,4,False,False,True,3plus_switch,0.7071067811865476,0.9561618,0.95545435,0.955808
480,education,EN-HN-EN-EN-EN-HN-HN,3,3,"[1, 2, 3]",base_tf,assignment ka late penalty policy strict hai,late penalty policy strict hai assignment ka,,,,7,7,0,7,1.0,True,2.857142857142857,5.0,0.47619047619047616,4,0.5,0.5,3,True,False,False,3plus_switch,0.7071067811865476,0.96594584,0.96594584,0.96594584
480,education,EN-HN-EN-EN-EN-HN-HN,3,3,"[1, 2, 3]",base_es,assignment ka late penalty policy strict hai,strict hai assignment ka late penalty policy,,,,7,7,0,7,1.0,True,2.857142857142857,5.0,0.47619047619047616,4,0.5,0.5,3,False,True,False,3plus_switch,0.7071067811865476,0.9650734,0.9650734,0.9650734
480,education,EN-HN-EN-EN-EN-HN-HN,3,3,"[1, 2, 3]",tf_es,late penalty policy strict hai assignment ka,strict hai assignment ka late penalty policy,,,,7,7,0,7,1.0,True,3.4285714285714284,4.0,0.5714285714285714,6,0.5,0.5,3,False,False,True,3plus_switch,0.5946035575013605,0.9557537,0.9557537,0.9557537
481,household,EN-HN-EN-EN-EN-HN-HN,3,3,"[1, 2, 3]",base_tf,apartment ka water leakage complaint register hua,water leakage complaint register hua apartment ka,,,,7,7,0,7,1.0,True,2.857142857142857,5.0,0.47619047619047616,4,0.5,0.5,3,True,False,False,3plus_switch,0.7071067811865476,0.96672523,0.96672523,0.96672523
481,household,EN-HN-EN-EN-EN-HN-HN,3,3,"[1, 2, 3]",base_es,apartment ka water leakage complaint register hua,register hua apartment ka water leakage complaint,,,,7,7,0,7,1.0,True,2.857142857142857,5.0,0.47619047619047616,4,0.5,0.5,3,False,True,False,3plus_switch,0.7071067811865476,0.9666643,0.9666643,0.9666643
481,household,EN-HN-EN-EN-EN-HN-HN,3,3,"[1, 2, 3]",tf_es,water leakage complaint register hua apartment ka,register hua apartment ka water leakage complaint,,,,7,7,0,7,1.0,True,3.4285714285714284,4.0,0.5714285714285714,6,0.5,0.5,3,False,False,True,3plus_switch,0.5946035575013605,0.9592179,0.9592179,0.95921797
482,household,EN-EN-EN-HN-HN-HN,3,3,"[0, 1, 2]",base_tf,society ka CCTV footage access restricted hai,CCTV footage access restricted hai society ka,,,,7,7,0,7,1.0,True,2.857142857142857,5.0,0.47619047619047616,4,0.5,0.5,3,True,False,False,3plus_switch,0.7071067811865476,0.971641,0.971641,0.971641
482,household,EN-EN-EN-HN-HN-HN,3,3,"[0, 1, 2]",base_es,society ka CCTV footage access restricted hai,restricted hai society ka CCTV footage access,,,,7,7,0,7,1.0,True,2.857142857142857,5.0,0.47619047619047616,4,0.5,0.5,3,False,True,False,3plus_switch,0.7071067811865476,0.9697809,0.969781,0.969781
482,household,EN-EN-EN-HN-HN-HN,3,3,"[0, 1, 2]",tf_es,CCTV footage access restricted hai society ka,restricted hai society ka CCTV footage access,,,,7,7,0,7,1.0,True,3.4285714285714284,4.0,0.5714285714285714,6,0.5,0.5,3,False,False,True,3plus_switch,0.5946035575013605,0.96507245,0.9650724,0.96507245
483,household,EN-HN-EN-EN-EN-HN-HN,3,3,"[1, 2, 3]",base_tf,parking ka reserved slot clearly mark nahi tha,reserved slot clearly mark nahi tha parking ka,,,,8,8,0,8,1.0,True,3.0,6.0,0.42857142857142855,4,0.5,0.5,3,True,False,False,3plus_switch,0.7652058832556895,0.9760195,0.9760195,0.9760195
483,household,EN-HN-EN-EN-EN-HN-HN,3,3,"[1, 2, 3]",base_es,parking ka reserved slot clearly mark nahi tha,clearly mark nahi tha parking ka reserved slot,,,,8,8,0,8,1.0,True,4.0,4.0,0.5714285714285714,8,0.5,0.5,3,False,True,False,3plus_switch,0.691441569283882,0.9625119,0.9625119,0.9625119
483,household,EN-HN-EN-EN-EN-HN-HN,3,3,"[1, 2, 3]",tf_es,reserved slot clearly mark nahi tha parking ka,clearly mark nahi tha parking ka reserved slot,,,,8,8,0,8,1.0,True,3.0,6.0,0.42857142857142855,4,0.5,0.5,3,False,False,True,3plus_switch,0.7652058832556895,0.9687998,0.9687998,0.9687998
484,household,EN-HN-EN-EN-EN-HN-HN,3,3,"[1, 2, 3]",base_tf,power backup ka battery health degrade ho raha,battery health degrade ho raha power backup ka,,,,8,8,0,8,1.0,True,3.75,5.0,0.5357142857142857,6,0.5,0.5,3,True,False,False,3plus_switch,0.691441569283882,0.9591727,0.9591727,0.9591727
484,household,EN-HN-EN-EN-EN-HN-HN,3,3,"[1, 2, 3]",base_es,power backup ka battery health degrade ho raha,degrade ho raha power backup ka battery health,,,,8,8,0,8,1.0,True,3.75,5.0,0.5357142857142857,6,0.5,0.5,3,False,True,False,3plus_switch,0.691441569283882,0.9513659,0.9513659,0.9513659
484,household,EN-HN-EN-EN-EN-HN-HN,3,3,"[1, 2, 3]",tf_es,battery health degrade ho raha power backup ka,degrade ho raha power backup ka battery health,,,,8,8,0,8,1.0,True,3.0,6.0,0.42857142857142855,4,0.5,0.5,3,False,False,True,3plus_switch,0.7652058832556895,0.97122574,0.97122574,0.97122574
485,household,EN-HN-EN-EN-EN-HN-HN,3,3,"[1, 2, 3]",base_tf,house ka renovation timeline extend ho gaya,renovation timeline extend ho gaya house ka,,,,7,7,0,7,1.0,True,2.857142857142857,5.0,0.47619047619047616,4,0.5,0.5,3,True,False,False,3plus_switch,0.7071067811865476,0.9557122,0.9557121,0.95571214
485,household,EN-HN-EN-EN-EN-HN-HN,3,3,"[1, 2, 3]",base_es,house ka renovation timeline extend ho gaya,extend ho gaya house ka renovation timeline,,,,7,7,0,7,1.0,True,3.4285714285714284,4.0,0.5714285714285714,6,0.5,0.5,3,False,True,False,3plus_switch,0.5946035575013605,0.9596412,0.9596412,0.9596412
485,household,EN-HN-EN-EN-EN-HN-HN,3,3,"[1, 2, 3]",tf_es,renovation timeline extend ho gaya house ka,extend ho gaya house ka renovation timeline,,,,7,7,0,7,1.0,True,2.857142857142857,5.0,0.47619047619047616,4,0.5,0.5,3,False,False,True,3plus_switch,0.7071067811865476,0.94748,0.9474801,0.94748
486,work,EN-HN-EN-EN-EN-HN-HN,3,3,"[1, 2, 3]",base_tf,team ka sprint planning session productive raha,sprint planning session productive raha team ka,,,,7,7,0,7,1.0,True,2.857142857142857,5.0,0.47619047619047616,4,0.5,0.5,3,True,False,False,3plus_switch,0.7071067811865476,0.96334195,0.96334195,0.96334195
486,work,EN-HN-EN-EN-EN-HN-HN,3,3,"[1, 2, 3]",base_es,team ka sprint planning session productive raha,productive raha team ka sprint planning session,,,,7,7,0,7,1.0,True,2.857142857142857,5.0,0.47619047619047616,4,0.5,0.5,3,False,True,False,3plus_switch,0.7071067811865476,0.95227873,0.95227873,0.95227873
486,work,EN-HN-EN-EN-EN-HN-HN,3,3,"[1, 2, 3]",tf_es,sprint planning session productive raha team ka,productive raha team ka sprint planning session,,,,7,7,0,7,1.0,True,3.4285714285714284,4.0,0.5714285714285714,6,0.5,0.5,3,False,False,True,3plus_switch,0.5946035575013605,0.9653448,0.9653448,0.9653448
487,work,EN-HN-EN-EN-EN-EN-HN-HN,3,4,"[1, 2, 3, 4]",base_tf,project ka risk assessment document update hua,risk assessment document update hua project ka,,,,7,7,0,7,1.0,True,2.857142857142857,5.0,0.47619047619047616,4,0.5714285714285714,0.42857142857142855,4,True,False,False,3plus_switch,0.7071067811865476,0.95434165,0.95434165,0.95434165
487,work,EN-HN-EN-EN-EN-EN-HN-HN,3,4,"[1, 2, 3, 4]",base_es,project ka risk assessment document update hua,update hua project ka risk assessment document,,,,7,7,0,7,1.0,True,2.857142857142857,5.0,0.47619047619047616,4,0.5714285714285714,0.42857142857142855,4,False,True,False,3plus_switch,0.7071067811865476,0.95355916,0.95355916,0.95355916
487,work,EN-HN-EN-EN-EN-EN-HN-HN,3,4,"[1, 2, 3, 4]",tf_es,risk assessment document update hua project ka,update hua project ka risk assessment document,,,,7,7,0,7,1.0,True,3.4285714285714284,4.0,0.5714285714285714,6,0.5714285714285714,0.42857142857142855,4,False,False,True,3plus_switch,0.5946035575013605,0.96038395,0.96038395,0.96038395
488,work,EN-HN-EN-EN-EN-HN-HN-HN,4,3,"[1, 2, 3]",base_tf,meeting ka minutes shared folder me upload hua,minutes shared folder me upload hua meeting ka,,,,8,8,0,8,1.0,True,3.0,6.0,0.42857142857142855,4,0.42857142857142855,0.5714285714285714,3,True,False,False,3plus_switch,0.7652058832556895,0.9546057,0.9546057,0.9546057
488,work,EN-HN-EN-EN-EN-HN-HN-HN,4,3,"[1, 2, 3]",base_es,meeting ka minutes shared folder me upload hua,upload hua meeting ka minutes shared folder me,,,,8,8,0,8,1.0,True,3.0,6.0,0.42857142857142855,4,0.42857142857142855,0.5714285714285714,3,False,True,False,3plus_switch,0.7652058832556895,0.95140964,0.95140964,0.95140964
488,work,EN-HN-EN-EN-EN-HN-HN-HN,4,3,"[1, 2, 3]",tf_es,minutes shared folder me upload hua meeting ka,upload hua meeting ka minutes shared folder me,,,,8,8,0,8,1.0,True,4.0,4.0,0.5714285714285714,8,0.42857142857142855,0.5714285714285714,3,False,False,True,3plus_switch,0.691441569283882,0.9532378,0.9532378,0.9532378
489,work,EN-HN-EN-EN-EN-HN-HN,3,3,"[1, 2, 3]",base_tf,client ka approval mail officially receive hua,approval mail officially receive hua client ka,,,,7,7,0,7,1.0,True,2.857142857142857,5.0,0.47619047619047616,4,0.5,0.5,3,True,False,False,3plus_switch,0.7071067811865476,0.94730866,0.9473087,0.9473087
489,work,EN-HN-EN-EN-EN-HN-HN,3,3,"[1, 2, 3]",base_es,client ka approval mail officially receive hua,officially receive hua client ka approval mail,,,,7,7,0,7,1.0,True,3.4285714285714284,4.0,0.5714285714285714,6,0.5,0.5,3,False,True,False,3plus_switch,0.5946035575013605,0.9359826,0.9359826,0.9359826
489,work,EN-HN-EN-EN-EN-HN-HN,3,3,"[1, 2, 3]",tf_es,approval mail officially receive hua client ka,officially receive hua client ka approval mail,,,,7,7,0,7,1.0,True,2.857142857142857,5.0,0.47619047619047616,4,0.5,0.5,3,False,False,True,3plus_switch,0.7071067811865476,0.9394695,0.9394695,0.9394695
490,work,EN-HN-EN-EN-EN-EN-HN-HN,3,4,"[1, 2, 3, 4]",base_tf,work ka knowledge transfer session scheduled hai,knowledge transfer session scheduled hai work ka,,,,7,7,0,7,1.0,True,2.857142857142857,5.0,0.47619047619047616,4,0.5714285714285714,0.42857142857142855,4,True,False,False,3plus_switch,0.7071067811865476,0.96430564,0.96430564,0.96430564
490,work,EN-HN-EN-EN-EN-EN-HN-HN,3,4,"[1, 2, 3, 4]",base_es,work ka knowledge transfer session scheduled hai,scheduled hai work ka knowledge transfer session,,,,7,7,0,7,1.0,True,2.857142857142857,5.0,0.47619047619047616,4,0.5714285714285714,0.42857142857142855,4,False,True,False,3plus_switch,0.7071067811865476,0.96234274,0.96234274,0.96234274
490,work,EN-HN-EN-EN-EN-EN-HN-HN,3,4,"[1, 2, 3, 4]",tf_es,knowledge transfer session scheduled hai work ka,scheduled hai work ka knowledge transfer session,,,,7,7,0,7,1.0,True,3.4285714285714284,4.0,0.5714285714285714,6,0.5714285714285714,0.42857142857142855,4,False,False,True,3plus_switch,0.5946035575013605,0.96368855,0.96368855,0.96368855
491,social,EN-HN-EN-EN-EN-HN-HN,3,3,"[1, 2, 3]",base_tf,friends ka weekend outing plan finalize hua,weekend outing plan finalize hua friends ka,,,,7,7,0,7,1.0,True,2.857142857142857,5.0,0.47619047619047616,4,0.5,0.5,3,True,False,False,3plus_switch,0.7071067811865476,0.9601276,0.9601276,0.9601276
491,social,EN-HN-EN-EN-EN-HN-HN,3,3,"[1, 2, 3]",base_es,friends ka weekend outing plan finalize hua,finalize hua friends ka weekend outing plan,,,,7,7,0,7,1.0,True,2.857142857142857,5.0,0.47619047619047616,4,0.5,0.5,3,False,True,False,3plus_switch,0.7071067811865476,0.95940185,0.95940185,0.95940185
491,social,EN-HN-EN-EN-EN-HN-HN,3,3,"[1, 2, 3]",tf_es,weekend outing plan finalize hua friends ka,finalize hua friends ka weekend outing plan,,,,7,7,0,7,1.0,True,3.4285714285714284,4.0,0.5714285714285714,6,0.5,0.5,3,False,False,True,3plus_switch,0.5946035575013605,0.95398664,0.95398664,0.95398664
492,social,EN-HN-EN-EN-EN-EN-HN-HN,3,4,"[1, 2, 3, 4]",base_tf,group chat ka message tone misunderstanding cause bana,message tone misunderstanding cause bana group chat ka,,,,8,8,0,8,1.0,True,3.75,5.0,0.5357142857142857,6,0.5714285714285714,0.42857142857142855,4,True,False,False,3plus_switch,0.691441569283882,0.9627899,0.9627899,0.9627899
492,social,EN-HN-EN-EN-EN-EN-HN-HN,3,4,"[1, 2, 3, 4]",base_es,group chat ka message tone misunderstanding cause bana,misunderstanding cause bana group chat ka message tone,,,,8,8,0,8,1.0,True,3.75,5.0,0.5357142857142857,6,0.5714285714285714,0.42857142857142855,4,False,True,False,3plus_switch,0.691441569283882,0.9606331,0.9579041,0.95926666
492,social,EN-HN-EN-EN-EN-EN-HN-HN,3,4,"[1, 2, 3, 4]",tf_es,message tone misunderstanding cause bana group chat ka,misunderstanding cause bana group chat ka message tone,,,,8,8,0,8,1.0,True,3.0,6.0,0.42857142857142855,4,0.5714285714285714,0.42857142857142855,4,False,False,True,3plus_switch,0.7652058832556895,0.9658797,0.9658796,0.9658796
493,social,EN-HN-EN-EN-EN-EN-HN,2,4,"[1, 2, 3, 4]",base_tf,event ka dress code informal mention tha,dress code informal mention tha event ka,,,,7,7,0,7,1.0,True,2.857142857142857,5.0,0.47619047619047616,4,0.6666666666666666,0.3333333333333333,4,True,False,False,3plus_switch,0.7071067811865476,0.9642021,0.9642021,0.9642021
493,social,EN-HN-EN-EN-EN-EN-HN,2,4,"[1, 2, 3, 4]",base_es,event ka dress code informal mention tha,informal mention tha event ka dress code,,,,7,7,0,7,1.0,True,3.4285714285714284,4.0,0.5714285714285714,6,0.6666666666666666,0.3333333333333333,4,False,True,False,3plus_switch,0.5946035575013605,0.96112204,0.96112204,0.96112204
493,social,EN-HN-EN-EN-EN-EN-HN,2,4,"[1, 2, 3, 4]",tf_es,dress code informal mention tha event ka,informal mention tha event ka dress code,,,,7,7,0,7,1.0,True,2.857142857142857,5.0,0.47619047619047616,4,0.6666666666666666,0.3333333333333333,4,False,False,True,3plus_switch,0.7071067811865476,0.96501905,0.9650191,0.96501905
494,social,EN-HN-EN-EN-EN-HN,2,3,"[1, 2, 3]",base_tf,call ka audio delay awkward laga,audio delay awkward laga call ka,,,,6,6,0,6,1.0,True,2.6666666666666665,4.0,0.5333333333333333,4,0.6,0.4,3,True,False,False,3plus_switch,0.6042750794713536,0.96735877,0.96735877,0.96735877
494,social,EN-HN-EN-EN-EN-HN,2,3,"[1, 2, 3]",base_es,call ka audio delay awkward laga,awkward laga call ka audio delay,,,,6,6,0,6,1.0,True,2.6666666666666665,4.0,0.5333333333333333,4,0.6,0.4,3,False,True,False,3plus_switch,0.6042750794713536,0.95099866,0.95099866,0.95099866
494,social,EN-HN-EN-EN-EN-HN,2,3,"[1, 2, 3]",tf_es,audio delay awkward laga call ka,awkward laga call ka audio delay,,,,6,6,0,6,1.0,True,2.6666666666666665,4.0,0.5333333333333333,4,0.6,0.4,3,False,False,True,3plus_switch,0.6042750794713536,0.9603373,0.9603373,0.9603373
495,social,EN-HN-EN-EN-EN-EN-HN,2,4,"[1, 2, 3, 4]",base_tf,conversation ka closure politely handle hua,closure politely handle hua conversation ka,,,,6,6,0,6,1.0,True,2.6666666666666665,4.0,0.5333333333333333,4,0.6666666666666666,0.3333333333333333,4,True,False,False,3plus_switch,0.6042750794713536,0.951706,0.951706,0.951706
495,social,EN-HN-EN-EN-EN-EN-HN,2,4,"[1, 2, 3, 4]",base_es,conversation ka closure politely handle hua,politely handle hua conversation ka closure,,,,6,6,0,6,1.0,True,3.0,3.0,0.6,6,0.6666666666666666,0.3333333333333333,4,False,True,False,3plus_switch,0.3931466788228678,0.95373523,0.95373523,0.95373523
495,social,EN-HN-EN-EN-EN-EN-HN,2,4,"[1, 2, 3, 4]",tf_es,closure politely handle hua conversation ka,politely handle hua conversation ka closure,,,,6,6,0,6,1.0,True,1.6666666666666667,5.0,0.3333333333333333,2,0.6666666666666666,0.3333333333333333,4,False,False,True,3plus_switch,0.7952707287670506,0.9610802,0.9610802,0.9610802
496,travel,EN-HN-EN-EN-EN-EN-HN-HN,3,4,"[1, 2, 3, 4]",base_tf,travel ka emergency contact list ready rakhna,emergency contact list ready rakhna travel ka,,,,7,7,0,7,1.0,True,2.857142857142857,5.0,0.47619047619047616,4,0.5714285714285714,0.42857142857142855,4,True,False,False,3plus_switch,0.7071067811865476,0.97181857,0.97181857,0.97181857
496,travel,EN-HN-EN-EN-EN-EN-HN-HN,3,4,"[1, 2, 3, 4]",base_es,travel ka emergency contact list ready rakhna,ready rakhna travel ka emergency contact list,,,,7,7,0,7,1.0,True,2.857142857142857,5.0,0.47619047619047616,4,0.5714285714285714,0.42857142857142855,4,False,True,False,3plus_switch,0.7071067811865476,0.9728851,0.9728851,0.9728851
496,travel,EN-HN-EN-EN-EN-EN-HN-HN,3,4,"[1, 2, 3, 4]",tf_es,emergency contact list ready rakhna travel ka,ready rakhna travel ka emergency contact list,,,,7,7,0,7,1.0,True,3.4285714285714284,4.0,0.5714285714285714,6,0.5714285714285714,0.42857142857142855,4,False,False,True,3plus_switch,0.5946035575013605,0.9639761,0.9639761,0.9639761
497,travel,EN-HN-EN-EN-EN-EN-HN-HN,3,4,"[1, 2, 3, 4]",base_tf,journey ka luggage tag number mismatch nikla,luggage tag number mismatch nikla journey ka,,,,7,7,0,7,1.0,True,2.857142857142857,5.0,0.47619047619047616,4,0.5714285714285714,0.42857142857142855,4,True,False,False,3plus_switch,0.7071067811865476,0.94282925,0.9428292,0.9428292
497,travel,EN-HN-EN-EN-EN-EN-HN-HN,3,4,"[1, 2, 3, 4]",base_es,journey ka luggage tag number mismatch nikla,mismatch nikla journey ka luggage tag number,,,,7,7,0,7,1.0,True,2.857142857142857,5.0,0.47619047619047616,4,0.5714285714285714,0.42857142857142855,4,False,True,False,3plus_switch,0.7071067811865476,0.95964134,0.95964134,0.95964134
497,travel,EN-HN-EN-EN-EN-EN-HN-HN,3,4,"[1, 2, 3, 4]",tf_es,luggage tag number mismatch nikla journey ka,mismatch nikla journey ka luggage tag number,,,,7,7,0,7,1.0,True,3.4285714285714284,4.0,0.5714285714285714,6,0.5714285714285714,0.42857142857142855,4,False,False,True,3plus_switch,0.5946035575013605,0.94718486,0.9471848,0.94718486
498,travel,EN-HN-EN-EN-EN-EN-HN,2,4,"[1, 2, 3, 4]",base_tf,airport ka security check process systematic laga,security check process systematic laga airport ka,,,,7,7,0,7,1.0,True,2.857142857142857,5.0,0.47619047619047616,4,0.6666666666666666,0.3333333333333333,4,True,False,False,3plus_switch,0.7071067811865476,0.97098976,0.9709898,0.97098976
498,travel,EN-HN-EN-EN-EN-EN-HN,2,4,"[1, 2, 3, 4]",base_es,airport ka security check process systematic laga,systematic laga airport ka security check process,,,,7,7,0,7,1.0,True,2.857142857142857,5.0,0.47619047619047616,4,0.6666666666666666,0.3333333333333333,4,False,True,False,3plus_switch,0.7071067811865476,0.97229993,0.9723,0.9723
498,travel,EN-HN-EN-EN-EN-EN-HN,2,4,"[1, 2, 3, 4]",tf_es,security check process systematic laga airport ka,systematic laga airport ka security check process,,,,7,7,0,7,1.0,True,3.4285714285714284,4.0,0.5714285714285714,6,0.6666666666666666,0.3333333333333333,4,False,False,True,3plus_switch,0.5946035575013605,0.9646144,0.96461433,0.96461433
499,travel,EN-HN-EN-EN-EN-HN-HN,3,3,"[1, 2, 3]",base_tf,trip ka budget estimation accurate prove hua,budget estimation accurate prove hua trip ka,,,,7,7,0,7,1.0,True,2.857142857142857,5.0,0.47619047619047616,4,0.5,0.5,3,True,False,False,3plus_switch,0.7071067811865476,0.953105,0.953105,0.95310503
499,travel,EN-HN-EN-EN-EN-HN-HN,3,3,"[1, 2, 3]",base_es,trip ka budget estimation accurate prove hua,accurate prove hua trip ka budget estimation,,,,7,7,0,7,1.0,True,3.4285714285714284,4.0,0.5714285714285714,6,0.5,0.5,3,False,True,False,3plus_switch,0.5946035575013605,0.9530742,0.9530742,0.9530742
499,travel,EN-HN-EN-EN-EN-HN-HN,3,3,"[1, 2, 3]",tf_es,budget estimation accurate prove hua trip ka,accurate prove hua trip ka budget estimation,,,,7,7,0,7,1.0,True,2.857142857142857,5.0,0.47619047619047616,4,0.5,0.5,3,False,False,True,3plus_switch,0.7071067811865476,0.959154,0.9586828,0.95891833
500,travel,EN-HN-EN-EN-EN-HN-HN-HN,4,3,"[1, 2, 3]",base_tf,travel ka post trip survey short aur simple tha,post trip survey short aur simple tha travel ka,,,,9,9,0,9,1.0,True,3.111111111111111,7.0,0.3888888888888889,4,0.42857142857142855,0.5714285714285714,3,True,False,False,3plus_switch,0.8034284189446518,0.97000575,0.97000575,0.97000575
500,travel,EN-HN-EN-EN-EN-HN-HN-HN,4,3,"[1, 2, 3]",base_es,travel ka post trip survey short aur simple tha,short aur simple tha travel ka post trip survey,,,,9,9,0,9,1.0,True,4.444444444444445,5.0,0.5555555555555556,8,0.42857142857142855,0.5714285714285714,3,False,True,False,3plus_switch,0.7476743906106103,0.95221823,0.9522182,0.95221823
500,travel,EN-HN-EN-EN-EN-HN-HN-HN,4,3,"[1, 2, 3]",tf_es,post trip survey short aur simple tha travel ka,short aur simple tha travel ka post trip survey,,,,9,9,0,9,1.0,True,4.0,6.0,0.5,6,0.42857142857142855,0.5714285714285714,3,False,False,True,3plus_switch,0.7476743906106103,0.9621408,0.9621408,0.9621408
