id,domain,pattern,tokens_hindi,tokens_english,switch_points,pair_type,text_a,text_b,label_semantic_equivalent,label_natural,label_code_switch_valid
1,travel,EN-HN-HN-HN-HN,4,1,[0],base_tf,train kaha tak jati hai,kaha tak jati hai train,1.0,1.0,1.0
1,travel,EN-HN-HN-HN-HN,4,1,[0],base_es,train kaha tak jati hai,jati hai kaha tak train,1.0,0.0,0.0
1,travel,EN-HN-HN-HN-HN,4,1,[0],tf_es,kaha tak jati hai train,jati hai kaha tak train,1.0,0.0,0.0
2,travel,EN-EN-EN-HN-HN,3,2,"[0, 1]",base_tf,bus timing check karna hai,timing check karna hai bus ka,1.0,1.0,1.0
2,travel,EN-EN-EN-HN-HN,3,2,"[0, 1]",base_es,bus timing check karna hai,check karna hai bus ka timing,1.0,1.0,1.0
2,travel,EN-EN-EN-HN-HN,3,2,"[0, 1]",tf_es,timing check karna hai bus ka,check karna hai bus ka timing,1.0,1.0,1.0
3,travel,EN-HN-HN-EN-EN-HN-HN,5,2,"[0, 3]",base_tf,station ke paas taxi available hai kya,taxi available hai kya station ke paas,1.0,1.0,1.0
3,travel,EN-HN-HN-EN-EN-HN-HN,5,2,"[0, 3]",base_es,station ke paas taxi available hai kya,available hai kya station ke paas taxi,1.0,0.0,0.0
3,travel,EN-HN-HN-EN-EN-HN-HN,5,2,"[0, 3]",tf_es,taxi available hai kya station ke paas,available hai kya station ke paas taxi,1.0,0.0,0.0
4,travel,EN-HN-EN-EN-EN-HN-HN,3,4,"[0, 2, 3, 4]",base_tf,flight ka boarding pass print karwana hai,boarding pass print karwana hai flight ka,1.0,1.0,1.0
4,travel,EN-HN-EN-EN-EN-HN-HN,3,4,"[0, 2, 3, 4]",base_es,flight ka boarding pass print karwana hai,print karwana hai flight ka boarding pass,1.0,1.0,1.0
4,travel,EN-HN-EN-EN-EN-HN-HN,3,4,"[0, 2, 3, 4]",tf_es,boarding pass print karwana hai flight ka,print karwana hai flight ka boarding pass,1.0,1.0,1.0
5,travel,EN-HN-EN-HN-EN,3,2,"[0, 2]",base_tf,auto ka meter on karlo please,meter on karlo please auto ka,1.0,1.0,1.0
5,travel,EN-HN-EN-HN-EN,3,2,"[0, 2]",base_es,auto ka meter on karlo please,on karlo auto ka meter please,1.0,1.0,1.0
5,travel,EN-HN-EN-HN-EN,3,2,"[0, 2]",tf_es,meter on karlo please auto ka,on karlo auto ka meter please,1.0,1.0,1.0
6,travel,EN-HN-EN-EN-EN-HN,3,3,"[0, 2, 3]",base_tf,highway pe speed limit follow karo,speed limit follow karo highway pe,1.0,1.0,1.0
6,travel,EN-HN-EN-EN-EN-HN,3,3,"[0, 2, 3]",base_es,highway pe speed limit follow karo,follow karo highway pe speed limit,1.0,1.0,1.0
6,travel,EN-HN-EN-EN-EN-HN,3,3,"[0, 2, 3]",tf_es,speed limit follow karo highway pe,follow karo highway pe speed limit,1.0,1.0,1.0
7,travel,EN-HN-EN-EN-HN-HN-HN,4,2,"[0, 2]",base_tf,luggage ka weight check ho gaya kya,weight check ho gaya kya luggage ka,1.0,1.0,1.0
7,travel,EN-HN-EN-EN-HN-HN-HN,4,2,"[0, 2]",base_es,luggage ka weight check ho gaya kya,check ho gaya kya luggage ka weight,1.0,1.0,1.0
7,travel,EN-HN-EN-EN-HN-HN-HN,4,2,"[0, 2]",tf_es,weight check ho gaya kya luggage ka,check ho gaya kya luggage ka weight,1.0,1.0,1.0
8,travel,EN-EN-EN-EN-HN-HN,3,3,"[0, 1, 2]",base_tf,train platform number change ho gaya,platform number change ho gaya train ka,1.0,1.0,1.0
8,travel,EN-EN-EN-EN-HN-HN,3,3,"[0, 1, 2]",base_es,train platform number change ho gaya,change ho gaya train ka platform number,1.0,1.0,1.0
8,travel,EN-EN-EN-EN-HN-HN,3,3,"[0, 1, 2]",tf_es,platform number change ho gaya train ka,change ho gaya train ka platform number,1.0,1.0,1.0
9,travel,EN-EN-HN-EN-HN-HN-HN,4,2,"[0, 1]",base_tf,flight delay ka reason bata sakte ho,reason bata sakte ho flight delay ka,1.0,1.0,1.0
9,travel,EN-EN-HN-EN-HN-HN-HN,4,2,"[0, 1]",base_es,flight delay ka reason bata sakte ho,bata sakte ho flight delay ka reason,1.0,1.0,1.0
9,travel,EN-EN-HN-EN-HN-HN-HN,4,2,"[0, 1]",tf_es,reason bata sakte ho flight delay ka,bata sakte ho flight delay ka reason,1.0,1.0,1.0
10,travel,EN-HN-EN-EN-HN-HN-HN,4,3,"[0, 2, 3]",base_tf,ticket ka refund online mil jayega kya,refund online mil jayega kya ticket ka,1.0,1.0,1.0
10,travel,EN-HN-EN-EN-HN-HN-HN,4,3,"[0, 2, 3]",base_es,ticket ka refund online mil jayega kya,mil jayega online refund ticket ka kya,1.0,0.0,0.0
10,travel,EN-HN-EN-EN-HN-HN-HN,4,3,"[0, 2, 3]",tf_es,refund online mil jayega kya ticket ka,mil jayega online refund ticket ka kya,1.0,0.0,0.0
11,food,EN-HN-EN-EN-HN-HN,3,3,"[0, 2, 3]",base_tf,pizza ka order cancel karna padega,order cancel karna padega pizza ka,1.0,1.0,1.0
11,food,EN-HN-EN-EN-HN-HN,3,3,"[0, 2, 3]",base_es,pizza ka order cancel karna padega,cancel karna padega pizza ka order,1.0,1.0,1.0
11,food,EN-HN-EN-EN-HN-HN,3,3,"[0, 2, 3]",tf_es,order cancel karna padega pizza ka,cancel karna padega pizza ka order,1.0,1.0,1.0
12,food,HN-HN-EN-EN-EN-HN-HN,3,3,"[2, 3, 4]",base_tf,chai me extra sugar add kar do,extra sugar add kar do chai me,1.0,1.0,1.0
12,food,HN-HN-EN-EN-EN-HN-HN,3,3,"[2, 3, 4]",base_es,chai me extra sugar add kar do,add kar do chai me extra sugar,1.0,1.0,1.0
12,food,HN-HN-EN-EN-EN-HN-HN,3,3,"[2, 3, 4]",tf_es,extra sugar add kar do chai me,add kar do chai me extra sugar,1.0,1.0,1.0
13,food,EN-HN-EN-HN-HN,2,2,"[0, 2]",base_tf,pasta thoda spicy bana dena,thoda spicy bana dena pasta,1.0,1.0,1.0
13,food,EN-HN-EN-HN-HN,2,2,"[0, 2]",base_es,pasta thoda spicy bana dena,spicy bana dena pasta thoda,1.0,0.0,0.0
13,food,EN-HN-EN-HN-HN,2,2,"[0, 2]",tf_es,thoda spicy bana dena pasta,spicy bana dena pasta thoda,1.0,0.0,0.0
14,food,EN-HN-EN-EN-HN-HN-HN,4,2,"[0, 2]",base_tf,juice ka bill pay kar diya kya,bill pay kar diya kya juice ka,1.0,1.0,1.0
14,food,EN-HN-EN-EN-HN-HN-HN,4,2,"[0, 2]",base_es,juice ka bill pay kar diya kya,pay kar diya juice ka bill kya,1.0,1.0,1.0
14,food,EN-HN-EN-EN-HN-HN-HN,4,2,"[0, 2]",tf_es,bill pay kar diya kya juice ka,pay kar diya juice ka bill kya,1.0,1.0,1.0
15,food,HN-HN-HN-EN-HN-HN-HN,5,1,[3],base_tf,biryani me raita include hota hai kya,raita include hota hai kya biryani me,1.0,1.0,1.0
15,food,HN-HN-HN-EN-HN-HN-HN,5,1,[3],base_es,biryani me raita include hota hai kya,include hota hai biryani me raita kya,1.0,0.0,0.0
15,food,HN-HN-HN-EN-HN-HN-HN,5,1,[3],tf_es,raita include hota hai kya biryani me,include hota hai biryani me raita kya,1.0,0.0,0.0
16,food,EN-EN-HN-HN-EN-HN,3,2,"[0, 1]",base_tf,cold coffee thodi kam sweet chahiye,kam sweet chahiye cold coffee thodi,1.0,1.0,1.0
16,food,EN-EN-HN-HN-EN-HN,3,2,"[0, 1]",base_es,cold coffee thodi kam sweet chahiye,chahiye cold coffee thodi kam sweet,1.0,0.0,0.0
16,food,EN-EN-HN-HN-EN-HN,3,2,"[0, 1]",tf_es,kam sweet chahiye cold coffee thodi,chahiye cold coffee thodi kam sweet,1.0,0.0,0.0
17,food,EN-HN-HN-EN-EN-HN,3,2,"[0, 3]",base_tf,burger ke andar cheese extra daalna,cheese extra daalna burger ke andar,1.0,1.0,1.0
17,food,EN-HN-HN-EN-EN-HN,3,2,"[0, 3]",base_es,burger ke andar cheese extra daalna,daalna cheese extra burger ke andar,1.0,0.0,0.0
17,food,EN-HN-HN-EN-EN-HN,3,2,"[0, 3]",tf_es,cheese extra daalna burger ke andar,daalna cheese extra burger ke andar,1.0,0.0,0.0
18,food,HN-HN-EN-EN-HN-HN,3,2,"[2, 3]",base_tf,pani ka bottle cold hai kya,bottle cold hai kya pani ka,1.0,1.0,1.0
18,food,HN-HN-EN-EN-HN-HN,3,2,"[2, 3]",base_es,pani ka bottle cold hai kya,cold hai pani ka bottle kya,1.0,1.0,1.0
18,food,HN-HN-EN-EN-HN-HN,3,2,"[2, 3]",tf_es,bottle cold hai kya pani ka,cold hai pani ka bottle kya,1.0,1.0,1.0
19,food,HN-HN-HN-HN-HN-HN,5,0,[],base_tf,dosa ka chutney thoda aur milega,chutney thoda aur milega dosa ka,1.0,1.0,1.0
19,food,HN-HN-HN-HN-HN-HN,5,0,[],base_es,dosa ka chutney thoda aur milega,milega dosa ka chutney thoda aur,1.0,0.0,0.0
19,food,HN-HN-HN-HN-HN-HN,5,0,[],tf_es,chutney thoda aur milega dosa ka,milega dosa ka chutney thoda aur,1.0,0.0,0.0
20,food,EN-HN-EN-EN-HN-HN,3,2,"[0, 2]",base_tf,coffee ka order ready ho gaya,order ready ho gaya coffee ka,1.0,1.0,1.0
20,food,EN-HN-EN-EN-HN-HN,3,2,"[0, 2]",base_es,coffee ka order ready ho gaya,ready ho gaya coffee ka order,1.0,1.0,1.0
20,food,EN-HN-EN-EN-HN-HN,3,2,"[0, 2]",tf_es,order ready ho gaya coffee ka,ready ho gaya coffee ka order,1.0,1.0,1.0
21,shopping,EN-HN-EN-EN-EN-HN,3,3,"[0, 2, 3]",base_tf,shirt ka size medium available hai,size medium available hai shirt ka,1.0,1.0,1.0
21,shopping,EN-HN-EN-EN-EN-HN,3,3,"[0, 2, 3]",base_es,shirt ka size medium available hai,available hai shirt ka size medium,1.0,0.0,0.0
21,shopping,EN-HN-EN-EN-EN-HN,3,3,"[0, 2, 3]",tf_es,size medium available hai shirt ka,available hai shirt ka size medium,1.0,0.0,0.0
22,shopping,EN-HN-EN-HN-HN-HN,3,2,"[0, 2]",base_tf,jeans ka rate thoda kam karo,rate thoda kam karo jeans ka,1.0,1.0,1.0
22,shopping,EN-HN-EN-HN-HN-HN,3,2,"[0, 2]",base_es,jeans ka rate thoda kam karo,kam karo jeans ka rate thoda,1.0,1.0,1.0
22,shopping,EN-HN-EN-HN-HN-HN,3,2,"[0, 2]",tf_es,rate thoda kam karo jeans ka,kam karo jeans ka rate thoda,1.0,1.0,1.0
23,shopping,EN-HN-EN-EN-HN,2,3,"[0, 2, 3]",base_tf,shoes ka color black chahiye,color black chahiye shoes ka,1.0,1.0,1.0
23,shopping,EN-HN-EN-EN-HN,2,3,"[0, 2, 3]",base_es,shoes ka color black chahiye,chahiye shoes ka color black,1.0,1.0,1.0
23,shopping,EN-HN-EN-EN-HN,2,3,"[0, 2, 3]",tf_es,color black chahiye shoes ka,chahiye shoes ka color black,1.0,1.0,1.0
24,shopping,EN-HN-EN-EN-HN-HN-HN,4,2,"[0, 2]",base_tf,bag me laptop fit ho jayega kya,laptop fit ho jayega kya bag me,1.0,1.0,1.0
24,shopping,EN-HN-EN-EN-HN-HN-HN,4,2,"[0, 2]",base_es,bag me laptop fit ho jayega kya,fit ho jayega bag me laptop kya,1.0,1.0,1.0
24,shopping,EN-HN-EN-EN-HN-HN-HN,4,2,"[0, 2]",tf_es,laptop fit ho jayega kya bag me,fit ho jayega bag me laptop kya,1.0,1.0,1.0
25,shopping,EN-EN-EN-HN-HN-HN,2,3,"[0, 1, 2]",base_tf,discount coupon apply kar diya kya,coupon apply kar diya kya discount,1.0,1.0,1.0
25,shopping,EN-EN-EN-HN-HN-HN,2,3,"[0, 1, 2]",base_es,discount coupon apply kar diya kya,apply kar diya discount coupon kya,1.0,0.0,0.0
25,shopping,EN-EN-EN-HN-HN-HN,2,3,"[0, 1, 2]",tf_es,coupon apply kar diya kya discount,apply kar diya discount coupon kya,1.0,0.0,0.0
26,shopping,EN-HN-EN-EN-HN-HN,3,2,"[0, 2]",base_tf,product ki quality check karni hai,quality check karni hai product ki,1.0,1.0,1.0
26,shopping,EN-HN-EN-EN-HN-HN,3,2,"[0, 2]",base_es,product ki quality check karni hai,check karni hai product ki quality,1.0,1.0,1.0
26,shopping,EN-HN-EN-EN-HN-HN,3,2,"[0, 2]",tf_es,quality check karni hai product ki,check karni hai product ki quality,1.0,1.0,1.0
27,shopping,EN-HN-EN-EN-HN-HN,3,2,"[0, 1]",base_tf,delivery ka status update aaya kya,status update aaya kya delivery ka,1.0,1.0,1.0
27,shopping,EN-HN-EN-EN-HN-HN,3,2,"[0, 1]",base_es,delivery ka status update aaya kya,aaya kya delivery ka status update,1.0,0.0,0.0
27,shopping,EN-HN-EN-EN-HN-HN,3,2,"[0, 1]",tf_es,status update aaya kya delivery ka,aaya kya delivery ka status update,1.0,0.0,0.0
28,shopping,EN-HN-EN-EN-HN-HN,3,2,"[2, 3]",base_tf,bill me GST include hai kya,GST include hai kya bill me,1.0,1.0,1.0
28,shopping,EN-HN-EN-EN-HN-HN,3,2,"[2, 3]",base_es,bill me GST include hai kya,include hai bill me GST kya,1.0,0.0,0.0
28,shopping,EN-HN-EN-EN-HN-HN,3,2,"[2, 3]",tf_es,GST include hai kya bill me,include hai bill me GST kya,1.0,0.0,0.0
29,shopping,EN-HN-EN-HN-HN,3,1,[2],base_tf,packing thodi strong kar dena,strong kar dena packing thodi,1.0,1.0,1.0
29,shopping,EN-HN-EN-HN-HN,3,1,[2],base_es,packing thodi strong kar dena,kar dena packing thodi strong,1.0,0.0,0.0
29,shopping,EN-HN-EN-HN-HN,3,1,[2],tf_es,strong kar dena packing thodi,kar dena packing thodi strong,1.0,0.0,0.0
30,shopping,EN-EN-EN-HN-HN,2,2,"[0, 1]",base_tf,price list display nahi hui,display nahi hui price list,1.0,1.0,1.0
30,shopping,EN-EN-EN-HN-HN,2,2,"[0, 1]",base_es,price list display nahi hui,nahi hui price list display,1.0,0.0,0.0
30,shopping,EN-EN-EN-HN-HN,2,2,"[0, 1]",tf_es,display nahi hui price list,nahi hui price list display,1.0,0.0,0.0
31,social,EN-HN-EN-EN-HN-HN,3,2,"[0, 2]",base_tf,meeting ka link send kar do,link send kar do meeting ka,1.0,1.0,1.0
31,social,EN-HN-EN-EN-HN-HN,3,2,"[0, 2]",base_es,meeting ka link send kar do,send kar do meeting ka link,1.0,1.0,1.0
31,social,EN-HN-EN-EN-HN-HN,3,2,"[0, 2]",tf_es,link send kar do meeting ka,send kar do meeting ka link,1.0,1.0,1.0
32,social,EN-HN-EN-EN-HN-HN,3,2,"[0, 2]",base_tf,party ka plan final hua kya,plan final hua kya party ka,1.0,1.0,1.0
32,social,EN-HN-EN-EN-HN-HN,3,2,"[0, 2]",base_es,party ka plan final hua kya,final hua party ka plan kya,1.0,0.0,0.0
32,social,EN-HN-EN-EN-HN-HN,3,2,"[0, 2]",tf_es,plan final hua kya party ka,final hua party ka plan kya,1.0,0.0,0.0
33,social,EN-HN-EN-HN-HN-HN,4,2,"[0, 2]",base_tf,message ka reply kyun nahi diya,reply kyun nahi diya message ka,1.0,1.0,1.0
33,social,EN-HN-EN-HN-HN-HN,4,2,"[0, 2]",base_es,message ka reply kyun nahi diya,kyun nahi diya message ka reply,1.0,1.0,1.0
33,social,EN-HN-EN-HN-HN-HN,4,2,"[0, 2]",tf_es,reply kyun nahi diya message ka,kyun nahi diya message ka reply,1.0,1.0,1.0
34,social,EN-HN-EN-EN-HN-HN,3,2,"[0, 2]",base_tf,call ka network issue ho raha,network issue ho raha call ka,1.0,1.0,1.0
34,social,EN-HN-EN-EN-HN-HN,3,2,"[0, 2]",base_es,call ka network issue ho raha,ho raha call ka network issue,1.0,0.0,0.0
34,social,EN-HN-EN-EN-HN-HN,3,2,"[0, 2]",tf_es,network issue ho raha call ka,ho raha call ka network issue,1.0,0.0,0.0
35,social,EN-HN-EN-EN-HN-HN,3,2,"[0, 2]",base_tf,photo ka background change kar dena,background change kar dena photo ka,1.0,1.0,1.0
35,social,EN-HN-EN-EN-HN-HN,3,2,"[0, 2]",base_es,photo ka background change kar dena,change kar dena photo ka background,1.0,1.0,1.0
35,social,EN-HN-EN-EN-HN-HN,3,2,"[0, 2]",tf_es,background change kar dena photo ka,change kar dena photo ka background,1.0,1.0,1.0
36,social,EN-HN-EN-HN-HN,3,1,[0],base_tf,plan ka update batao jaldi,update batao jaldi plan ka,1.0,1.0,1.0
36,social,EN-HN-EN-HN-HN,3,1,[0],base_es,plan ka update batao jaldi,batao plan ka update jaldi,1.0,1.0,1.0
36,social,EN-HN-EN-HN-HN,3,1,[0],tf_es,update batao jaldi plan ka,batao plan ka update jaldi,1.0,1.0,1.0
37,social,EN-HN-EN-HN-HN,3,1,[0],base_tf,time ka reminder lagana padega,reminder lagana padega time ka,1.0,1.0,1.0
37,social,EN-HN-EN-HN-HN,3,1,[0],base_es,time ka reminder lagana padega,lagana padega time ka reminder,1.0,1.0,1.0
37,social,EN-HN-EN-HN-HN,3,1,[0],tf_es,reminder lagana padega time ka,lagana padega time ka reminder,1.0,1.0,1.0
38,social,EN-HN-EN-EN-HN-HN,3,2,"[0, 2]",base_tf,friends ka group active nahi hai,group active nahi hai friends ka,1.0,1.0,1.0
38,social,EN-HN-EN-EN-HN-HN,3,2,"[0, 2]",base_es,friends ka group active nahi hai,active nahi hai friends ka group,1.0,0.0,0.0
38,social,EN-HN-EN-EN-HN-HN,3,2,"[0, 2]",tf_es,group active nahi hai friends ka,active nahi hai friends ka group,1.0,0.0,0.0
39,social,EN-HN-EN-EN-HN-HN,3,2,"[0, 2]",base_tf,birthday ka gift decide nahi hua,gift decide nahi hua birthday ka,1.0,1.0,1.0
39,social,EN-HN-EN-EN-HN-HN,3,2,"[0, 2]",base_es,birthday ka gift decide nahi hua,decide nahi hua birthday ka gift,1.0,0.0,0.0
39,social,EN-HN-EN-EN-HN-HN,3,2,"[0, 2]",tf_es,gift decide nahi hua birthday ka,decide nahi hua birthday ka gift,1.0,0.0,0.0
40,social,EN-HN-HN-EN-HN-HN,5,1,[3],base_tf,plan me thoda change karna hoga,change karna hoga plan me thoda,1.0,1.0,1.0
40,social,EN-HN-HN-EN-HN-HN,5,1,[3],base_es,plan me thoda change karna hoga,karna hoga plan me thoda change,1.0,0.0,0.0
40,social,EN-HN-HN-EN-HN-HN,5,1,[3],tf_es,change karna hoga plan me thoda,karna hoga plan me thoda change,1.0,0.0,0.0
41,work,EN-HN-EN-EN-HN-HN,3,2,"[0, 2]",base_tf,report ka draft send karna hai,draft send karna hai report ka,1.0,1.0,1.0
41,work,EN-HN-EN-EN-HN-HN,3,2,"[0, 2]",base_es,report ka draft send karna hai,send karna hai report ka draft,1.0,1.0,1.0
41,work,EN-HN-EN-EN-HN-HN,3,2,"[0, 2]",tf_es,draft send karna hai report ka,send karna hai report ka draft,1.0,1.0,1.0
42,work,EN-HN-EN-EN-HN,2,2,"[0, 2]",base_tf,meeting ka agenda update karo,agenda update karo meeting ka,1.0,1.0,1.0
42,work,EN-HN-EN-EN-HN,2,2,"[0, 2]",base_es,meeting ka agenda update karo,update karo meeting ka agenda,1.0,1.0,1.0
42,work,EN-HN-EN-EN-HN,2,2,"[0, 2]",tf_es,agenda update karo meeting ka,update karo meeting ka agenda,1.0,1.0,1.0
43,work,EN-HN-EN-HN-HN,2,2,"[0, 2]",base_tf,file ka backup rakh lena,backup rakh lena file ka,1.0,1.0,1.0
43,work,EN-HN-EN-HN-HN,2,2,"[0, 2]",base_es,file ka backup rakh lena,rakh lena file ka backup,1.0,1.0,1.0
43,work,EN-HN-EN-HN-HN,2,2,"[0, 2]",tf_es,backup rakh lena file ka,rakh lena file ka backup,1.0,1.0,1.0
44,work,EN-HN-EN-EN-HN-HN-HN,4,2,"[0, 2]",base_tf,email ka attachment open nahi ho raha,attachment open nahi ho raha email ka,1.0,1.0,1.0
44,work,EN-HN-EN-EN-HN-HN-HN,4,2,"[0, 2]",base_es,email ka attachment open nahi ho raha,open nahi ho raha email ka attachment,1.0,0.0,0.0
44,work,EN-HN-EN-EN-HN-HN-HN,4,2,"[0, 2]",tf_es,attachment open nahi ho raha email ka,open nahi ho raha email ka attachment,1.0,0.0,0.0
45,work,EN-HN-EN-EN-HN,2,2,"[0, 2]",base_tf,task ka status confirm karna,status confirm karna task ka,1.0,1.0,1.0
45,work,EN-HN-EN-EN-HN,2,2,"[0, 2]",base_es,task ka status confirm karna,confirm karna task ka status,1.0,1.0,1.0
45,work,EN-HN-EN-EN-HN,2,2,"[0, 2]",tf_es,status confirm karna task ka,confirm karna task ka status,1.0,1.0,1.0
46,work,EN-HN-EN-EN-HN-HN,3,2,"[0, 2]",base_tf,project ka timeline tight ho gaya,timeline tight ho gaya project ka,1.0,1.0,1.0
46,work,EN-HN-EN-EN-HN-HN,3,2,"[0, 2]",base_es,project ka timeline tight ho gaya,tight ho gaya project ka timeline,1.0,0.0,0.0
46,work,EN-HN-EN-EN-HN-HN,3,2,"[0, 2]",tf_es,timeline tight ho gaya project ka,tight ho gaya project ka timeline,1.0,0.0,0.0
47,work,EN-HN-EN-EN-HN,2,2,"[0, 2]",base_tf,laptop ka charger missing hai,charger missing hai laptop ka,1.0,1.0,1.0
47,work,EN-HN-EN-EN-HN,2,2,"[0, 2]",base_es,laptop ka charger missing hai,missing hai laptop ka charger,1.0,0.0,0.0
47,work,EN-HN-EN-EN-HN,2,2,"[0, 2]",tf_es,charger missing hai laptop ka,missing hai laptop ka charger,1.0,0.0,0.0
48,work,EN-HN-EN-HN-HN-HN,4,1,[0],base_tf,code me error aa raha hai,error aa raha hai code me,1.0,1.0,1.0
48,work,EN-HN-EN-HN-HN-HN,4,1,[0],base_es,code me error aa raha hai,aa raha hai code me error,1.0,0.0,0.0
48,work,EN-HN-EN-HN-HN-HN,4,1,[0],tf_es,error aa raha hai code me,aa raha hai code me error,1.0,0.0,0.0
49,work,EN-HN-EN-HN-HN,3,1,[0],base_tf,work ka deadline kal hai,deadline kal hai work ka,1.0,1.0,1.0
49,work,EN-HN-EN-HN-HN,3,1,[0],base_es,work ka deadline kal hai,kal hai work ka deadline,1.0,1.0,1.0
49,work,EN-HN-EN-HN-HN,3,1,[0],tf_es,deadline kal hai work ka,kal hai work ka deadline,1.0,1.0,1.0
50,work,EN-HN-EN-EN-HN,3,1,[0],base_tf,meeting ka link wrong tha,link wrong tha meeting ka,1.0,1.0,1.0
50,work,EN-HN-EN-EN-HN,3,1,[0],base_es,meeting ka link wrong tha,wrong tha meeting ka link,1.0,0.0,0.0
50,work,EN-HN-EN-EN-HN,3,1,[0],tf_es,link wrong tha meeting ka,wrong tha meeting ka link,1.0,0.0,0.0
51,education,EN-HN-EN-EN-HN-HN,3,2,"[0, 2]",base_tf,homework ka topic explain kar do,topic explain kar do homework ka,1.0,1.0,1.0
51,education,EN-HN-EN-EN-HN-HN,3,2,"[0, 2]",base_es,homework ka topic explain kar do,explain kar do homework ka topic,1.0,1.0,1.0
51,education,EN-HN-EN-EN-HN-HN,3,2,"[0, 2]",tf_es,topic explain kar do homework ka,explain kar do homework ka topic,1.0,1.0,1.0
52,education,EN-HN-EN-EN-HN-HN,3,1,[2],base_tf,class ka schedule change ho gaya,schedule change ho gaya class ka,1.0,1.0,1.0
52,education,EN-HN-EN-EN-HN-HN,3,1,[2],base_es,class ka schedule change ho gaya,change ho gaya class ka schedule,1.0,0.0,0.0
52,education,EN-HN-EN-EN-HN-HN,3,1,[2],tf_es,schedule change ho gaya class ka,change ho gaya class ka schedule,1.0,0.0,0.0
53,education,EN-HN-EN-EN-HN-HN,3,1,[2],base_tf,exam ka syllabus confirm karna hai,syllabus confirm karna hai exam ka,1.0,1.0,1.0
53,education,EN-HN-EN-EN-HN-HN,3,1,[2],base_es,exam ka syllabus confirm karna hai,confirm karna hai exam ka syllabus,1.0,1.0,1.0
53,education,EN-HN-EN-EN-HN-HN,3,1,[2],tf_es,syllabus confirm karna hai exam ka,confirm karna hai exam ka syllabus,1.0,1.0,1.0
54,education,EN-HN-EN-EN-HN-HN,3,1,[2],base_tf,notes ka PDF share kar dena,PDF share kar dena notes ka,1.0,1.0,1.0
54,education,EN-HN-EN-EN-HN-HN,3,1,[2],base_es,notes ka PDF share kar dena,share kar dena notes ka PDF,1.0,1.0,1.0
54,education,EN-HN-EN-EN-HN-HN,3,1,[2],tf_es,PDF share kar dena notes ka,share kar dena notes ka PDF,1.0,1.0,1.0
55,education,EN-HN-EN-EN-HN-HN,4,0,[],base_tf,lecture ka recording upload hua kya,recording upload hua kya lecture ka,1.0,1.0,1.0
55,education,EN-HN-EN-EN-HN-HN,4,0,[],base_es,lecture ka recording upload hua kya,upload hua lecture ka recording kya,1.0,0.0,0.0
55,education,EN-HN-EN-EN-HN-HN,4,0,[],tf_es,recording upload hua kya lecture ka,upload hua lecture ka recording kya,1.0,0.0,0.0
56,education,EN-HN-EN-EN-HN,3,1,[2],base_tf,assignment ka deadline extend hoga,deadline extend hoga assignment ka,1.0,1.0,1.0
56,education,EN-HN-EN-EN-HN,3,1,[2],base_es,assignment ka deadline extend hoga,extend hoga assignment ka deadline,1.0,0.0,0.0
56,education,EN-HN-EN-EN-HN,3,1,[2],tf_es,deadline extend hoga assignment ka,extend hoga assignment ka deadline,1.0,0.0,0.0
57,education,EN-HN-EN-EN-HN-HN,4,1,[2],base_tf,project ka topic finalize karte hain,topic finalize karte hain project ka,1.0,1.0,1.0
57,education,EN-HN-EN-EN-HN-HN,4,1,[2],base_es,project ka topic finalize karte hain,finalize karte hain project ka topic,1.0,1.0,1.0
57,education,EN-HN-EN-EN-HN-HN,4,1,[2],tf_es,topic finalize karte hain project ka,finalize karte hain project ka topic,1.0,1.0,1.0
58,education,EN-HN-EN-EN-HN-HN,3,1,[2],base_tf,book ka chapter difficult lag raha,chapter difficult lag raha book ka,1.0,1.0,1.0
58,education,EN-HN-EN-EN-HN-HN,3,1,[2],base_es,book ka chapter difficult lag raha,lag raha book ka chapter difficult,1.0,0.0,0.0
58,education,EN-HN-EN-EN-HN-HN,3,1,[2],tf_es,chapter difficult lag raha book ka,lag raha book ka chapter difficult,1.0,0.0,0.0
59,education,EN-HN-EN-HN-HN,3,1,[2],base_tf,attendance ka criteria kya hai,criteria kya hai attendance ka,1.0,1.0,1.0
59,education,EN-HN-EN-HN-HN,3,1,[2],base_es,attendance ka criteria kya hai,kya hai attendance ka criteria,1.0,1.0,1.0
59,education,EN-HN-EN-HN-HN,3,1,[2],tf_es,criteria kya hai attendance ka,kya hai attendance ka criteria,1.0,1.0,1.0
60,education,EN-HN-EN-HN-HN,3,1,[2],base_tf,test ka result kab aayega,result kab aayega test ka,1.0,1.0,1.0
60,education,EN-HN-EN-HN-HN,3,1,[2],base_es,test ka result kab aayega,kab aayega test ka result,1.0,1.0,1.0
60,education,EN-HN-EN-HN-HN,3,1,[2],tf_es,result kab aayega test ka,kab aayega test ka result,1.0,1.0,1.0
61,household,EN-HN-EN-EN-HN-HN,3,2,"[0, 2]",base_tf,room ka light off kar do,light off kar do room ka,1.0,1.0,1.0
61,household,EN-HN-EN-EN-HN-HN,3,2,"[0, 2]",base_es,room ka light off kar do,off kar do room ka light,1.0,1.0,1.0
61,household,EN-HN-EN-EN-HN-HN,3,2,"[0, 2]",tf_es,light off kar do room ka,off kar do room ka light,1.0,1.0,1.0
62,household,EN-HN-EN-EN-HN-HN,3,2,"[2, 3]",base_tf,kitchen ka slab clean karna hai,slab clean karna hai kitchen ka,1.0,1.0,1.0
62,household,EN-HN-EN-EN-HN-HN,3,2,"[2, 3]",base_es,kitchen ka slab clean karna hai,clean karna hai kitchen ka slab,1.0,1.0,1.0
62,household,EN-HN-EN-EN-HN-HN,3,2,"[2, 3]",tf_es,slab clean karna hai kitchen ka,clean karna hai kitchen ka slab,1.0,1.0,1.0
63,household,EN-HN-EN-EN-HN-HN,3,2,"[2, 3]",base_tf,fan ka speed increase kar do,speed increase kar do fan ka,1.0,1.0,1.0
63,household,EN-HN-EN-EN-HN-HN,3,2,"[2, 3]",base_es,fan ka speed increase kar do,increase kar do fan ka speed,1.0,1.0,1.0
63,household,EN-HN-EN-EN-HN-HN,3,2,"[2, 3]",tf_es,speed increase kar do fan ka,increase kar do fan ka speed,1.0,1.0,1.0
64,household,EN-HN-EN-EN-HN-HN,3,2,"[0, 2]",base_tf,bottle ka water fill kar do,water fill kar do bottle ka,1.0,1.0,1.0
64,household,EN-HN-EN-EN-HN-HN,3,2,"[0, 2]",base_es,bottle ka water fill kar do,fill kar do bottle ka water,1.0,1.0,1.0
64,household,EN-HN-EN-EN-HN-HN,3,2,"[0, 2]",tf_es,water fill kar do bottle ka,fill kar do bottle ka water,1.0,1.0,1.0
65,household,EN-HN-EN-HN-HN-HN,3,2,"[0, 3]",base_tf,AC ka temperature kam kar do,temperature kam kar do AC ka,1.0,1.0,1.0
65,household,EN-HN-EN-HN-HN-HN,3,2,"[0, 3]",base_es,AC ka temperature kam kar do,kam kar do AC ka temperature,1.0,0.0,0.0
65,household,EN-HN-EN-HN-HN-HN,3,2,"[0, 3]",tf_es,temperature kam kar do AC ka,kam kar do AC ka temperature,1.0,0.0,0.0
66,household,EN-HN-EN-HN-HN-HN,4,1,[2],base_tf,gate ka lock lagana mat bhoolna,lock lagana mat bhoolna gate ka,1.0,1.0,1.0
66,household,EN-HN-EN-HN-HN-HN,4,1,[2],base_es,gate ka lock lagana mat bhoolna,lagana mat bhoolna gate ka lock,1.0,1.0,1.0
66,household,EN-HN-EN-HN-HN-HN,4,1,[2],tf_es,lock lagana mat bhoolna gate ka,lagana mat bhoolna gate ka lock,1.0,1.0,1.0
67,household,EN-HN-EN-EN-HN-HN,3,2,"[0, 2]",base_tf,table ka cover change kar dena,cover change kar dena table ka,1.0,1.0,1.0
67,household,EN-HN-EN-EN-HN-HN,3,2,"[0, 2]",base_es,table ka cover change kar dena,change kar dena table ka cover,1.0,1.0,1.0
67,household,EN-HN-EN-EN-HN-HN,3,2,"[0, 2]",tf_es,cover change kar dena table ka,change kar dena table ka cover,1.0,1.0,1.0
68,household,EN-HN-EN-HN-HN,3,1,[2],base_tf,clothes ka ironing karna hai,ironing karna hai clothes ka,1.0,1.0,1.0
68,household,EN-HN-EN-HN-HN,3,1,[2],base_es,clothes ka ironing karna hai,karna hai clothes ka ironing,1.0,0.0,0.0
68,household,EN-HN-EN-HN-HN,3,1,[2],tf_es,ironing karna hai clothes ka,karna hai clothes ka ironing,1.0,0.0,0.0
69,household,EN-HN-EN-EN-EN-HN,3,2,"[2, 4]",base_tf,fridge ka door properly close karo,door properly close karo fridge ka,1.0,1.0,1.0
69,household,EN-HN-EN-EN-EN-HN,3,2,"[2, 4]",base_es,fridge ka door properly close karo,close karo fridge ka door properly,1.0,1.0,1.0
69,household,EN-HN-EN-EN-EN-HN,3,2,"[2, 4]",tf_es,door properly close karo fridge ka,close karo fridge ka door properly,1.0,1.0,1.0
70,household,EN-HN-EN-EN-HN-HN,4,1,[0],base_tf,milk ka packet fridge me rakhna,packet fridge me rakhna milk ka,1.0,1.0,1.0
70,household,EN-HN-EN-EN-HN-HN,4,1,[0],base_es,milk ka packet fridge me rakhna,rakhna milk ka packet fridge me,1.0,0.0,0.0
70,household,EN-HN-EN-EN-HN-HN,4,1,[0],tf_es,packet fridge me rakhna milk ka,rakhna milk ka packet fridge me,1.0,0.0,0.0
71,digital,EN-HN-EN-EN-HN-HN,2,3,"[0, 2, 3]",base_tf,phone ka storage full ho gaya,storage full ho gaya phone ka,1.0,1.0,1.0
71,digital,EN-HN-EN-EN-HN-HN,2,3,"[0, 2, 3]",base_es,phone ka storage full ho gaya,full ho gaya phone ka storage,1.0,0.0,0.0
71,digital,EN-HN-EN-EN-HN-HN,2,3,"[0, 2, 3]",tf_es,storage full ho gaya phone ka,full ho gaya phone ka storage,1.0,0.0,0.0
72,digital,EN-HN-EN-HN-HN-HN,3,2,"[0, 2]",base_tf,app ka update install karna hai,update install karna hai app ka,1.0,1.0,1.0
72,digital,EN-HN-EN-HN-HN-HN,3,2,"[0, 2]",base_es,app ka update install karna hai,install karna hai app ka update,1.0,1.0,1.0
72,digital,EN-HN-EN-HN-HN-HN,3,2,"[0, 2]",tf_es,update install karna hai app ka,install karna hai app ka update,1.0,1.0,1.0
73,digital,EN-HN-EN-EN-HN-HN-HN,4,2,"[0, 2]",base_tf,password ka reset option nahi mil raha,reset option nahi mil raha password ka,1.0,1.0,1.0
73,digital,EN-HN-EN-EN-HN-HN-HN,4,2,"[0, 2]",base_es,password ka reset option nahi mil raha,nahi mil raha password ka reset option,1.0,0.0,0.0
73,digital,EN-HN-EN-EN-HN-HN-HN,4,2,"[0, 2]",tf_es,reset option nahi mil raha password ka,nahi mil raha password ka reset option,1.0,0.0,0.0
74,digital,EN-HN-EN-EN-HN-HN,3,2,"[0, 2]",base_tf,WiFi ka signal weak lag raha,signal weak lag raha WiFi ka,1.0,1.0,1.0
74,digital,EN-HN-EN-EN-HN-HN,3,2,"[0, 2]",base_es,WiFi ka signal weak lag raha,lag raha WiFi ka signal weak,1.0,0.0,0.0
74,digital,EN-HN-EN-EN-HN-HN,3,2,"[0, 2]",tf_es,signal weak lag raha WiFi ka,lag raha WiFi ka signal weak,1.0,0.0,0.0
75,digital,EN-HN-EN-EN-HN-HN,3,2,"[0, 2]",base_tf,phone ka hotspot on kar do,hotspot on kar do phone ka,1.0,1.0,1.0
75,digital,EN-HN-EN-EN-HN-HN,3,2,"[0, 2]",base_es,phone ka hotspot on kar do,on kar do phone ka hotspot,1.0,1.0,1.0
75,digital,EN-HN-EN-EN-HN-HN,3,2,"[0, 2]",tf_es,hotspot on kar do phone ka,on kar do phone ka hotspot,1.0,1.0,1.0
76,digital,EN-HN-EN-EN-HN,2,2,"[0, 2]",base_tf,laptop ka update pending hai,update pending hai laptop ka,1.0,1.0,1.0
76,digital,EN-HN-EN-EN-HN,2,2,"[0, 2]",base_es,laptop ka update pending hai,pending hai laptop ka update,1.0,0.0,0.0
76,digital,EN-HN-EN-EN-HN,2,2,"[0, 2]",tf_es,update pending hai laptop ka,pending hai laptop ka update,1.0,0.0,0.0
77,digital,EN-HN-EN-HN-HN-HN,3,2,"[0, 2]",base_tf,screen ka brightness kam kar do,brightness kam kar do screen ka,1.0,1.0,1.0
77,digital,EN-HN-EN-HN-HN-HN,3,2,"[0, 2]",base_es,screen ka brightness kam kar do,kam kar do screen ka brightness,1.0,0.0,0.0
77,digital,EN-HN-EN-HN-HN-HN,3,2,"[0, 2]",tf_es,brightness kam kar do screen ka,kam kar do screen ka brightness,1.0,0.0,0.0
78,digital,EN-HN-EN-EN-HN-HN-HN,3,2,"[0, 2]",base_tf,mic ka input detect nahi ho raha,input detect nahi ho raha mic ka,1.0,1.0,1.0
78,digital,EN-HN-EN-EN-HN-HN-HN,3,2,"[0, 2]",base_es,mic ka input detect nahi ho raha,detect nahi ho raha mic ka input,1.0,0.0,0.0
78,digital,EN-HN-EN-EN-HN-HN-HN,3,2,"[0, 2]",tf_es,input detect nahi ho raha mic ka,detect nahi ho raha mic ka input,1.0,0.0,0.0
79,digital,EN-HN-EN-EN-HN,2,2,"[0, 2]",base_tf,speaker ka volume low hai,volume low hai speaker ka,1.0,1.0,1.0
79,digital,EN-HN-EN-EN-HN,2,2,"[0, 2]",base_es,speaker ka volume low hai,low hai speaker ka volume,1.0,0.0,0.0
79,digital,EN-HN-EN-EN-HN,2,2,"[0, 2]",tf_es,volume low hai speaker ka,low hai speaker ka volume,1.0,0.0,0.0
80,digital,EN-HN-EN-HN-HN-HN,3,2,"[0, 2]",base_tf,battery ka percentage kam ho raha,percentage kam ho raha battery ka,1.0,1.0,1.0
80,digital,EN-HN-EN-HN-HN-HN,3,2,"[0, 2]",base_es,battery ka percentage kam ho raha,kam ho raha battery ka percentage,1.0,0.0,0.0
80,digital,EN-HN-EN-HN-HN-HN,3,2,"[0, 2]",tf_es,percentage kam ho raha battery ka,kam ho raha battery ka percentage,1.0,0.0,0.0
81,health,EN-HN-EN-HN-HN-HN,4,1,[0],base_tf,medicine ka dose kab lena hai,dose kab lena hai medicine ka,1.0,1.0,1.0
81,health,EN-HN-EN-HN-HN-HN,4,1,[0],base_es,medicine ka dose kab lena hai,kab lena hai medicine ka dose,1.0,1.0,1.0
81,health,EN-HN-EN-HN-HN-HN,4,1,[0],tf_es,dose kab lena hai medicine ka,kab lena hai medicine ka dose,1.0,1.0,1.0
82,health,EN-HN-EN-EN-HN,3,1,[0],base_tf,doctor ka appointment confirm hua,appointment confirm hua doctor ka,1.0,1.0,1.0
82,health,EN-HN-EN-EN-HN,3,1,[0],base_es,doctor ka appointment confirm hua,confirm hua doctor ka appointment,1.0,0.0,0.0
82,health,EN-HN-EN-EN-HN,3,1,[0],tf_es,appointment confirm hua doctor ka,confirm hua doctor ka appointment,1.0,0.0,0.0
83,health,EN-HN-EN-EN-HN,3,1,[2],base_tf,fever ka temperature check karo,temperature check karo fever ka,1.0,1.0,1.0
83,health,EN-HN-EN-EN-HN,3,1,[2],base_es,fever ka temperature check karo,check karo fever ka temperature,1.0,1.0,1.0
83,health,EN-HN-EN-EN-HN,3,1,[2],tf_es,temperature check karo fever ka,check karo fever ka temperature,1.0,1.0,1.0
84,health,EN-HN-EN-EN-HN,3,1,[2],base_tf,syrup ka spoon measure karna,spoon measure karna syrup ka,1.0,0.0,0.0
84,health,EN-HN-EN-EN-HN,3,1,[2],base_es,syrup ka spoon measure karna,measure karna syrup ka spoon,1.0,1.0,1.0
84,health,EN-HN-EN-EN-HN,3,1,[2],tf_es,spoon measure karna syrup ka,measure karna syrup ka spoon,1.0,0.0,0.0
85,health,EN-HN-EN-EN-HN-HN,3,1,[2],base_tf,prescription ka photo send kar do,photo send kar do prescription ka,1.0,1.0,1.0
85,health,EN-HN-EN-EN-HN-HN,3,1,[2],base_es,prescription ka photo send kar do,send kar do prescription ka photo,1.0,1.0,1.0
85,health,EN-HN-EN-EN-HN-HN,3,1,[2],tf_es,photo send kar do prescription ka,send kar do prescription ka photo,1.0,1.0,1.0
86,health,EN-HN-EN-HN-HN-HN-HN,5,1,[2],base_tf,pain ka reason samajh nahi aa raha,reason samajh nahi aa raha pain ka,1.0,1.0,1.0
86,health,EN-HN-EN-HN-HN-HN-HN,5,1,[2],base_es,pain ka reason samajh nahi aa raha,samajh nahi aa raha pain ka reason,1.0,0.0,0.0
86,health,EN-HN-EN-HN-HN-HN-HN,5,1,[2],tf_es,reason samajh nahi aa raha pain ka,samajh nahi aa raha pain ka reason,1.0,0.0,0.0
87,health,EN-HN-EN-HN-HN-HN,3,1,[0],base_tf,BP ka reading high aa gaya,reading high aa gaya BP ka,1.0,1.0,1.0
87,health,EN-HN-EN-HN-HN-HN,3,1,[0],base_es,BP ka reading high aa gaya,high aa gaya BP ka reading,1.0,0.0,0.0
87,health,EN-HN-EN-HN-HN-HN,3,1,[0],tf_es,reading high aa gaya BP ka,high aa gaya BP ka reading,1.0,0.0,0.0
88,health,EN-HN-EN-EN-HN,2,2,"[2, 3]",base_tf,tablet ka effect slow hai,effect slow hai tablet ka,1.0,1.0,1.0
88,health,EN-HN-EN-EN-HN,2,2,"[2, 3]",base_es,tablet ka effect slow hai,slow hai tablet ka effect,1.0,0.0,0.0
88,health,EN-HN-EN-EN-HN,2,2,"[2, 3]",tf_es,effect slow hai tablet ka,slow hai tablet ka effect,1.0,0.0,0.0
89,health,EN-HN-EN-EN-HN-HN-HN,5,1,[2],base_tf,sugar ka test fasting me hota hai,test fasting me hota hai sugar ka,1.0,0.0,0.0
89,health,EN-HN-EN-EN-HN-HN-HN,5,1,[2],base_es,sugar ka test fasting me hota hai,fasting me hota hai sugar ka test,1.0,0.0,0.0
89,health,EN-HN-EN-EN-HN-HN-HN,5,1,[2],tf_es,test fasting me hota hai sugar ka,fasting me hota hai sugar ka test,1.0,0.0,0.0
90,health,EN-HN-EN-HN-EN-EN-HN,4,2,"[0, 4]",base_tf,doctor ka clinic kis time open hota,clinic kis time open hota doctor ka,1.0,1.0,1.0
90,health,EN-HN-EN-HN-EN-EN-HN,4,2,"[0, 4]",base_es,doctor ka clinic kis time open hota,kis time open hota doctor ka clinic,1.0,1.0,1.0
90,health,EN-HN-EN-HN-EN-EN-HN,4,2,"[0, 4]",tf_es,clinic kis time open hota doctor ka,kis time open hota doctor ka clinic,1.0,1.0,1.0
91,transport,EN-EN-HN-EN-EN-HN,3,3,"[0, 1, 3]",base_tf,bus stop ka route map dikhana,route map dikhana bus stop ka,1.0,1.0,1.0
91,transport,EN-EN-HN-EN-EN-HN,3,3,"[0, 1, 3]",base_es,bus stop ka route map dikhana,dikhana bus stop ka route map,1.0,0.0,0.0
91,transport,EN-EN-HN-EN-EN-HN,3,3,"[0, 1, 3]",tf_es,route map dikhana bus stop ka,dikhana bus stop ka route map,1.0,0.0,0.0
92,transport,EN-HN-EN-EN-HN-HN,2,3,"[0, 2, 3]",base_tf,cab ka OTP enter kar do,OTP enter kar do cab ka,1.0,1.0,1.0
92,transport,EN-HN-EN-EN-HN-HN,2,3,"[0, 2, 3]",base_es,cab ka OTP enter kar do,enter kar do cab ka OTP,1.0,1.0,1.0
92,transport,EN-HN-EN-EN-HN-HN,2,3,"[0, 2, 3]",tf_es,OTP enter kar do cab ka,enter kar do cab ka OTP,1.0,1.0,1.0
93,transport,EN-HN-EN-EN-HN-HN,3,2,"[0, 2]",base_tf,road ka traffic heavy lag raha,traffic heavy lag raha road ka,1.0,1.0,1.0
93,transport,EN-HN-EN-EN-HN-HN,3,2,"[0, 2]",base_es,road ka traffic heavy lag raha,lag raha road ka traffic heavy,1.0,0.0,0.0
93,transport,EN-HN-EN-EN-HN-HN,3,2,"[0, 2]",tf_es,traffic heavy lag raha road ka,lag raha road ka traffic heavy,1.0,0.0,0.0
94,transport,EN-HN-EN-EN-HN-HN,3,2,"[0, 2]",base_tf,signal ka light green ho gaya,light green ho gaya signal ka,1.0,1.0,1.0
94,transport,EN-HN-EN-EN-HN-HN,3,2,"[0, 2]",base_es,signal ka light green ho gaya,ho gaya signal ka light green,1.0,0.0,0.0
94,transport,EN-HN-EN-EN-HN-HN,3,2,"[0, 2]",tf_es,light green ho gaya signal ka,ho gaya signal ka light green,1.0,0.0,0.0
95,transport,EN-HN-EN-HN-EN-HN,4,1,[0],base_tf,metro ka gate kis side hoga,gate kis side hoga metro ka,1.0,1.0,1.0
95,transport,EN-HN-EN-HN-EN-HN,4,1,[0],base_es,metro ka gate kis side hoga,kis side hoga metro ka gate,1.0,1.0,1.0
95,transport,EN-HN-EN-HN-EN-HN,4,1,[0],tf_es,gate kis side hoga metro ka,kis side hoga metro ka gate,1.0,1.0,1.0
96,transport,EN-HN-EN-EN-HN-HN,3,1,[0],base_tf,cab ka driver close aa raha,driver close aa raha cab ka,1.0,1.0,1.0
96,transport,EN-HN-EN-EN-HN-HN,3,1,[0],base_es,cab ka driver close aa raha,aa raha cab ka driver close,1.0,0.0,0.0
96,transport,EN-HN-EN-EN-HN-HN,3,1,[0],tf_es,driver close aa raha cab ka,aa raha cab ka driver close,1.0,0.0,0.0
97,transport,EN-HN-EN-EN-HN-HN,4,1,[2],base_tf,parking ka ticket lose mat karna,ticket lose mat karna parking ka,1.0,1.0,1.0
97,transport,EN-HN-EN-EN-HN-HN,4,1,[2],base_es,parking ka ticket lose mat karna,lose mat karna parking ka ticket,1.0,1.0,1.0
97,transport,EN-HN-EN-EN-HN-HN,4,1,[2],tf_es,ticket lose mat karna parking ka,lose mat karna parking ka ticket,1.0,1.0,1.0
98,transport,EN-HN-EN-HN-HN-HN,3,1,[2],base_tf,petrol ka price phir badh gaya,price phir badh gaya petrol ka,1.0,1.0,1.0
98,transport,EN-HN-EN-HN-HN-HN,3,1,[2],base_es,petrol ka price phir badh gaya,badh gaya petrol ka price phir,1.0,0.0,0.0
98,transport,EN-HN-EN-HN-HN-HN,3,1,[2],tf_es,price phir badh gaya petrol ka,badh gaya petrol ka price phir,1.0,0.0,0.0
99,transport,EN-HN-EN-EN-HN-HN,3,2,"[0, 2]",base_tf,bike ka tyre flat ho gaya,tyre flat ho gaya bike ka,1.0,1.0,1.0
99,transport,EN-HN-EN-EN-HN-HN,3,2,"[0, 2]",base_es,bike ka tyre flat ho gaya,flat ho gaya bike ka tyre,1.0,0.0,0.0
99,transport,EN-HN-EN-EN-HN-HN,3,2,"[0, 2]",tf_es,tyre flat ho gaya bike ka,flat ho gaya bike ka tyre,1.0,0.0,0.0
100,transport,EN-HN-EN-HN-HN-HN,4,2,"[0, 2]",base_tf,rickshaw ka turn galat lag raha,turn galat lag raha rickshaw ka,1.0,1.0,1.0
100,transport,EN-HN-EN-HN-HN-HN,4,2,"[0, 2]",base_es,rickshaw ka turn galat lag raha,lag raha rickshaw ka turn galat,1.0,0.0,0.0
100,transport,EN-HN-EN-HN-HN-HN,4,2,"[0, 2]",tf_es,turn galat lag raha rickshaw ka,lag raha rickshaw ka turn galat,1.0,0.0,0.0
101,travel,EN-HN-EN-EN-EN-HN-HN,4,2,"[1, 2]",base_tf,train ka AC coach available hai kya,AC coach available hai kya train ka,1.0,1.0,1.0
101,travel,EN-HN-EN-EN-EN-HN-HN,4,2,"[1, 2]",base_es,train ka AC coach available hai kya,available hai kya train ka AC coach,1.0,0.0,0.0
101,travel,EN-HN-EN-EN-EN-HN-HN,4,2,"[1, 2]",tf_es,AC coach available hai kya train ka,available hai kya train ka AC coach,1.0,0.0,0.0
102,travel,EN-HN-EN-EN-HN-HN-HN,4,2,"[1, 2]",base_tf,bus ka last stop kaha aata hai,last stop kaha aata hai bus ka,1.0,1.0,1.0
102,travel,EN-HN-EN-EN-HN-HN-HN,4,2,"[1, 2]",base_es,bus ka last stop kaha aata hai,kaha aata hai bus ka last stop,1.0,1.0,1.0
102,travel,EN-HN-EN-EN-HN-HN-HN,4,2,"[1, 2]",tf_es,last stop kaha aata hai bus ka,kaha aata hai bus ka last stop,1.0,1.0,1.0
103,travel,EN-HN-EN-EN-EN-HN,3,3,"[1, 2, 3]",base_tf,flight ka gate number announce hua,gate number announce hua flight ka,1.0,1.0,1.0
103,travel,EN-HN-EN-EN-EN-HN,3,3,"[1, 2, 3]",base_es,flight ka gate number announce hua,announce hua flight ka gate number,1.0,0.0,0.0
103,travel,EN-HN-EN-EN-EN-HN,3,3,"[1, 2, 3]",tf_es,gate number announce hua flight ka,announce hua flight ka gate number,1.0,0.0,0.0
104,travel,EN-HN-EN-EN-EN-HN-HN,3,3,"[1, 2, 3]",base_tf,cab ka pickup location change ho gaya,pickup location change ho gaya cab ka,1.0,1.0,1.0
104,travel,EN-HN-EN-EN-EN-HN-HN,3,3,"[1, 2, 3]",base_es,cab ka pickup location change ho gaya,change ho gaya cab ka pickup location,1.0,0.0,0.0
104,travel,EN-HN-EN-EN-EN-HN-HN,3,3,"[1, 2, 3]",tf_es,pickup location change ho gaya cab ka,change ho gaya cab ka pickup location,1.0,0.0,0.0
105,travel,EN-HN-EN-HN-HN-HN-HN,4,1,[1],base_tf,platform ka lift kaam nahi kar raha,lift kaam nahi kar raha platform ka,1.0,1.0,1.0
105,travel,EN-HN-EN-HN-HN-HN-HN,4,1,[1],base_es,platform ka lift kaam nahi kar raha,kaam nahi kar raha platform ka lift,1.0,0.0,0.0
105,travel,EN-HN-EN-HN-HN-HN-HN,4,1,[1],tf_es,lift kaam nahi kar raha platform ka,kaam nahi kar raha platform ka lift,1.0,0.0,0.0
106,food,EN-HN-EN-EN-HN-HN,3,2,"[1, 2]",base_tf,restaurant ka waiting time zyada hai,waiting time zyada hai restaurant ka,1.0,1.0,1.0
106,food,EN-HN-EN-EN-HN-HN,3,2,"[1, 2]",base_es,restaurant ka waiting time zyada hai,zyada hai restaurant ka waiting time,1.0,0.0,0.0
106,food,EN-HN-EN-EN-HN-HN,3,2,"[1, 2]",tf_es,waiting time zyada hai restaurant ka,zyada hai restaurant ka waiting time,1.0,0.0,0.0
107,food,EN-HN-EN-HN-HN-HN,4,1,[1],base_tf,starter ka portion thoda chhota hai,portion thoda chhota hai starter ka,1.0,1.0,1.0
107,food,EN-HN-EN-HN-HN-HN,4,1,[1],base_es,starter ka portion thoda chhota hai,thoda chhota hai starter ka portion,1.0,0.0,0.0
107,food,EN-HN-EN-HN-HN-HN,4,1,[1],tf_es,portion thoda chhota hai starter ka,thoda chhota hai starter ka portion,1.0,0.0,0.0
108,food,EN-HN-EN-EN-EN-HN,3,3,"[1, 2, 3]",base_tf,menu ka digital version available hai,digital version available hai menu ka,1.0,1.0,1.0
108,food,EN-HN-EN-EN-EN-HN,3,3,"[1, 2, 3]",base_es,menu ka digital version available hai,available hai menu ka digital version,1.0,0.0,0.0
108,food,EN-HN-EN-EN-EN-HN,3,3,"[1, 2, 3]",tf_es,digital version available hai menu ka,available hai menu ka digital version,1.0,0.0,0.0
109,food,EN-HN-EN-EN-HN-HN,3,2,"[1, 2]",base_tf,dessert ka sugar level kam rakho,sugar level kam rakho dessert ka,1.0,1.0,1.0
109,food,EN-HN-EN-EN-HN-HN,3,2,"[1, 2]",base_es,dessert ka sugar level kam rakho,kam rakho dessert ka sugar level,1.0,0.0,0.0
109,food,EN-HN-EN-EN-HN-HN,3,2,"[1, 2]",tf_es,sugar level kam rakho dessert ka,kam rakho dessert ka sugar level,1.0,0.0,0.0
110,shopping,EN-EN-HN-EN-HN-HN,3,2,"[0, 1]",base_tf,online order ka packing loose tha,packing loose tha online order ka,1.0,1.0,1.0
110,shopping,EN-EN-HN-EN-HN-HN,3,2,"[0, 1]",base_es,online order ka packing loose tha,loose tha online order ka packing,1.0,0.0,0.0
110,shopping,EN-EN-HN-EN-HN-HN,3,2,"[0, 1]",tf_es,packing loose tha online order ka,loose tha online order ka packing,1.0,0.0,0.0
111,shopping,EN-HN-EN-EN-HN-HN-HN,4,2,"[1, 2]",base_tf,wallet ka zip properly band nahi hua,zip properly band nahi hua wallet ka,1.0,1.0,1.0
111,shopping,EN-HN-EN-EN-HN-HN-HN,4,2,"[1, 2]",base_es,wallet ka zip properly band nahi hua,band nahi hua wallet ka zip properly,1.0,0.0,0.0
111,shopping,EN-HN-EN-EN-HN-HN-HN,4,2,"[1, 2]",tf_es,zip properly band nahi hua wallet ka,band nahi hua wallet ka zip properly,1.0,0.0,0.0
112,shopping,EN-EN-HN-EN-EN-HN-HN,3,3,"[0, 1, 3]",base_tf,online sale ka notification miss ho gaya,sale ka notification miss ho gaya online,1.0,1.0,1.0
112,shopping,EN-EN-HN-EN-EN-HN-HN,3,3,"[0, 1, 3]",base_es,online sale ka notification miss ho gaya,miss ho gaya online sale ka notification,1.0,0.0,0.0
112,shopping,EN-EN-HN-EN-EN-HN-HN,3,3,"[0, 1, 3]",tf_es,sale ka notification miss ho gaya online,miss ho gaya online sale ka notification,1.0,0.0,0.0
113,shopping,EN-HN-EN-EN-HN-HN-HN,3,2,"[1, 2]",base_tf,payment ka transaction failed dikha raha,transaction failed dikha raha payment ka,1.0,1.0,1.0
113,shopping,EN-HN-EN-EN-HN-HN-HN,3,2,"[1, 2]",base_es,payment ka transaction failed dikha raha,failed dikha raha payment ka transaction,1.0,0.0,0.0
113,shopping,EN-HN-EN-EN-HN-HN-HN,3,2,"[1, 2]",tf_es,transaction failed dikha raha payment ka,failed dikha raha payment ka transaction,1.0,0.0,0.0
114,work,EN-HN-EN-EN-HN-HN,3,2,"[1, 2]",base_tf,meeting ka room number update hua,room number update hua meeting ka,1.0,1.0,1.0
114,work,EN-HN-EN-EN-HN-HN,3,2,"[1, 2]",base_es,meeting ka room number update hua,update hua meeting ka room number,1.0,0.0,0.0
114,work,EN-HN-EN-EN-HN-HN,3,2,"[1, 2]",tf_es,room number update hua meeting ka,update hua meeting ka room number,1.0,0.0,0.0
115,work,EN-HN-EN-EN-HN-HN,3,2,"[1, 2]",base_tf,client ka feedback positive aa raha,feedback positive aa raha client ka,1.0,1.0,1.0
115,work,EN-HN-EN-EN-HN-HN,3,2,"[1, 2]",base_es,client ka feedback positive aa raha,positive aa raha client ka feedback,1.0,0.0,0.0
115,work,EN-HN-EN-EN-HN-HN,3,2,"[1, 2]",tf_es,feedback positive aa raha client ka,positive aa raha client ka feedback,1.0,0.0,0.0
116,work,EN-HN-EN-EN-EN-HN,2,3,"[1, 2, 3]",base_tf,presentation ka slide order change karo,slide order change karo presentation ka,1.0,1.0,1.0
116,work,EN-HN-EN-EN-EN-HN,2,3,"[1, 2, 3]",base_es,presentation ka slide order change karo,change karo presentation ka slide order,1.0,1.0,1.0
116,work,EN-HN-EN-EN-EN-HN,2,3,"[1, 2, 3]",tf_es,slide order change karo presentation ka,change karo presentation ka slide order,1.0,1.0,1.0
117,work,EN-HN-EN-HN-HN,3,1,[1],base_tf,office ka printer jam ho gaya,printer jam ho gaya office ka,1.0,1.0,1.0
117,work,EN-HN-EN-HN-HN,3,1,[1],base_es,office ka printer jam ho gaya,jam ho gaya office ka printer,1.0,0.0,0.0
117,work,EN-HN-EN-HN-HN,3,1,[1],tf_es,printer jam ho gaya office ka,jam ho gaya office ka printer,1.0,0.0,0.0
118,education,EN-HN-EN-EN-HN-HN-HN-HN,5,2,"[1, 2]",base_tf,lecture ka audio clearly sunai nahi de raha,audio clearly sunai nahi de raha lecture ka,1.0,1.0,1.0
118,education,EN-HN-EN-EN-HN-HN-HN-HN,5,2,"[1, 2]",base_es,lecture ka audio clearly sunai nahi de raha,sunai nahi de raha lecture ka audio clearly,1.0,0.0,0.0
118,education,EN-HN-EN-EN-HN-HN-HN-HN,5,2,"[1, 2]",tf_es,audio clearly sunai nahi de raha lecture ka,sunai nahi de raha lecture ka audio clearly,1.0,0.0,0.0
119,education,EN-HN-EN-EN-EN-HN,2,3,"[1, 2, 3]",base_tf,assignment ka format properly follow karo,format properly follow karo assignment ka,1.0,1.0,1.0
119,education,EN-HN-EN-EN-EN-HN,2,3,"[1, 2, 3]",base_es,assignment ka format properly follow karo,follow karo assignment ka format properly,1.0,1.0,1.0
119,education,EN-HN-EN-EN-EN-HN,2,3,"[1, 2, 3]",tf_es,format properly follow karo assignment ka,follow karo assignment ka format properly,1.0,1.0,1.0
120,education,EN-HN-EN-EN-HN-HN,3,2,"[1, 2]",base_tf,exam ka seating arrangement change hua,seating arrangement change hua exam ka,1.0,1.0,1.0
120,education,EN-HN-EN-EN-HN-HN,3,2,"[1, 2]",base_es,exam ka seating arrangement change hua,change hua exam ka seating arrangement,1.0,0.0,0.0
120,education,EN-HN-EN-EN-HN-HN,3,2,"[1, 2]",tf_es,seating arrangement change hua exam ka,change hua exam ka seating arrangement,1.0,0.0,0.0
121,education,EN-HN-EN-EN-HN-HN-HN,4,2,"[1, 2]",base_tf,library ka reading room silent hona chahiye,reading room silent hona chahiye library ka,1.0,1.0,1.0
121,education,EN-HN-EN-EN-HN-HN-HN,4,2,"[1, 2]",base_es,library ka reading room silent hona chahiye,silent hona chahiye library ka reading room,1.0,0.0,0.0
121,education,EN-HN-EN-EN-HN-HN-HN,4,2,"[1, 2]",tf_es,reading room silent hona chahiye library ka,silent hona chahiye library ka reading room,1.0,0.0,0.0
122,education,EN-HN-EN-HN-HN-HN-HN,5,1,[1],base_tf,notes ka handwriting samajh nahi aa raha,handwriting samajh nahi aa raha notes ka,1.0,1.0,1.0
122,education,EN-HN-EN-HN-HN-HN-HN,5,1,[1],base_es,notes ka handwriting samajh nahi aa raha,samajh nahi aa raha notes ka handwriting,1.0,0.0,0.0
122,education,EN-HN-EN-HN-HN-HN-HN,5,1,[1],tf_es,handwriting samajh nahi aa raha notes ka,samajh nahi aa raha notes ka handwriting,1.0,0.0,0.0
123,education,EN-EN-HN-EN-HN-HN,3,2,"[0, 1]",base_tf,online class ka attendance mark hua,attendance mark hua online class ka,1.0,1.0,1.0
123,education,EN-EN-HN-EN-HN-HN,3,2,"[0, 1]",base_es,online class ka attendance mark hua,mark hua online class ka attendance,1.0,0.0,0.0
123,education,EN-EN-HN-EN-HN-HN,3,2,"[0, 1]",tf_es,attendance mark hua online class ka,mark hua online class ka attendance,1.0,0.0,0.0
124,education,EN-HN-EN-EN-HN,2,2,"[1, 2]",base_tf,teacher ka feedback useful laga,feedback useful laga teacher ka,1.0,1.0,1.0
124,education,EN-HN-EN-EN-HN,2,2,"[1, 2]",base_es,teacher ka feedback useful laga,useful laga teacher ka feedback,1.0,0.0,0.0
124,education,EN-HN-EN-EN-HN,2,2,"[1, 2]",tf_es,feedback useful laga teacher ka,useful laga teacher ka feedback,1.0,0.0,0.0
125,education,EN-HN-EN-EN-HN,2,2,"[1, 2]",base_tf,exam ka paper lengthy tha,paper lengthy tha exam ka,1.0,1.0,1.0
125,education,EN-HN-EN-EN-HN,2,2,"[1, 2]",base_es,exam ka paper lengthy tha,lengthy tha exam ka paper,1.0,0.0,0.0
125,education,EN-HN-EN-EN-HN,2,2,"[1, 2]",tf_es,paper lengthy tha exam ka,lengthy tha exam ka paper,1.0,0.0,0.0
126,education,EN-HN-EN-EN-HN-HN,3,2,"[1, 2]",base_tf,hostel ka wifi slow chal raha,wifi slow chal raha hostel ka,1.0,1.0,1.0
126,education,EN-HN-EN-EN-HN-HN,3,2,"[1, 2]",base_es,hostel ka wifi slow chal raha,slow chal raha hostel ka wifi,1.0,0.0,0.0
126,education,EN-HN-EN-EN-HN-HN,3,2,"[1, 2]",tf_es,wifi slow chal raha hostel ka,slow chal raha hostel ka wifi,1.0,0.0,0.0
127,education,EN-HN-EN-EN-HN,2,2,"[1, 2]",base_tf,canteen ka menu update hua,menu update hua canteen ka,1.0,1.0,1.0
127,education,EN-HN-EN-EN-HN,2,2,"[1, 2]",base_es,canteen ka menu update hua,update hua canteen ka menu,1.0,0.0,0.0
127,education,EN-HN-EN-EN-HN,2,2,"[1, 2]",tf_es,menu update hua canteen ka,update hua canteen ka menu,1.0,0.0,0.0
128,education,EN-HN-EN-EN-HN,2,2,"[1, 2]",base_tf,assignment ka plagiarism check hua,plagiarism check hua assignment ka,1.0,1.0,1.0
128,education,EN-HN-EN-EN-HN,2,2,"[1, 2]",base_es,assignment ka plagiarism check hua,check hua assignment ka plagiarism,1.0,0.0,0.0
128,education,EN-HN-EN-EN-HN,2,2,"[1, 2]",tf_es,plagiarism check hua assignment ka,check hua assignment ka plagiarism,1.0,0.0,0.0
129,education,EN-HN-EN-HN-HN-HN-HN,4,1,[1],base_tf,class ka projector kaam nahi kar raha,projector kaam nahi kar raha class ka,1.0,1.0,1.0
129,education,EN-HN-EN-HN-HN-HN-HN,4,1,[1],base_es,class ka projector kaam nahi kar raha,kaam nahi kar raha class ka projector,1.0,0.0,0.0
129,education,EN-HN-EN-HN-HN-HN-HN,4,1,[1],tf_es,projector kaam nahi kar raha class ka,kaam nahi kar raha class ka projector,1.0,0.0,0.0
130,education,EN-HN-EN-EN-HN-HN-HN,4,2,"[1, 2]",base_tf,syllabus ka revision plan bana lete hain,revision plan bana lete hain syllabus ka,1.0,1.0,1.0
130,education,EN-HN-EN-EN-HN-HN-HN,4,2,"[1, 2]",base_es,syllabus ka revision plan bana lete hain,bana lete hain syllabus ka revision plan,1.0,1.0,1.0
130,education,EN-HN-EN-EN-HN-HN-HN,4,2,"[1, 2]",tf_es,revision plan bana lete hain syllabus ka,bana lete hain syllabus ka revision plan,1.0,1.0,1.0
131,household,EN-HN-EN-HN-HN,3,1,[1],base_tf,room ka fan noise kar raha,fan noise kar raha room ka,1.0,1.0,1.0
131,household,EN-HN-EN-HN-HN,3,1,[1],base_es,room ka fan noise kar raha,noise kar raha room ka fan,1.0,0.0,0.0
131,household,EN-HN-EN-HN-HN,3,1,[1],tf_es,fan noise kar raha room ka,noise kar raha room ka fan,1.0,0.0,0.0
132,household,EN-HN-EN-HN-HN-HN-HN,4,1,[1],base_tf,bathroom ka geyser warm nahi ho raha,geyser warm nahi ho raha bathroom ka,1.0,1.0,1.0
132,household,EN-HN-EN-HN-HN-HN-HN,4,1,[1],base_es,bathroom ka geyser warm nahi ho raha,warm nahi ho raha bathroom ka geyser,1.0,0.0,0.0
132,household,EN-HN-EN-HN-HN-HN-HN,4,1,[1],tf_es,geyser warm nahi ho raha bathroom ka,warm nahi ho raha bathroom ka geyser,1.0,0.0,0.0
133,household,EN-EN-EN-HN-HN,2,3,"[0, 1, 2]",base_tf,washing machine ka timer set karo,timer set karo washing machine ka,1.0,1.0,1.0
133,household,EN-EN-EN-HN-HN,2,3,"[0, 1, 2]",base_es,washing machine ka timer set karo,set karo washing machine ka timer,1.0,1.0,1.0
133,household,EN-EN-EN-HN-HN,2,3,"[0, 1, 2]",tf_es,timer set karo washing machine ka,set karo washing machine ka timer,1.0,1.0,1.0
134,household,EN-HN-EN-HN-EN-HN,3,2,"[1, 4]",base_tf,balcony ka door properly band karo,door properly band karo balcony ka,1.0,1.0,1.0
134,household,EN-HN-EN-HN-EN-HN,3,2,"[1, 4]",base_es,balcony ka door properly band karo,band karo balcony ka door properly,1.0,0.0,0.0
134,household,EN-HN-EN-HN-EN-HN,3,2,"[1, 4]",tf_es,door properly band karo balcony ka,band karo balcony ka door properly,1.0,0.0,0.0
135,household,EN-HN-EN-EN-EN-HN-HN,2,3,"[2, 3, 4]",base_tf,gas cylinder ka refill book kar do,refill book kar do gas cylinder ka,1.0,1.0,1.0
135,household,EN-HN-EN-EN-EN-HN-HN,2,3,"[2, 3, 4]",base_es,gas cylinder ka refill book kar do,book kar do gas cylinder ka refill,1.0,1.0,1.0
135,household,EN-HN-EN-EN-EN-HN-HN,2,3,"[2, 3, 4]",tf_es,refill book kar do gas cylinder ka,book kar do gas cylinder ka refill,1.0,1.0,1.0
136,household,EN-HN-EN-EN-HN-HN,3,2,"[1, 2]",base_tf,clock ka alarm disable kar dena,alarm disable kar dena clock ka,1.0,1.0,1.0
136,household,EN-HN-EN-EN-HN-HN,3,2,"[1, 2]",base_es,clock ka alarm disable kar dena,disable kar dena clock ka alarm,1.0,1.0,1.0
136,household,EN-HN-EN-EN-HN-HN,3,2,"[1, 2]",tf_es,alarm disable kar dena clock ka,disable kar dena clock ka alarm,1.0,1.0,1.0
137,household,EN-HN-EN-HN-HN-HN,4,1,[1],base_tf,bed ka sheet wash karna reh gaya,sheet wash karna reh gaya bed ka,1.0,1.0,1.0
137,household,EN-HN-EN-HN-HN-HN,4,1,[1],base_es,bed ka sheet wash karna reh gaya,wash karna reh gaya bed ka sheet,1.0,0.0,0.0
137,household,EN-HN-EN-HN-HN-HN,4,1,[1],tf_es,sheet wash karna reh gaya bed ka,wash karna reh gaya bed ka sheet,1.0,0.0,0.0
138,household,EN-HN-EN-EN-HN-HN,3,2,"[1, 2]",base_tf,doorbell ka sound low lag raha,sound low lag raha doorbell ka,1.0,1.0,1.0
138,household,EN-HN-EN-EN-HN-HN,3,2,"[1, 2]",base_es,doorbell ka sound low lag raha,low lag raha doorbell ka sound,1.0,0.0,0.0
138,household,EN-HN-EN-EN-HN-HN,3,2,"[1, 2]",tf_es,sound low lag raha doorbell ka,low lag raha doorbell ka sound,1.0,0.0,0.0
139,household,EN-HN-EN-EN-HN-HN,3,2,"[1, 2]",base_tf,sofa ka cushion replace karna padega,cushion replace karna padega sofa ka,1.0,1.0,1.0
139,household,EN-HN-EN-EN-HN-HN,3,2,"[1, 2]",base_es,sofa ka cushion replace karna padega,replace karna padega sofa ka cushion,1.0,1.0,1.0
139,household,EN-HN-EN-EN-HN-HN,3,2,"[1, 2]",tf_es,cushion replace karna padega sofa ka,replace karna padega sofa ka cushion,1.0,1.0,1.0
140,household,EN-HN-EN-EN-HN-HN,3,2,"[1, 2]",base_tf,table ka leg loose ho gaya,leg loose ho gaya table ka,1.0,1.0,1.0
140,household,EN-HN-EN-EN-HN-HN,3,2,"[1, 2]",base_es,table ka leg loose ho gaya,loose ho gaya table ka leg,1.0,0.0,0.0
140,household,EN-HN-EN-EN-HN-HN,3,2,"[1, 2]",tf_es,leg loose ho gaya table ka,loose ho gaya table ka leg,1.0,0.0,0.0
141,digital,EN-HN-EN-EN-HN-HN-HN,4,2,"[1, 2]",base_tf,app ka login error baar baar aa raha,login error baar baar aa raha app ka,1.0,1.0,1.0
141,digital,EN-HN-EN-EN-HN-HN-HN,4,2,"[1, 2]",base_es,app ka login error baar baar aa raha,baar baar aa raha app ka login error,1.0,0.0,0.0
141,digital,EN-HN-EN-EN-HN-HN-HN,4,2,"[1, 2]",tf_es,login error baar baar aa raha app ka,baar baar aa raha app ka login error,1.0,0.0,0.0
142,digital,EN-HN-EN-HN-HN-HN,4,1,[1],base_tf,phone ka camera focus nahi kar raha,camera focus nahi kar raha phone ka,1.0,1.0,1.0
142,digital,EN-HN-EN-HN-HN-HN,4,1,[1],base_es,phone ka camera focus nahi kar raha,focus nahi kar raha phone ka camera,1.0,0.0,0.0
142,digital,EN-HN-EN-HN-HN-HN,4,1,[1],tf_es,camera focus nahi kar raha phone ka,focus nahi kar raha phone ka camera,1.0,0.0,0.0
143,digital,EN-HN-EN-EN-EN-HN,2,3,"[1, 2, 3]",base_tf,system ka update automatically install hua,update automatically install hua system ka,1.0,1.0,1.0
143,digital,EN-HN-EN-EN-EN-HN,2,3,"[1, 2, 3]",base_es,system ka update automatically install hua,automatically install hua system ka update,1.0,0.0,0.0
143,digital,EN-HN-EN-EN-EN-HN,2,3,"[1, 2, 3]",tf_es,update automatically install hua system ka,automatically install hua system ka update,1.0,0.0,0.0
144,digital,EN-HN-EN-EN-HN-HN,3,2,"[1, 2]",base_tf,email ka spam filter strict ho gaya,spam filter strict ho gaya email ka,1.0,1.0,1.0
144,digital,EN-HN-EN-EN-HN-HN,3,2,"[1, 2]",base_es,email ka spam filter strict ho gaya,strict ho gaya email ka spam filter,1.0,0.0,0.0
144,digital,EN-HN-EN-EN-HN-HN,3,2,"[1, 2]",tf_es,spam filter strict ho gaya email ka,strict ho gaya email ka spam filter,1.0,0.0,0.0
145,digital,EN-HN-EN-EN-EN-HN,2,3,"[1, 2, 3]",base_tf,browser ka cache clear kar do,cache clear kar do browser ka,1.0,1.0,1.0
145,digital,EN-HN-EN-EN-EN-HN,2,3,"[1, 2, 3]",base_es,browser ka cache clear kar do,clear kar do browser ka cache,1.0,1.0,1.0
145,digital,EN-HN-EN-EN-EN-HN,2,3,"[1, 2, 3]",tf_es,cache clear kar do browser ka,clear kar do browser ka cache,1.0,1.0,1.0
146,digital,EN-HN-EN-EN-HN-HN,3,2,"[1, 2]",base_tf,phone ka screen protector crack ho gaya,screen protector crack ho gaya phone ka,1.0,1.0,1.0
146,digital,EN-HN-EN-EN-HN-HN,3,2,"[1, 2]",base_es,phone ka screen protector crack ho gaya,crack ho gaya phone ka screen protector,1.0,0.0,0.0
146,digital,EN-HN-EN-EN-HN-HN,3,2,"[1, 2]",tf_es,screen protector crack ho gaya phone ka,crack ho gaya phone ka screen protector,1.0,0.0,0.0
147,digital,EN-HN-EN-EN-HN-HN,3,2,"[1, 2]",base_tf,notification ka sound customize karna hai,sound customize karna hai notification ka,1.0,1.0,1.0
147,digital,EN-HN-EN-EN-HN-HN,3,2,"[1, 2]",base_es,notification ka sound customize karna hai,customize karna hai notification ka sound,1.0,1.0,1.0
147,digital,EN-HN-EN-EN-HN-HN,3,2,"[1, 2]",tf_es,sound customize karna hai notification ka,customize karna hai notification ka sound,1.0,1.0,1.0
148,digital,EN-EN-HN-EN-HN-HN,3,2,"[0, 1]",base_tf,video call ka audio delay ho raha,audio delay ho raha video call ka,1.0,1.0,1.0
148,digital,EN-EN-HN-EN-HN-HN,3,2,"[0, 1]",base_es,video call ka audio delay ho raha,delay ho raha video call ka audio,1.0,0.0,0.0
148,digital,EN-EN-HN-EN-HN-HN,3,2,"[0, 1]",tf_es,audio delay ho raha video call ka,delay ho raha video call ka audio,1.0,0.0,0.0
149,digital,EN-HN-EN-EN-HN-HN,3,2,"[1, 2]",base_tf,cloud ka backup incomplete dikh raha,backup incomplete dikh raha cloud ka,1.0,1.0,1.0
149,digital,EN-HN-EN-EN-HN-HN,3,2,"[1, 2]",base_es,cloud ka backup incomplete dikh raha,incomplete dikh raha cloud ka backup,1.0,0.0,0.0
149,digital,EN-HN-EN-EN-HN-HN,3,2,"[1, 2]",tf_es,backup incomplete dikh raha cloud ka,incomplete dikh raha cloud ka backup,1.0,0.0,0.0
150,digital,EN-HN-EN-EN-EN-HN,2,3,"[1, 2, 3]",base_tf,server ka response time slow hai,response time slow hai server ka,1.0,1.0,1.0
150,digital,EN-HN-EN-EN-EN-HN,2,3,"[1, 2, 3]",base_es,server ka response time slow hai,slow hai server ka response time,1.0,0.0,0.0
150,digital,EN-HN-EN-EN-EN-HN,2,3,"[1, 2, 3]",tf_es,response time slow hai server ka,slow hai server ka response time,1.0,0.0,0.0
151,health,EN-HN-EN-EN-HN-HN,3,2,"[1, 2]",base_tf,doctor ka advice follow karna zaroori,advice follow karna zaroori doctor ka,1.0,1.0,1.0
151,health,EN-HN-EN-EN-HN-HN,3,2,"[1, 2]",base_es,doctor ka advice follow karna zaroori,follow karna zaroori doctor ka advice,1.0,1.0,1.0
151,health,EN-HN-EN-EN-HN-HN,3,2,"[1, 2]",tf_es,advice follow karna zaroori doctor ka,follow karna zaroori doctor ka advice,1.0,1.0,1.0
152,health,EN-HN-EN-EN-HN-HN,3,2,"[1, 2]",base_tf,medicine ka side effect notice hua,side effect notice hua medicine ka,1.0,1.0,1.0
152,health,EN-HN-EN-EN-HN-HN,3,2,"[1, 2]",base_es,medicine ka side effect notice hua,notice hua medicine ka side effect,1.0,0.0,0.0
152,health,EN-HN-EN-EN-HN-HN,3,2,"[1, 2]",tf_es,side effect notice hua medicine ka,notice hua medicine ka side effect,1.0,0.0,0.0
153,health,EN-EN-HN-EN-HN-HN,3,2,"[0, 1]",base_tf,blood test ka report normal aaya,report normal aaya blood test ka,1.0,1.0,1.0
153,health,EN-EN-HN-EN-HN-HN,3,2,"[0, 1]",base_es,blood test ka report normal aaya,normal aaya blood test ka report,1.0,0.0,0.0
153,health,EN-EN-HN-EN-HN-HN,3,2,"[0, 1]",tf_es,report normal aaya blood test ka,normal aaya blood test ka report,1.0,0.0,0.0
154,health,EN-HN-EN-EN-EN-HN,2,3,"[1, 2, 3]",base_tf,clinic ka waiting area crowded tha,waiting area crowded tha clinic ka,1.0,1.0,1.0
154,health,EN-HN-EN-EN-EN-HN,2,3,"[1, 2, 3]",base_es,clinic ka waiting area crowded tha,crowded tha clinic ka waiting area,1.0,0.0,0.0
154,health,EN-HN-EN-EN-EN-HN,2,3,"[1, 2, 3]",tf_es,waiting area crowded tha clinic ka,crowded tha clinic ka waiting area,1.0,0.0,0.0
155,health,EN-HN-EN-HN-HN-HN,4,1,[1],base_tf,injection ka pain thoda zyada laga,pain thoda zyada laga injection ka,1.0,1.0,1.0
155,health,EN-HN-EN-HN-HN-HN,4,1,[1],base_es,injection ka pain thoda zyada laga,zyada laga injection ka pain thoda,1.0,0.0,0.0
155,health,EN-HN-EN-HN-HN-HN,4,1,[1],tf_es,pain thoda zyada laga injection ka,zyada laga injection ka pain thoda,1.0,0.0,0.0
156,health,EN-HN-EN-EN-EN-HN,2,3,"[1, 2, 3]",base_tf,diet ka chart strictly follow karo,chart strictly follow karo diet ka,1.0,1.0,1.0
156,health,EN-HN-EN-EN-EN-HN,2,3,"[1, 2, 3]",base_es,diet ka chart strictly follow karo,follow karo diet ka chart strictly,1.0,1.0,1.0
156,health,EN-HN-EN-EN-EN-HN,2,3,"[1, 2, 3]",tf_es,chart strictly follow karo diet ka,follow karo diet ka chart strictly,1.0,1.0,1.0
157,health,EN-HN-EN-EN-EN-HN,2,3,"[1, 2, 3]",base_tf,hospital ka emergency ward full hai,emergency ward full hai hospital ka,1.0,1.0,1.0
157,health,EN-HN-EN-EN-EN-HN,2,3,"[1, 2, 3]",base_es,hospital ka emergency ward full hai,full hai hospital ka emergency ward,1.0,0.0,0.0
157,health,EN-HN-EN-EN-EN-HN,2,3,"[1, 2, 3]",tf_es,emergency ward full hai hospital ka,full hai hospital ka emergency ward,1.0,0.0,0.0
158,health,EN-HN-EN-EN-HN,2,2,"[1, 2]",base_tf,tablet ka dosage change hua,dosage change hua tablet ka,1.0,1.0,1.0
158,health,EN-HN-EN-EN-HN,2,2,"[1, 2]",base_es,tablet ka dosage change hua,change hua tablet ka dosage,1.0,0.0,0.0
158,health,EN-HN-EN-EN-HN,2,2,"[1, 2]",tf_es,dosage change hua tablet ka,change hua tablet ka dosage,1.0,0.0,0.0
159,health,EN-HN-EN-EN-HN,2,2,"[1, 2]",base_tf,physiotherapy ka session cancel hua,session cancel hua physiotherapy ka,1.0,1.0,1.0
159,health,EN-HN-EN-EN-HN,2,2,"[1, 2]",base_es,physiotherapy ka session cancel hua,cancel hua physiotherapy ka session,1.0,0.0,0.0
159,health,EN-HN-EN-EN-HN,2,2,"[1, 2]",tf_es,session cancel hua physiotherapy ka,cancel hua physiotherapy ka session,1.0,0.0,0.0
160,health,EN-HN-EN-EN-HN,2,2,"[1, 2]",base_tf,vaccination ka slot reschedule karna,slot reschedule karna vaccination ka,1.0,1.0,1.0
160,health,EN-HN-EN-EN-HN,2,2,"[1, 2]",base_es,vaccination ka slot reschedule karna,reschedule karna vaccination ka slot,1.0,1.0,1.0
160,health,EN-HN-EN-EN-HN,2,2,"[1, 2]",tf_es,slot reschedule karna vaccination ka,reschedule karna vaccination ka slot,1.0,1.0,1.0
161,work,EN-HN-EN-EN-HN-HN,3,2,"[1, 2]",base_tf,office ka access card gum ho gaya,access card gum ho gaya office ka,1.0,1.0,1.0
161,work,EN-HN-EN-EN-HN-HN,3,2,"[1, 2]",base_es,office ka access card gum ho gaya,gum ho gaya office ka access card,1.0,0.0,0.0
161,work,EN-HN-EN-EN-HN-HN,3,2,"[1, 2]",tf_es,access card gum ho gaya office ka,gum ho gaya office ka access card,1.0,0.0,0.0
162,work,EN-HN-EN-EN-HN-HN,3,2,"[1, 2]",base_tf,team ka performance review acha raha,performance review acha raha team ka,1.0,1.0,1.0
162,work,EN-HN-EN-EN-HN-HN,3,2,"[1, 2]",base_es,team ka performance review acha raha,acha raha team ka performance review,1.0,0.0,0.0
162,work,EN-HN-EN-EN-HN-HN,3,2,"[1, 2]",tf_es,performance review acha raha team ka,acha raha team ka performance review,1.0,0.0,0.0
163,work,EN-HN-EN-HN-HN,3,1,[1],base_tf,client ka call late aaya,call late aaya client ka,1.0,1.0,1.0
163,work,EN-HN-EN-HN-HN,3,1,[1],base_es,client ka call late aaya,late aaya client ka call,1.0,0.0,0.0
163,work,EN-HN-EN-HN-HN,3,1,[1],tf_es,call late aaya client ka,late aaya client ka call,1.0,0.0,0.0
164,work,EN-HN-EN-EN-HN-HN,3,2,"[1, 2]",base_tf,proposal ka budget revise karna hoga,budget revise karna hoga proposal ka,1.0,1.0,1.0
164,work,EN-HN-EN-EN-HN-HN,3,2,"[1, 2]",base_es,proposal ka budget revise karna hoga,revise karna hoga proposal ka budget,1.0,1.0,1.0
164,work,EN-HN-EN-EN-HN-HN,3,2,"[1, 2]",tf_es,budget revise karna hoga proposal ka,revise karna hoga proposal ka budget,1.0,1.0,1.0
165,work,EN-HN-EN-HN-HN-HN,3,1,[1],base_tf,deadline ka pressure zyada ho raha,pressure zyada ho raha deadline ka,1.0,1.0,1.0
165,work,EN-HN-EN-HN-HN-HN,3,1,[1],base_es,deadline ka pressure zyada ho raha,zyada ho raha deadline ka pressure,1.0,0.0,0.0
165,work,EN-HN-EN-HN-HN-HN,3,1,[1],tf_es,pressure zyada ho raha deadline ka,zyada ho raha deadline ka pressure,1.0,0.0,0.0
166,work,EN-HN-EN-EN-HN-HN,3,2,"[1, 2]",base_tf,office ka internet unstable lag raha,internet unstable lag raha office ka,1.0,1.0,1.0
166,work,EN-HN-EN-EN-HN-HN,3,2,"[1, 2]",base_es,office ka internet unstable lag raha,unstable lag raha office ka internet,1.0,0.0,0.0
166,work,EN-HN-EN-EN-HN-HN,3,2,"[1, 2]",tf_es,internet unstable lag raha office ka,unstable lag raha office ka internet,1.0,0.0,0.0
167,work,EN-HN-EN-EN-HN-HN-HN,5,2,"[1, 2]",base_tf,report ka format client ko pasand aaya,format client ko pasand aaya report ka,1.0,1.0,1.0
167,work,EN-HN-EN-EN-HN-HN-HN,5,2,"[1, 2]",base_es,report ka format client ko pasand aaya,pasand aaya report ka format client ko,1.0,0.0,0.0
167,work,EN-HN-EN-EN-HN-HN-HN,5,2,"[1, 2]",tf_es,format client ko pasand aaya report ka,pasand aaya report ka format client ko,1.0,0.0,0.0
168,work,EN-HN-EN-EN-HN-HN,3,2,"[1, 2]",base_tf,meeting ka minutes circulate kar dena,minutes circulate kar dena meeting ka,1.0,1.0,1.0
168,work,EN-HN-EN-EN-HN-HN,3,2,"[1, 2]",base_es,meeting ka minutes circulate kar dena,circulate kar dena meeting ka minutes,1.0,1.0,1.0
168,work,EN-HN-EN-EN-HN-HN,3,2,"[1, 2]",tf_es,minutes circulate kar dena meeting ka,circulate kar dena meeting ka minutes,1.0,1.0,1.0
169,work,EN-HN-EN-HN-HN-HN-HN,5,1,[1],base_tf,presentation ka rehearsal ek baar aur karte,rehearsal ek baar aur karte presentation ka,1.0,1.0,1.0
169,work,EN-HN-EN-HN-HN-HN-HN,5,1,[1],base_es,presentation ka rehearsal ek baar aur karte,ek baar aur karte presentation ka rehearsal,1.0,0.0,0.0
169,work,EN-HN-EN-HN-HN-HN-HN,5,1,[1],tf_es,rehearsal ek baar aur karte presentation ka,ek baar aur karte presentation ka rehearsal,1.0,0.0,0.0
170,work,EN-HN-EN-EN-HN-HN,3,2,"[1, 2]",base_tf,team ka standup meeting skip ho gaya,standup meeting skip ho gaya team ka,1.0,1.0,1.0
170,work,EN-HN-EN-EN-HN-HN,3,2,"[1, 2]",base_es,team ka standup meeting skip ho gaya,skip ho gaya team ka standup meeting,1.0,0.0,0.0
170,work,EN-HN-EN-EN-HN-HN,3,2,"[1, 2]",tf_es,standup meeting skip ho gaya team ka,skip ho gaya team ka standup meeting,1.0,0.0,0.0
171,social,EN-HN-EN-HN-HN,3,1,[1],base_tf,party ka venue confirm ho gaya,venue confirm ho gaya party ka,1.0,1.0,1.0
171,social,EN-HN-EN-HN-HN,3,1,[1],base_es,party ka venue confirm ho gaya,confirm ho gaya party ka venue,1.0,0.0,0.0
171,social,EN-HN-EN-HN-HN,3,1,[1],tf_es,venue confirm ho gaya party ka,confirm ho gaya party ka venue,1.0,0.0,0.0
172,social,EN-HN-EN-HN-EN-HN-HN,5,2,"[1, 4]",base_tf,group ka plan last moment pe change hua,plan last moment pe change hua group ka,1.0,1.0,1.0
172,social,EN-HN-EN-HN-EN-HN-HN,5,2,"[1, 4]",base_es,group ka plan last moment pe change hua,change hua group ka plan last moment pe,1.0,0.0,0.0
172,social,EN-HN-EN-HN-EN-HN-HN,5,2,"[1, 4]",tf_es,plan last moment pe change hua group ka,change hua group ka plan last moment pe,1.0,0.0,0.0
173,social,EN-HN-EN-HN-HN-HN,4,1,[1],base_tf,message ka reply kaafi late aaya,reply kaafi late aaya message ka,1.0,1.0,1.0
173,social,EN-HN-EN-HN-HN-HN,4,1,[1],base_es,message ka reply kaafi late aaya,late aaya message ka reply kaafi,1.0,0.0,0.0
173,social,EN-HN-EN-HN-HN-HN,4,1,[1],tf_es,reply kaafi late aaya message ka,late aaya message ka reply kaafi,1.0,0.0,0.0
174,social,EN-HN-EN-HN-HN,3,1,[1],base_tf,friend ka mood off lag raha,mood off lag raha friend ka,1.0,1.0,1.0
174,social,EN-HN-EN-HN-HN,3,1,[1],base_es,friend ka mood off lag raha,off lag raha friend ka mood,1.0,0.0,0.0
174,social,EN-HN-EN-HN-HN,3,1,[1],tf_es,mood off lag raha friend ka,off lag raha friend ka mood,1.0,0.0,0.0
175,social,EN-HN-EN-HN-HN-HN,4,1,[3],base_tf,call ka response thoda cold tha,response thoda cold tha call ka,1.0,1.0,1.0
175,social,EN-HN-EN-HN-HN-HN,4,1,[3],base_es,call ka response thoda cold tha,cold tha call ka response thoda,1.0,0.0,0.0
175,social,EN-HN-EN-HN-HN-HN,4,1,[3],tf_es,response thoda cold tha call ka,cold tha call ka response thoda,1.0,0.0,0.0
176,social,EN-HN-EN-EN-HN-HN,3,2,"[1, 2]",base_tf,chat ka screenshot save kar lena,screenshot save kar lena chat ka,1.0,1.0,1.0
176,social,EN-HN-EN-EN-HN-HN,3,2,"[1, 2]",base_es,chat ka screenshot save kar lena,save kar lena chat ka screenshot,1.0,1.0,1.0
176,social,EN-HN-EN-EN-HN-HN,3,2,"[1, 2]",tf_es,screenshot save kar lena chat ka,save kar lena chat ka screenshot,1.0,1.0,1.0
177,social,EN-HN-EN-HN-HN,3,1,[1],base_tf,event ka invitation miss ho gaya,invitation miss ho gaya event ka,1.0,1.0,1.0
177,social,EN-HN-EN-HN-HN,3,1,[1],base_es,event ka invitation miss ho gaya,miss ho gaya event ka invitation,1.0,0.0,0.0
177,social,EN-HN-EN-HN-HN,3,1,[1],tf_es,invitation miss ho gaya event ka,miss ho gaya event ka invitation,1.0,0.0,0.0
178,social,EN-HN-EN-HN-HN-HN,4,1,[3],base_tf,status ka reaction kaafi funny tha,reaction kaafi funny tha status ka,1.0,1.0,1.0
178,social,EN-HN-EN-HN-HN-HN,4,1,[3],base_es,status ka reaction kaafi funny tha,funny tha status ka reaction kaafi,1.0,0.0,0.0
178,social,EN-HN-EN-HN-HN-HN,4,1,[3],tf_es,reaction kaafi funny tha status ka,funny tha status ka reaction kaafi,1.0,0.0,0.0
179,social,EN-EN-EN-HN-HN-HN,2,3,"[0, 1, 2]",base_tf,group chat ka notification mute kar diya,notification mute kar diya group chat ka,1.0,1.0,1.0
179,social,EN-EN-EN-HN-HN-HN,2,3,"[0, 1, 2]",base_es,group chat ka notification mute kar diya,mute kar diya group chat ka notification,1.0,1.0,1.0
179,social,EN-EN-EN-HN-HN-HN,2,3,"[0, 1, 2]",tf_es,notification mute kar diya group chat ka,mute kar diya group chat ka notification,1.0,1.0,1.0
180,social,EN-HN-EN-HN-EN-HN-HN,5,2,"[1, 4]",base_tf,meetup ka time last minute pe shift hua,time last minute pe shift hua meetup ka,1.0,1.0,1.0
180,social,EN-HN-EN-HN-EN-HN-HN,5,2,"[1, 4]",base_es,meetup ka time last minute pe shift hua,shift hua meetup ka time last minute pe,1.0,0.0,0.0
180,social,EN-HN-EN-HN-EN-HN-HN,5,2,"[1, 4]",tf_es,time last minute pe shift hua meetup ka,shift hua meetup ka time last minute pe,1.0,0.0,0.0
181,transport,EN-HN-EN-EN-HN-HN,3,2,"[1, 2]",base_tf,bus ka route map outdated lag raha,route map outdated lag raha bus ka,1.0,1.0,1.0
181,transport,EN-HN-EN-EN-HN-HN,3,2,"[1, 2]",base_es,bus ka route map outdated lag raha,outdated lag raha bus ka route map,1.0,0.0,0.0
181,transport,EN-HN-EN-EN-HN-HN,3,2,"[1, 2]",tf_es,route map outdated lag raha bus ka,outdated lag raha bus ka route map,1.0,0.0,0.0
182,transport,EN-HN-EN-EN-HN-HN,3,2,"[1, 2]",base_tf,traffic ka signal timing change hua,signal timing change hua traffic ka,1.0,1.0,1.0
182,transport,EN-HN-EN-EN-HN-HN,3,2,"[1, 2]",base_es,traffic ka signal timing change hua,change hua traffic ka signal timing,1.0,0.0,0.0
182,transport,EN-HN-EN-EN-HN-HN,3,2,"[1, 2]",tf_es,signal timing change hua traffic ka,change hua traffic ka signal timing,1.0,0.0,0.0
183,transport,EN-HN-EN-HN-HN-HN,4,1,[1],base_tf,cab ka fare surge pe chal raha,fare surge pe chal raha cab ka,1.0,1.0,1.0
183,transport,EN-HN-EN-HN-HN-HN,4,1,[1],base_es,cab ka fare surge pe chal raha,surge pe chal raha cab ka fare,1.0,0.0,0.0
183,transport,EN-HN-EN-HN-HN-HN,4,1,[1],tf_es,fare surge pe chal raha cab ka,surge pe chal raha cab ka fare,1.0,0.0,0.0
184,transport,EN-HN-EN-EN-EN-HN,2,3,"[1, 2, 3]",base_tf,metro ka platform screen blank hai,platform screen blank hai metro ka,1.0,1.0,1.0
184,transport,EN-HN-EN-EN-EN-HN,2,3,"[1, 2, 3]",base_es,metro ka platform screen blank hai,blank hai metro ka platform screen,1.0,0.0,0.0
184,transport,EN-HN-EN-EN-EN-HN,2,3,"[1, 2, 3]",tf_es,platform screen blank hai metro ka,blank hai metro ka platform screen,1.0,0.0,0.0
185,transport,EN-HN-EN-EN-HN-HN-HN,4,2,"[1, 2]",base_tf,driver ka navigation galat direction dikha raha,navigation galat direction dikha raha driver ka,1.0,1.0,1.0
185,transport,EN-HN-EN-EN-HN-HN-HN,4,2,"[1, 2]",base_es,driver ka navigation galat direction dikha raha,galat direction dikha raha driver ka navigation,1.0,0.0,0.0
185,transport,EN-HN-EN-EN-HN-HN-HN,4,2,"[1, 2]",tf_es,navigation galat direction dikha raha driver ka,galat direction dikha raha driver ka navigation,1.0,0.0,0.0
186,transport,EN-HN-EN-EN-HN,2,2,"[1, 2]",base_tf,road ka diversion unexpected nikla,diversion unexpected nikla road ka,1.0,1.0,1.0
186,transport,EN-HN-EN-EN-HN,2,2,"[1, 2]",base_es,road ka diversion unexpected nikla,unexpected nikla road ka diversion,1.0,0.0,0.0
186,transport,EN-HN-EN-EN-HN,2,2,"[1, 2]",tf_es,diversion unexpected nikla road ka,unexpected nikla road ka diversion,1.0,0.0,0.0
187,transport,EN-HN-EN-HN-HN-HN,4,1,[2],base_tf,parking ka slot thoda narrow hai,slot thoda narrow hai parking ka,1.0,1.0,1.0
187,transport,EN-HN-EN-HN-HN-HN,4,1,[2],base_es,parking ka slot thoda narrow hai,narrow hai parking ka slot thoda,1.0,0.0,0.0
187,transport,EN-HN-EN-HN-HN-HN,4,1,[2],tf_es,slot thoda narrow hai parking ka,narrow hai parking ka slot thoda,1.0,0.0,0.0
188,transport,EN-HN-EN-EN-EN-HN,2,3,"[1, 2, 3]",base_tf,petrol pump ka card machine down hai,card machine down hai petrol pump ka,1.0,1.0,1.0
188,transport,EN-HN-EN-EN-EN-HN,2,3,"[1, 2, 3]",base_es,petrol pump ka card machine down hai,down hai petrol pump ka card machine,1.0,0.0,0.0
188,transport,EN-HN-EN-EN-EN-HN,2,3,"[1, 2, 3]",tf_es,card machine down hai petrol pump ka,down hai petrol pump ka card machine,1.0,0.0,0.0
189,transport,EN-HN-EN-EN-HN-HN,3,2,"[1, 2]",base_tf,bike ka engine sound unusual lag raha,engine sound unusual lag raha bike ka,1.0,1.0,1.0
189,transport,EN-HN-EN-EN-HN-HN,3,2,"[1, 2]",base_es,bike ka engine sound unusual lag raha,unusual lag raha bike ka engine sound,1.0,0.0,0.0
189,transport,EN-HN-EN-EN-HN-HN,3,2,"[1, 2]",tf_es,engine sound unusual lag raha bike ka,unusual lag raha bike ka engine sound,1.0,0.0,0.0
190,transport,EN-HN-EN-EN-HN-HN,3,2,"[1, 2]",base_tf,auto ka fare meter fast chal raha,fare meter fast chal raha auto ka,1.0,1.0,1.0
190,transport,EN-HN-EN-EN-HN-HN,3,2,"[1, 2]",base_es,auto ka fare meter fast chal raha,fast chal raha auto ka fare meter,1.0,0.0,0.0
190,transport,EN-HN-EN-EN-HN-HN,3,2,"[1, 2]",tf_es,fare meter fast chal raha auto ka,fast chal raha auto ka fare meter,1.0,0.0,0.0
191,transport,EN-HN-EN-EN-HN-HN,3,2,"[1, 2]",base_tf,route ka shortcut risky lag raha,shortcut risky lag raha route ka,1.0,1.0,1.0
191,transport,EN-HN-EN-EN-HN-HN,3,2,"[1, 2]",base_es,route ka shortcut risky lag raha,risky lag raha route ka shortcut,1.0,0.0,0.0
191,transport,EN-HN-EN-EN-HN-HN,3,2,"[1, 2]",tf_es,shortcut risky lag raha route ka,risky lag raha route ka shortcut,1.0,0.0,0.0
192,transport,EN-HN-EN-HN-HN-HN,4,1,[1],base_tf,traffic police ka checkpoint aage hai,checkpoint aage hai traffic police ka,1.0,1.0,1.0
192,transport,EN-HN-EN-HN-HN-HN,4,1,[1],base_es,traffic police ka checkpoint aage hai,aage hai traffic police ka checkpoint,1.0,0.0,0.0
192,transport,EN-HN-EN-HN-HN-HN,4,1,[1],tf_es,checkpoint aage hai traffic police ka,aage hai traffic police ka checkpoint,1.0,0.0,0.0
193,transport,EN-HN-EN-EN-HN-HN,3,2,"[1, 2]",base_tf,seat belt ka reminder beep aa raha,reminder beep aa raha seat belt ka,1.0,1.0,1.0
193,transport,EN-HN-EN-EN-HN-HN,3,2,"[1, 2]",base_es,seat belt ka reminder beep aa raha,beep aa raha seat belt ka reminder,1.0,0.0,0.0
193,transport,EN-HN-EN-EN-HN-HN,3,2,"[1, 2]",tf_es,reminder beep aa raha seat belt ka,beep aa raha seat belt ka reminder,1.0,0.0,0.0
194,transport,EN-HN-EN-EN-HN,2,2,"[1, 2]",base_tf,navigation ka reroute option aaya,reroute option aaya navigation ka,1.0,1.0,1.0
194,transport,EN-HN-EN-EN-HN,2,2,"[1, 2]",base_es,navigation ka reroute option aaya,option aaya navigation ka reroute,1.0,0.0,0.0
194,transport,EN-HN-EN-EN-HN,2,2,"[1, 2]",tf_es,reroute option aaya navigation ka,option aaya navigation ka reroute,1.0,0.0,0.0
195,transport,EN-HN-EN-HN-HN-HN,4,1,[1],base_tf,toll plaza ka fastag scan nahi hua,fastag scan nahi hua toll plaza ka,1.0,1.0,1.0
195,transport,EN-HN-EN-HN-HN-HN,4,1,[1],base_es,toll plaza ka fastag scan nahi hua,scan nahi hua toll plaza ka fastag,1.0,0.0,0.0
195,transport,EN-HN-EN-HN-HN-HN,4,1,[1],tf_es,fastag scan nahi hua toll plaza ka,scan nahi hua toll plaza ka fastag,1.0,0.0,0.0
196,transport,EN-HN-EN-EN-HN,2,2,"[1, 2]",base_tf,route ka alternative suggest kar do,alternative suggest kar do route ka,1.0,1.0,1.0
196,transport,EN-HN-EN-EN-HN,2,2,"[1, 2]",base_es,route ka alternative suggest kar do,suggest kar do route ka alternative,1.0,1.0,1.0
196,transport,EN-HN-EN-EN-HN,2,2,"[1, 2]",tf_es,alternative suggest kar do route ka,suggest kar do route ka alternative,1.0,1.0,1.0
197,transport,EN-HN-EN-EN-HN-HN-HN,5,2,"[1, 2]",base_tf,station ka exit gate left side pe hai,exit gate left side pe hai station ka,1.0,1.0,1.0
197,transport,EN-HN-EN-EN-HN-HN-HN,5,2,"[1, 2]",base_es,station ka exit gate left side pe hai,left side pe hai station ka exit gate,1.0,0.0,0.0
197,transport,EN-HN-EN-EN-HN-HN-HN,5,2,"[1, 2]",tf_es,exit gate left side pe hai station ka,left side pe hai station ka exit gate,1.0,0.0,0.0
198,transport,EN-HN-EN-HN-HN,3,1,[1],base_tf,bus ka conductor change ho gaya,conductor change ho gaya bus ka,1.0,1.0,1.0
198,transport,EN-HN-EN-HN-HN,3,1,[1],base_es,bus ka conductor change ho gaya,change ho gaya bus ka conductor,1.0,0.0,0.0
198,transport,EN-HN-EN-HN-HN,3,1,[1],tf_es,conductor change ho gaya bus ka,change ho gaya bus ka conductor,1.0,0.0,0.0
199,transport,EN-HN-EN-EN-HN-HN-HN,5,2,"[1, 2]",base_tf,metro ka first coach ladies ke liye,first coach ladies ke liye metro ka,1.0,1.0,1.0
199,transport,EN-HN-EN-EN-HN-HN-HN,5,2,"[1, 2]",base_es,metro ka first coach ladies ke liye,ladies ke liye metro ka first coach,1.0,0.0,0.0
199,transport,EN-HN-EN-EN-HN-HN-HN,5,2,"[1, 2]",tf_es,first coach ladies ke liye metro ka,ladies ke liye metro ka first coach,1.0,0.0,0.0
200,travel,EN-HN-EN-EN-EN-HN-HN,3,3,"[1, 2, 3]",base_tf,journey ka overall experience smooth raha,overall experience smooth raha journey ka,1.0,1.0,1.0
200,travel,EN-HN-EN-EN-EN-HN-HN,3,3,"[1, 2, 3]",base_es,journey ka overall experience smooth raha,smooth raha journey ka overall experience,1.0,0.0,0.0
200,travel,EN-HN-EN-EN-EN-HN-HN,3,3,"[1, 2, 3]",tf_es,overall experience smooth raha journey ka,smooth raha journey ka overall experience,1.0,0.0,0.0
201,travel,EN-HN-EN-EN-HN-HN,3,2,"[1, 2]",base_tf,train ka arrival time late ho gaya,arrival time late ho gaya train ka,1.0,1.0,1.0
201,travel,EN-HN-EN-EN-HN-HN,3,2,"[1, 2]",base_es,train ka arrival time late ho gaya,late ho gaya train ka arrival time,1.0,0.0,0.0
201,travel,EN-HN-EN-EN-HN-HN,3,2,"[1, 2]",tf_es,arrival time late ho gaya train ka,late ho gaya train ka arrival time,1.0,0.0,0.0
202,travel,EN-HN-EN-EN-HN-HN-HN,3,2,"[1, 2]",base_tf,bus ka conductor ticket check kar raha,conductor ticket check kar raha bus ka,1.0,1.0,1.0
202,travel,EN-HN-EN-EN-HN-HN-HN,3,2,"[1, 2]",base_es,bus ka conductor ticket check kar raha,check kar raha bus ka conductor ticket,1.0,0.0,0.0
202,travel,EN-HN-EN-EN-HN-HN-HN,3,2,"[1, 2]",tf_es,conductor ticket check kar raha bus ka,check kar raha bus ka conductor ticket,1.0,0.0,0.0
203,travel,EN-HN-EN-HN-HN-HN-HN-HN,5,1,[1],base_tf,platform ka announcement clear nahi sunai diya,announcement clear nahi sunai diya platform ka,1.0,1.0,1.0
203,travel,EN-HN-EN-HN-HN-HN-HN-HN,5,1,[1],base_es,platform ka announcement clear nahi sunai diya,clear nahi sunai diya platform ka announcement,1.0,0.0,0.0
203,travel,EN-HN-EN-HN-HN-HN-HN-HN,5,1,[1],tf_es,announcement clear nahi sunai diya platform ka,clear nahi sunai diya platform ka announcement,1.0,0.0,0.0
204,travel,EN-HN-EN-EN-HN-HN-HN,4,2,"[1, 2]",base_tf,seat ka number window side ka hai,number window side ka hai seat ka,1.0,1.0,1.0
204,travel,EN-HN-EN-EN-HN-HN-HN,4,2,"[1, 2]",base_es,seat ka number window side ka hai,window side ka hai seat ka number,1.0,0.0,0.0
204,travel,EN-HN-EN-EN-HN-HN-HN,4,2,"[1, 2]",tf_es,number window side ka hai seat ka,window side ka hai seat ka number,1.0,0.0,0.0
205,travel,EN-HN-EN-HN-HN-HN-HN,5,1,[1],base_tf,journey ke beech me stop extra add hua,stop extra add hua journey ke beech me,1.0,1.0,1.0
205,travel,EN-HN-EN-HN-HN-HN-HN,5,1,[1],base_es,journey ke beech me stop extra add hua,extra add hua journey ke beech me stop,1.0,0.0,0.0
205,travel,EN-HN-EN-HN-HN-HN-HN,5,1,[1],tf_es,stop extra add hua journey ke beech me,extra add hua journey ke beech me stop,1.0,0.0,0.0
206,food,EN-HN-EN-EN-HN-HN,3,2,"[1, 2]",base_tf,restaurant ka order delay ho raha,order delay ho raha restaurant ka,1.0,1.0,1.0
206,food,EN-HN-EN-EN-HN-HN,3,2,"[1, 2]",base_es,restaurant ka order delay ho raha,delay ho raha restaurant ka order,1.0,0.0,0.0
206,food,EN-HN-EN-EN-HN-HN,3,2,"[1, 2]",tf_es,order delay ho raha restaurant ka,delay ho raha restaurant ka order,1.0,0.0,0.0
207,food,EN-HN-EN-HN-HN-HN,4,1,[1],base_tf,plate ka portion thoda kam laga,portion thoda kam laga plate ka,1.0,1.0,1.0
207,food,EN-HN-EN-HN-HN-HN,4,1,[1],base_es,plate ka portion thoda kam laga,kam laga plate ka portion thoda,1.0,0.0,0.0
207,food,EN-HN-EN-HN-HN-HN,4,1,[1],tf_es,portion thoda kam laga plate ka,kam laga plate ka portion thoda,1.0,0.0,0.0
208,food,EN-HN-EN-HN-HN-HN-HN,5,1,[1],base_tf,dish ka taste expected jaisa nahi tha,taste expected jaisa nahi tha dish ka,1.0,1.0,1.0
208,food,EN-HN-EN-HN-HN-HN-HN,5,1,[1],base_es,dish ka taste expected jaisa nahi tha,expected jaisa nahi tha dish ka taste,1.0,0.0,0.0
208,food,EN-HN-EN-HN-HN-HN-HN,5,1,[1],tf_es,taste expected jaisa nahi tha dish ka,expected jaisa nahi tha dish ka taste,1.0,0.0,0.0
209,food,EN-HN-EN-EN-HN-HN-HN,4,2,"[1, 2]",base_tf,order ka parcel properly seal nahi tha,parcel properly seal nahi tha order ka,1.0,1.0,1.0
209,food,EN-HN-EN-EN-HN-HN-HN,4,2,"[1, 2]",base_es,order ka parcel properly seal nahi tha,seal nahi tha order ka parcel properly,1.0,0.0,0.0
209,food,EN-HN-EN-EN-HN-HN-HN,4,2,"[1, 2]",tf_es,parcel properly seal nahi tha order ka,seal nahi tha order ka parcel properly,1.0,0.0,0.0
210,food,EN-HN-EN-EN-EN-HN,2,3,"[1, 2, 3]",base_tf,menu ka item temporarily unavailable hai,item temporarily unavailable hai menu ka,1.0,1.0,1.0
210,food,EN-HN-EN-EN-EN-HN,2,3,"[1, 2, 3]",base_es,menu ka item temporarily unavailable hai,temporarily unavailable hai menu ka item,1.0,0.0,0.0
210,food,EN-HN-EN-EN-EN-HN,2,3,"[1, 2, 3]",tf_es,item temporarily unavailable hai menu ka,temporarily unavailable hai menu ka item,1.0,0.0,0.0
211,shopping,EN-HN-EN-EN-EN-HN,2,3,"[1, 2, 3]",base_tf,product ka warranty card missing hai,warranty card missing hai product ka,1.0,1.0,1.0
211,shopping,EN-HN-EN-EN-EN-HN,2,3,"[1, 2, 3]",base_es,product ka warranty card missing hai,missing hai product ka warranty card,1.0,0.0,0.0
211,shopping,EN-HN-EN-EN-EN-HN,2,3,"[1, 2, 3]",tf_es,warranty card missing hai product ka,missing hai product ka warranty card,1.0,0.0,0.0
212,shopping,EN-HN-EN-EN-HN-HN,3,2,"[1, 2]",base_tf,item ka exchange option available nahi,exchange option available nahi item ka,1.0,1.0,1.0
212,shopping,EN-HN-EN-EN-HN-HN,3,2,"[1, 2]",base_es,item ka exchange option available nahi,available nahi item ka exchange option,1.0,0.0,0.0
212,shopping,EN-HN-EN-EN-HN-HN,3,2,"[1, 2]",tf_es,exchange option available nahi item ka,available nahi item ka exchange option,1.0,0.0,0.0
213,shopping,EN-HN-EN-EN-HN-HN-HN,4,2,"[1, 2]",base_tf,order ka tracking link kaam nahi kar raha,tracking link kaam nahi kar raha order ka,1.0,1.0,1.0
213,shopping,EN-HN-EN-EN-HN-HN-HN,4,2,"[1, 2]",base_es,order ka tracking link kaam nahi kar raha,kaam nahi kar raha order ka tracking link,1.0,0.0,0.0
213,shopping,EN-HN-EN-EN-HN-HN-HN,4,2,"[1, 2]",tf_es,tracking link kaam nahi kar raha order ka,kaam nahi kar raha order ka tracking link,1.0,0.0,0.0
214,shopping,EN-HN-EN-EN-HN-HN,3,2,"[1, 2]",base_tf,cart ka total amount change ho gaya,total amount change ho gaya cart ka,1.0,1.0,1.0
214,shopping,EN-HN-EN-EN-HN-HN,3,2,"[1, 2]",base_es,cart ka total amount change ho gaya,change ho gaya cart ka total amount,1.0,0.0,0.0
214,shopping,EN-HN-EN-EN-HN-HN,3,2,"[1, 2]",tf_es,total amount change ho gaya cart ka,change ho gaya cart ka total amount,1.0,0.0,0.0
215,shopping,EN-HN-EN-HN-HN-HN,4,1,[2],base_tf,offer ka validity kal expire ho raha,validity kal expire ho raha offer ka,1.0,1.0,1.0
215,shopping,EN-HN-EN-HN-HN-HN,4,1,[2],base_es,offer ka validity kal expire ho raha,expire ho raha offer ka validity kal,1.0,0.0,0.0
215,shopping,EN-HN-EN-HN-HN-HN,4,1,[2],tf_es,validity kal expire ho raha offer ka,expire ho raha offer ka validity kal,1.0,0.0,0.0
216,work,EN-HN-EN-EN-EN-HN,2,3,"[1, 2, 3]",base_tf,meeting ka start time postpone hua,start time postpone hua meeting ka,1.0,1.0,1.0
216,work,EN-HN-EN-EN-EN-HN,2,3,"[1, 2, 3]",base_es,meeting ka start time postpone hua,postpone hua meeting ka start time,1.0,0.0,0.0
216,work,EN-HN-EN-EN-EN-HN,2,3,"[1, 2, 3]",tf_es,start time postpone hua meeting ka,postpone hua meeting ka start time,1.0,0.0,0.0
217,work,EN-HN-EN-EN-EN-HN,2,3,"[1, 2, 3]",base_tf,task ka priority level high hai,priority level high hai task ka,1.0,1.0,1.0
217,work,EN-HN-EN-EN-EN-HN,2,3,"[1, 2, 3]",base_es,task ka priority level high hai,high hai task ka priority level,1.0,0.0,0.0
217,work,EN-HN-EN-EN-EN-HN,2,3,"[1, 2, 3]",tf_es,priority level high hai task ka,high hai task ka priority level,1.0,0.0,0.0
218,work,EN-HN-EN-EN-HN-HN,3,2,"[1, 2]",base_tf,document ka version outdated lag raha,version outdated lag raha document ka,1.0,1.0,1.0
218,work,EN-HN-EN-EN-HN-HN,3,2,"[1, 2]",base_es,document ka version outdated lag raha,outdated lag raha document ka version,1.0,0.0,0.0
218,work,EN-HN-EN-EN-HN-HN,3,2,"[1, 2]",tf_es,version outdated lag raha document ka,outdated lag raha document ka version,1.0,0.0,0.0
219,work,EN-HN-EN-HN-HN-HN,4,1,[1],base_tf,call ka audio clear nahi aa raha,audio clear nahi aa raha call ka,1.0,1.0,1.0
219,work,EN-HN-EN-HN-HN-HN,4,1,[1],base_es,call ka audio clear nahi aa raha,clear nahi aa raha call ka audio,1.0,0.0,0.0
219,work,EN-HN-EN-HN-HN-HN,4,1,[1],tf_es,audio clear nahi aa raha call ka,clear nahi aa raha call ka audio,1.0,0.0,0.0
220,work,EN-HN-EN-EN-HN-HN-HN,4,2,"[1, 2]",base_tf,discussion ka summary mail pe bhej dena,summary mail pe bhej dena discussion ka,1.0,1.0,1.0
220,work,EN-HN-EN-EN-HN-HN-HN,4,2,"[1, 2]",base_es,discussion ka summary mail pe bhej dena,bhej dena discussion ka summary mail pe,1.0,0.0,0.0
220,work,EN-HN-EN-EN-HN-HN-HN,4,2,"[1, 2]",tf_es,summary mail pe bhej dena discussion ka,bhej dena discussion ka summary mail pe,1.0,0.0,0.0
221,education,EN-HN-EN-EN-HN-HN-HN,4,2,"[1, 2]",base_tf,lecture ka slide deck download nahi ho raha,slide deck download nahi ho raha lecture ka,1.0,1.0,1.0
221,education,EN-HN-EN-EN-HN-HN-HN,4,2,"[1, 2]",base_es,lecture ka slide deck download nahi ho raha,download nahi ho raha lecture ka slide deck,1.0,0.0,0.0
221,education,EN-HN-EN-EN-HN-HN-HN,4,2,"[1, 2]",tf_es,slide deck download nahi ho raha lecture ka,download nahi ho raha lecture ka slide deck,1.0,0.0,0.0
222,education,EN-HN-EN-HN-HN,3,1,[1],base_tf,exam ka invigilator late aaya,invigilator late aaya exam ka,1.0,1.0,1.0
222,education,EN-HN-EN-HN-HN,3,1,[1],base_es,exam ka invigilator late aaya,late aaya exam ka invigilator,1.0,0.0,0.0
222,education,EN-HN-EN-HN-HN,3,1,[1],tf_es,invigilator late aaya exam ka,late aaya exam ka invigilator,1.0,0.0,0.0
223,education,EN-HN-EN-EN-EN-HN,2,3,"[1, 2, 3]",base_tf,class ka attendance register missing hai,attendance register missing hai class ka,1.0,1.0,1.0
223,education,EN-HN-EN-EN-EN-HN,2,3,"[1, 2, 3]",base_es,class ka attendance register missing hai,missing hai class ka attendance register,1.0,0.0,0.0
223,education,EN-HN-EN-EN-EN-HN,2,3,"[1, 2, 3]",tf_es,attendance register missing hai class ka,missing hai class ka attendance register,1.0,0.0,0.0
224,education,EN-HN-EN-EN-HN-HN,3,2,"[1, 2]",base_tf,project ka demo clearly samajh aaya,demo clearly samajh aaya project ka,1.0,1.0,1.0
224,education,EN-HN-EN-EN-HN-HN,3,2,"[1, 2]",base_es,project ka demo clearly samajh aaya,clearly samajh aaya project ka demo,1.0,0.0,0.0
224,education,EN-HN-EN-EN-HN-HN,3,2,"[1, 2]",tf_es,demo clearly samajh aaya project ka,clearly samajh aaya project ka demo,1.0,0.0,0.0
225,education,EN-HN-EN-HN-EN-HN-HN,5,2,"[1, 4]",base_tf,seminar ka schedule last minute change hua,schedule last minute change hua seminar ka,1.0,1.0,1.0
225,education,EN-HN-EN-HN-EN-HN-HN,5,2,"[1, 4]",base_es,seminar ka schedule last minute change hua,change hua seminar ka schedule last minute,1.0,0.0,0.0
225,education,EN-HN-EN-HN-EN-HN-HN,5,2,"[1, 4]",tf_es,schedule last minute change hua seminar ka,change hua seminar ka schedule last minute,1.0,0.0,0.0
226,education,EN-HN-EN-EN-HN-HN,3,2,"[1, 2]",base_tf,hostel ka mess food average lag raha,mess food average lag raha hostel ka,1.0,1.0,1.0
226,education,EN-HN-EN-EN-HN-HN,3,2,"[1, 2]",base_es,hostel ka mess food average lag raha,average lag raha hostel ka mess food,1.0,0.0,0.0
226,education,EN-HN-EN-EN-HN-HN,3,2,"[1, 2]",tf_es,mess food average lag raha hostel ka,average lag raha hostel ka mess food,1.0,0.0,0.0
227,education,EN-HN-EN-HN-HN,3,1,[1],base_tf,whiteboard ka marker dry ho gaya,marker dry ho gaya whiteboard ka,1.0,1.0,1.0
227,education,EN-HN-EN-HN-HN,3,1,[1],base_es,whiteboard ka marker dry ho gaya,dry ho gaya whiteboard ka marker,1.0,0.0,0.0
227,education,EN-HN-EN-HN-HN,3,1,[1],tf_es,marker dry ho gaya whiteboard ka,dry ho gaya whiteboard ka marker,1.0,0.0,0.0
228,education,EN-HN-EN-EN-EN-HN,2,3,"[1, 2, 3]",base_tf,assignment ka submission portal slow hai,submission portal slow hai assignment ka,1.0,1.0,1.0
228,education,EN-HN-EN-EN-EN-HN,2,3,"[1, 2, 3]",base_es,assignment ka submission portal slow hai,slow hai assignment ka submission portal,1.0,0.0,0.0
228,education,EN-HN-EN-EN-EN-HN,2,3,"[1, 2, 3]",tf_es,submission portal slow hai assignment ka,slow hai assignment ka submission portal,1.0,0.0,0.0
229,education,EN-HN-EN-EN-HN-HN,3,2,"[1, 2]",base_tf,class ka syllabus alignment clear nahi,syllabus alignment clear nahi class ka,1.0,1.0,1.0
229,education,EN-HN-EN-EN-HN-HN,3,2,"[1, 2]",base_es,class ka syllabus alignment clear nahi,clear nahi class ka syllabus alignment,1.0,0.0,0.0
229,education,EN-HN-EN-EN-HN-HN,3,2,"[1, 2]",tf_es,syllabus alignment clear nahi class ka,clear nahi class ka syllabus alignment,1.0,0.0,0.0
230,education,EN-HN-EN-EN-HN-HN,3,2,"[1, 2]",base_tf,tutorial ka recording link expire ho gaya,recording link expire ho gaya tutorial ka,1.0,1.0,1.0
230,education,EN-HN-EN-EN-HN-HN,3,2,"[1, 2]",base_es,tutorial ka recording link expire ho gaya,expire ho gaya tutorial ka recording link,1.0,0.0,0.0
230,education,EN-HN-EN-EN-HN-HN,3,2,"[1, 2]",tf_es,recording link expire ho gaya tutorial ka,expire ho gaya tutorial ka recording link,1.0,0.0,0.0
231,household,EN-HN-EN-EN-HN-HN,3,2,"[1, 2]",base_tf,kitchen ka sink water leak kar raha,sink water leak kar raha kitchen ka,1.0,1.0,1.0
231,household,EN-HN-EN-EN-HN-HN,3,2,"[1, 2]",base_es,kitchen ka sink water leak kar raha,leak kar raha kitchen ka sink water,1.0,0.0,0.0
231,household,EN-HN-EN-EN-HN-HN,3,2,"[1, 2]",tf_es,sink water leak kar raha kitchen ka,leak kar raha kitchen ka sink water,1.0,0.0,0.0
232,household,EN-HN-EN-EN-HN-HN-HN,4,2,"[1, 2]",base_tf,room ka curtain properly slide nahi ho raha,curtain properly slide nahi ho raha room ka,1.0,1.0,1.0
232,household,EN-HN-EN-EN-HN-HN-HN,4,2,"[1, 2]",base_es,room ka curtain properly slide nahi ho raha,slide nahi ho raha room ka curtain properly,1.0,0.0,0.0
232,household,EN-HN-EN-EN-HN-HN-HN,4,2,"[1, 2]",tf_es,curtain properly slide nahi ho raha room ka,slide nahi ho raha room ka curtain properly,1.0,0.0,0.0
233,household,EN-HN-EN-EN-HN-HN,3,2,"[1, 2]",base_tf,bedroom ka switch board loose lag raha,switch board loose lag raha bedroom ka,1.0,1.0,1.0
233,household,EN-HN-EN-EN-HN-HN,3,2,"[1, 2]",base_es,bedroom ka switch board loose lag raha,loose lag raha bedroom ka switch board,1.0,0.0,0.0
233,household,EN-HN-EN-EN-HN-HN,3,2,"[1, 2]",tf_es,switch board loose lag raha bedroom ka,loose lag raha bedroom ka switch board,1.0,0.0,0.0
234,household,EN-HN-EN-HN-HN-HN,4,1,[2],base_tf,washing powder ka stock khatam ho gaya,stock khatam ho gaya washing powder ka,1.0,1.0,1.0
234,household,EN-HN-EN-HN-HN-HN,4,1,[2],base_es,washing powder ka stock khatam ho gaya,khatam ho gaya washing powder ka stock,1.0,0.0,0.0
234,household,EN-HN-EN-HN-HN-HN,4,1,[2],tf_es,stock khatam ho gaya washing powder ka,khatam ho gaya washing powder ka stock,1.0,0.0,0.0
235,household,EN-HN-EN-HN-HN-HN,4,1,[1],base_tf,balcony ka plant water karna reh gaya,plant water karna reh gaya balcony ka,1.0,1.0,1.0
235,household,EN-HN-EN-HN-HN-HN,4,1,[1],base_es,balcony ka plant water karna reh gaya,water karna reh gaya balcony ka plant,1.0,0.0,0.0
235,household,EN-HN-EN-HN-HN-HN,4,1,[1],tf_es,plant water karna reh gaya balcony ka,water karna reh gaya balcony ka plant,1.0,0.0,0.0
236,household,EN-HN-EN-EN-HN-HN,3,2,"[1, 2]",base_tf,bathroom ka exhaust fan noise kar raha,exhaust fan noise kar raha bathroom ka,1.0,1.0,1.0
236,household,EN-HN-EN-EN-HN-HN,3,2,"[1, 2]",base_es,bathroom ka exhaust fan noise kar raha,noise kar raha bathroom ka exhaust fan,1.0,0.0,0.0
236,household,EN-HN-EN-EN-HN-HN,3,2,"[1, 2]",tf_es,exhaust fan noise kar raha bathroom ka,noise kar raha bathroom ka exhaust fan,1.0,0.0,0.0
237,household,EN-HN-EN-EN-HN-HN,3,2,"[1, 2]",base_tf,fridge ka ice tray jam ho gaya,ice tray jam ho gaya fridge ka,1.0,1.0,1.0
237,household,EN-HN-EN-EN-HN-HN,3,2,"[1, 2]",base_es,fridge ka ice tray jam ho gaya,jam ho gaya fridge ka ice tray,1.0,0.0,0.0
237,household,EN-HN-EN-EN-HN-HN,3,2,"[1, 2]",tf_es,ice tray jam ho gaya fridge ka,jam ho gaya fridge ka ice tray,1.0,0.0,0.0
238,household,EN-HN-EN-EN-HN-HN,3,2,"[1, 2]",base_tf,sofa ka fabric stain easily pakad raha,fabric stain easily pakad raha sofa ka,1.0,1.0,1.0
238,household,EN-HN-EN-EN-HN-HN,3,2,"[1, 2]",base_es,sofa ka fabric stain easily pakad raha,easily pakad raha sofa ka fabric stain,1.0,0.0,0.0
238,household,EN-HN-EN-EN-HN-HN,3,2,"[1, 2]",tf_es,fabric stain easily pakad raha sofa ka,easily pakad raha sofa ka fabric stain,1.0,0.0,0.0
239,household,EN-HN-EN-HN-EN-HN-HN,4,2,"[1, 4]",base_tf,wardrobe ka door alignment thoda off hai,door alignment thoda off hai wardrobe ka,1.0,1.0,1.0
239,household,EN-HN-EN-HN-EN-HN-HN,4,2,"[1, 4]",base_es,wardrobe ka door alignment thoda off hai,off hai wardrobe ka door alignment thoda,1.0,0.0,0.0
239,household,EN-HN-EN-HN-EN-HN-HN,4,2,"[1, 4]",tf_es,door alignment thoda off hai wardrobe ka,off hai wardrobe ka door alignment thoda,1.0,0.0,0.0
240,household,EN-HN-EN-EN-HN-HN,3,2,"[1, 2]",base_tf,home ka inverter backup weak lag raha,inverter backup weak lag raha home ka,1.0,1.0,1.0
240,household,EN-HN-EN-EN-HN-HN,3,2,"[1, 2]",base_es,home ka inverter backup weak lag raha,weak lag raha home ka inverter backup,1.0,0.0,0.0
240,household,EN-HN-EN-EN-HN-HN,3,2,"[1, 2]",tf_es,inverter backup weak lag raha home ka,weak lag raha home ka inverter backup,1.0,0.0,0.0
241,digital,EN-HN-EN-EN-EN-HN,2,3,"[1, 2, 3]",base_tf,app ka onboarding flow confusing laga,onboarding flow confusing laga app ka,1.0,1.0,1.0
241,digital,EN-HN-EN-EN-EN-HN,2,3,"[1, 2, 3]",base_es,app ka onboarding flow confusing laga,confusing laga app ka onboarding flow,1.0,0.0,0.0
241,digital,EN-HN-EN-EN-EN-HN,2,3,"[1, 2, 3]",tf_es,onboarding flow confusing laga app ka,confusing laga app ka onboarding flow,1.0,0.0,0.0
242,digital,EN-HN-EN-EN-HN-HN-HN,4,2,"[1, 2]",base_tf,phone ka notification badge clear nahi hua,notification badge clear nahi hua phone ka,1.0,1.0,1.0
242,digital,EN-HN-EN-EN-HN-HN-HN,4,2,"[1, 2]",base_es,phone ka notification badge clear nahi hua,clear nahi hua phone ka notification badge,1.0,0.0,0.0
242,digital,EN-HN-EN-EN-HN-HN-HN,4,2,"[1, 2]",tf_es,notification badge clear nahi hua phone ka,clear nahi hua phone ka notification badge,1.0,0.0,0.0
243,digital,EN-HN-EN-EN-EN-HN,2,3,"[1, 2, 3]",base_tf,browser ka extension automatically disable hua,extension automatically disable hua browser ka,1.0,1.0,1.0
243,digital,EN-HN-EN-EN-EN-HN,2,3,"[1, 2, 3]",base_es,browser ka extension automatically disable hua,automatically disable hua browser ka extension,1.0,0.0,0.0
243,digital,EN-HN-EN-EN-EN-HN,2,3,"[1, 2, 3]",tf_es,extension automatically disable hua browser ka,automatically disable hua browser ka extension,1.0,0.0,0.0
244,digital,EN-HN-EN-EN-HN-HN-HN,3,2,"[1, 2]",base_tf,system ka storage cleanup recommend kar raha,storage cleanup recommend kar raha system ka,1.0,1.0,1.0
244,digital,EN-HN-EN-EN-HN-HN-HN,3,2,"[1, 2]",base_es,system ka storage cleanup recommend kar raha,recommend kar raha system ka storage cleanup,1.0,0.0,0.0
244,digital,EN-HN-EN-EN-HN-HN-HN,3,2,"[1, 2]",tf_es,storage cleanup recommend kar raha system ka,recommend kar raha system ka storage cleanup,1.0,0.0,0.0
245,digital,EN-HN-EN-EN-EN-HN-HN,3,3,"[1, 2, 3]",base_tf,email ka attachment size limit cross ho gaya,attachment size limit cross ho gaya email ka,1.0,1.0,1.0
245,digital,EN-HN-EN-EN-EN-HN-HN,3,3,"[1, 2, 3]",base_es,email ka attachment size limit cross ho gaya,cross ho gaya email ka attachment size limit,1.0,0.0,0.0
245,digital,EN-HN-EN-EN-EN-HN-HN,3,3,"[1, 2, 3]",tf_es,attachment size limit cross ho gaya email ka,cross ho gaya email ka attachment size limit,1.0,0.0,0.0
246,digital,EN-HN-EN-EN-EN-HN,2,3,"[1, 2, 3]",base_tf,wifi ka password recently change hua,password recently change hua wifi ka,1.0,1.0,1.0
246,digital,EN-HN-EN-EN-EN-HN,2,3,"[1, 2, 3]",base_es,wifi ka password recently change hua,change hua wifi ka password recently,1.0,0.0,0.0
246,digital,EN-HN-EN-EN-EN-HN,2,3,"[1, 2, 3]",tf_es,password recently change hua wifi ka,change hua wifi ka password recently,1.0,0.0,0.0
247,digital,EN-HN-EN-EN-EN-HN,2,3,"[1, 2, 3]",base_tf,app ka dark mode option missing hai,dark mode option missing hai app ka,1.0,1.0,1.0
247,digital,EN-HN-EN-EN-EN-HN,2,3,"[1, 2, 3]",base_es,app ka dark mode option missing hai,missing hai app ka dark mode option,1.0,0.0,0.0
247,digital,EN-HN-EN-EN-EN-HN,2,3,"[1, 2, 3]",tf_es,dark mode option missing hai app ka,missing hai app ka dark mode option,1.0,0.0,0.0
248,digital,EN-HN-EN-EN-HN-HN,3,2,"[1, 2]",base_tf,file ka sync status stuck ho gaya,sync status stuck ho gaya file ka,1.0,1.0,1.0
248,digital,EN-HN-EN-EN-HN-HN,3,2,"[1, 2]",base_es,file ka sync status stuck ho gaya,stuck ho gaya file ka sync status,1.0,0.0,0.0
248,digital,EN-HN-EN-EN-HN-HN,3,2,"[1, 2]",tf_es,sync status stuck ho gaya file ka,stuck ho gaya file ka sync status,1.0,0.0,0.0
249,digital,EN-HN-EN-EN-HN-HN,3,2,"[1, 2]",base_tf,update ka changelog properly mention nahi,changelog properly mention nahi update ka,1.0,1.0,1.0
249,digital,EN-HN-EN-EN-HN-HN,3,2,"[1, 2]",base_es,update ka changelog properly mention nahi,properly mention nahi update ka changelog,1.0,0.0,0.0
249,digital,EN-HN-EN-EN-HN-HN,3,2,"[1, 2]",tf_es,changelog properly mention nahi update ka,properly mention nahi update ka changelog,1.0,0.0,0.0
250,digital,EN-HN-EN-EN-HN-HN,3,2,"[1, 2]",base_tf,system ka boot time zyada lag raha,boot time zyada lag raha system ka,1.0,1.0,1.0
250,digital,EN-HN-EN-EN-HN-HN,3,2,"[1, 2]",base_es,system ka boot time zyada lag raha,zyada lag raha system ka boot time,1.0,0.0,0.0
250,digital,EN-HN-EN-EN-HN-HN,3,2,"[1, 2]",tf_es,boot time zyada lag raha system ka,zyada lag raha system ka boot time,1.0,0.0,0.0
251,health,EN-HN-EN-EN-HN-HN-HN,4,2,"[1, 2]",base_tf,doctor ka follow up visit next week hai,follow up visit next week hai doctor ka,1.0,1.0,1.0
251,health,EN-HN-EN-EN-HN-HN-HN,4,2,"[1, 2]",base_es,doctor ka follow up visit next week hai,next week hai doctor ka follow up visit,1.0,0.0,0.0
251,health,EN-HN-EN-EN-HN-HN-HN,4,2,"[1, 2]",tf_es,follow up visit next week hai doctor ka,next week hai doctor ka follow up visit,1.0,0.0,0.0
252,health,EN-HN-EN-EN-HN-HN,3,2,"[1, 2]",base_tf,medicine ka refill reminder set karna,refill reminder set karna medicine ka,1.0,1.0,1.0
252,health,EN-HN-EN-EN-HN-HN,3,2,"[1, 2]",base_es,medicine ka refill reminder set karna,set karna medicine ka refill reminder,1.0,1.0,1.0
252,health,EN-HN-EN-EN-HN-HN,3,2,"[1, 2]",tf_es,refill reminder set karna medicine ka,set karna medicine ka refill reminder,1.0,1.0,1.0
253,health,EN-HN-EN-EN-EN-HN,2,3,"[1, 2, 3]",base_tf,clinic ka registration counter crowded tha,registration counter crowded tha clinic ka,1.0,1.0,1.0
253,health,EN-HN-EN-EN-EN-HN,2,3,"[1, 2, 3]",base_es,clinic ka registration counter crowded tha,crowded tha clinic ka registration counter,1.0,0.0,0.0
253,health,EN-HN-EN-EN-EN-HN,2,3,"[1, 2, 3]",tf_es,registration counter crowded tha clinic ka,crowded tha clinic ka registration counter,1.0,0.0,0.0
254,health,EN-HN-EN-EN-HN-HN,3,2,"[1, 2]",base_tf,test ka sample collection smooth raha,sample collection smooth raha test ka,1.0,1.0,1.0
254,health,EN-HN-EN-EN-HN-HN,3,2,"[1, 2]",base_es,test ka sample collection smooth raha,smooth raha test ka sample collection,1.0,0.0,0.0
254,health,EN-HN-EN-EN-HN-HN,3,2,"[1, 2]",tf_es,sample collection smooth raha test ka,smooth raha test ka sample collection,1.0,0.0,0.0
255,health,EN-HN-EN-EN-EN-HN,2,3,"[1, 2, 3]",base_tf,report ka turnaround time fast tha,turnaround time fast tha report ka,1.0,1.0,1.0
255,health,EN-HN-EN-EN-EN-HN,2,3,"[1, 2, 3]",base_es,report ka turnaround time fast tha,fast tha report ka turnaround time,1.0,0.0,0.0
255,health,EN-HN-EN-EN-EN-HN,2,3,"[1, 2, 3]",tf_es,turnaround time fast tha report ka,fast tha report ka turnaround time,1.0,0.0,0.0
256,health,EN-HN-HN-HN-HN-HN,5,1,[0],base_tf,prescribed diet follow karna mushkil lag raha,diet follow karna mushkil lag raha prescribed,1.0,1.0,1.0
256,health,EN-HN-HN-HN-HN-HN,5,1,[0],base_es,prescribed diet follow karna mushkil lag raha,mushkil lag raha prescribed diet follow karna,1.0,0.0,0.0
256,health,EN-HN-HN-HN-HN-HN,5,1,[0],tf_es,diet follow karna mushkil lag raha prescribed,mushkil lag raha prescribed diet follow karna,1.0,0.0,0.0
257,health,EN-HN-EN-HN-HN-HN,4,1,[1],base_tf,exercise ka routine maintain nahi ho raha,routine maintain nahi ho raha exercise ka,1.0,1.0,1.0
257,health,EN-HN-EN-HN-HN-HN,4,1,[1],base_es,exercise ka routine maintain nahi ho raha,maintain nahi ho raha exercise ka routine,1.0,0.0,0.0
257,health,EN-HN-EN-HN-HN-HN,4,1,[1],tf_es,routine maintain nahi ho raha exercise ka,maintain nahi ho raha exercise ka routine,1.0,0.0,0.0
258,health,EN-HN-EN-EN-EN-HN,2,3,"[1, 2, 3]",base_tf,doctor ka waiting time manageable laga,waiting time manageable laga doctor ka,1.0,1.0,1.0
258,health,EN-HN-EN-EN-EN-HN,2,3,"[1, 2, 3]",base_es,doctor ka waiting time manageable laga,manageable laga doctor ka waiting time,1.0,1.0,1.0
258,health,EN-HN-EN-EN-EN-HN,2,3,"[1, 2, 3]",tf_es,waiting time manageable laga doctor ka,manageable laga doctor ka waiting time,1.0,1.0,1.0
259,health,EN-HN-EN-HN-HN-HN,4,1,[2],base_tf,medicine ka taste thoda bitter hai,taste thoda bitter hai medicine ka,1.0,1.0,1.0
259,health,EN-HN-EN-HN-HN-HN,4,1,[2],base_es,medicine ka taste thoda bitter hai,bitter hai medicine ka taste thoda,1.0,0.0,0.0
259,health,EN-HN-EN-HN-HN-HN,4,1,[2],tf_es,taste thoda bitter hai medicine ka,bitter hai medicine ka taste thoda,1.0,0.0,0.0
260,health,EN-HN-EN-EN-EN-HN,2,3,"[1, 2, 3]",base_tf,health checkup ka package affordable laga,package affordable laga health checkup ka,1.0,1.0,1.0
260,health,EN-HN-EN-EN-EN-HN,2,3,"[1, 2, 3]",base_es,health checkup ka package affordable laga,affordable laga health checkup ka package,1.0,0.0,0.0
260,health,EN-HN-EN-EN-EN-HN,2,3,"[1, 2, 3]",tf_es,package affordable laga health checkup ka,affordable laga health checkup ka package,1.0,0.0,0.0
261,work,EN-HN-EN-EN-HN-HN,3,2,"[1, 2]",base_tf,manager ka approval abhi pending hai,approval abhi pending hai manager ka,1.0,1.0,1.0
261,work,EN-HN-EN-EN-HN-HN,3,2,"[1, 2]",base_es,manager ka approval abhi pending hai,pending hai manager ka approval abhi,1.0,0.0,0.0
261,work,EN-HN-EN-EN-HN-HN,3,2,"[1, 2]",tf_es,approval abhi pending hai manager ka,pending hai manager ka approval abhi,1.0,0.0,0.0
262,work,EN-HN-EN-EN-HN-HN-HN,4,2,"[1, 2]",base_tf,team ka workload evenly distribute nahi hua,workload evenly distribute nahi hua team ka,1.0,1.0,1.0
262,work,EN-HN-EN-EN-HN-HN-HN,4,2,"[1, 2]",base_es,team ka workload evenly distribute nahi hua,evenly distribute nahi hua team ka workload,1.0,0.0,0.0
262,work,EN-HN-EN-EN-HN-HN-HN,4,2,"[1, 2]",tf_es,workload evenly distribute nahi hua team ka,evenly distribute nahi hua team ka workload,1.0,0.0,0.0
263,work,EN-HN-EN-EN-EN-HN,3,3,"[1, 2, 3]",base_tf,meeting ka follow up action pending raha,follow up action pending raha meeting ka,1.0,1.0,1.0
263,work,EN-HN-EN-EN-EN-HN,3,3,"[1, 2, 3]",base_es,meeting ka follow up action pending raha,pending raha meeting ka follow up action,1.0,0.0,0.0
263,work,EN-HN-EN-EN-EN-HN,3,3,"[1, 2, 3]",tf_es,follow up action pending raha meeting ka,pending raha meeting ka follow up action,1.0,0.0,0.0
264,work,EN-HN-EN-EN-HN-HN-HN,4,2,"[1, 2]",base_tf,client ka response expected se slow aaya,response expected se slow aaya client ka,1.0,1.0,1.0
264,work,EN-HN-EN-EN-HN-HN-HN,4,2,"[1, 2]",base_es,client ka response expected se slow aaya,slow aaya client ka response expected se,1.0,1.0,1.0
264,work,EN-HN-EN-EN-HN-HN-HN,4,2,"[1, 2]",tf_es,response expected se slow aaya client ka,slow aaya client ka response expected se,1.0,1.0,1.0
265,work,EN-HN-EN-EN-HN-HN-HN,4,2,"[1, 2]",base_tf,task ka ownership clearly define nahi hua,ownership clearly define nahi hua task ka,1.0,1.0,1.0
265,work,EN-HN-EN-EN-HN-HN-HN,4,2,"[1, 2]",base_es,task ka ownership clearly define nahi hua,clearly define nahi hua task ka ownership,1.0,0.0,0.0
265,work,EN-HN-EN-EN-HN-HN-HN,4,2,"[1, 2]",tf_es,ownership clearly define nahi hua task ka,clearly define nahi hua task ka ownership,1.0,0.0,0.0
266,work,EN-HN-EN-HN-HN-HN,4,1,[1],base_tf,deadline ka buffer thoda kam tha,buffer thoda kam tha deadline ka,1.0,1.0,1.0
266,work,EN-HN-EN-HN-HN-HN,4,1,[1],base_es,deadline ka buffer thoda kam tha,kam tha deadline ka buffer thoda,1.0,0.0,0.0
266,work,EN-HN-EN-HN-HN-HN,4,1,[1],tf_es,buffer thoda kam tha deadline ka,kam tha deadline ka buffer thoda,1.0,0.0,0.0
267,work,EN-HN-EN-EN-HN-HN-HN,4,2,"[1, 2]",base_tf,report ka final version abhi ready nahi,final version abhi ready nahi report ka,1.0,1.0,1.0
267,work,EN-HN-EN-EN-HN-HN-HN,4,2,"[1, 2]",base_es,report ka final version abhi ready nahi,ready nahi report ka final version abhi,1.0,0.0,0.0
267,work,EN-HN-EN-EN-HN-HN-HN,4,2,"[1, 2]",tf_es,final version abhi ready nahi report ka,ready nahi report ka final version abhi,1.0,0.0,0.0
268,work,EN-HN-EN-EN-HN-HN-HN,4,2,"[1, 2]",base_tf,discussion ka outcome clearly document nahi hua,outcome clearly document nahi hua discussion ka,1.0,1.0,1.0
268,work,EN-HN-EN-EN-HN-HN-HN,4,2,"[1, 2]",base_es,discussion ka outcome clearly document nahi hua,clearly document nahi hua discussion ka outcome,1.0,1.0,1.0
268,work,EN-HN-EN-EN-HN-HN-HN,4,2,"[1, 2]",tf_es,outcome clearly document nahi hua discussion ka,clearly document nahi hua discussion ka outcome,1.0,1.0,1.0
269,work,EN-HN-EN-EN-HN-HN,3,2,"[1, 2]",base_tf,team ka sync meeting skip ho gaya,sync meeting skip ho gaya team ka,1.0,1.0,1.0
269,work,EN-HN-EN-EN-HN-HN,3,2,"[1, 2]",base_es,team ka sync meeting skip ho gaya,skip ho gaya team ka sync meeting,1.0,0.0,0.0
269,work,EN-HN-EN-EN-HN-HN,3,2,"[1, 2]",tf_es,sync meeting skip ho gaya team ka,skip ho gaya team ka sync meeting,1.0,0.0,0.0
270,work,EN-HN-EN-EN-HN-HN,3,2,"[1, 2]",base_tf,work ka stress level zyada lag raha,stress level zyada lag raha work ka,1.0,1.0,1.0
270,work,EN-HN-EN-EN-HN-HN,3,2,"[1, 2]",base_es,work ka stress level zyada lag raha,zyada lag raha work ka stress level,1.0,0.0,0.0
270,work,EN-HN-EN-EN-HN-HN,3,2,"[1, 2]",tf_es,stress level zyada lag raha work ka,zyada lag raha work ka stress level,1.0,0.0,0.0
271,social,EN-HN-EN-HN-HN-HN,4,1,[1],base_tf,group ka plan weekend ke liye bana,plan weekend ke liye bana group ka,1.0,1.0,1.0
271,social,EN-HN-EN-HN-HN-HN,4,1,[1],base_es,group ka plan weekend ke liye bana,weekend ke liye bana group ka plan,1.0,0.0,0.0
271,social,EN-HN-EN-HN-HN-HN,4,1,[1],tf_es,plan weekend ke liye bana group ka,weekend ke liye bana group ka plan,1.0,0.0,0.0
272,social,EN-HN-EN-EN-HN,2,2,"[1, 2]",base_tf,friends ka meetup casual rakhenge,meetup casual rakhenge friends ka,1.0,1.0,1.0
272,social,EN-HN-EN-EN-HN,2,2,"[1, 2]",base_es,friends ka meetup casual rakhenge,casual rakhenge friends ka meetup,1.0,0.0,0.0
272,social,EN-HN-EN-EN-HN,2,2,"[1, 2]",tf_es,meetup casual rakhenge friends ka,casual rakhenge friends ka meetup,1.0,0.0,0.0
273,social,EN-HN-EN-HN-HN-HN,4,1,[2],base_tf,chat ka tone thoda awkward lag raha,tone thoda awkward lag raha chat ka,1.0,1.0,1.0
273,social,EN-HN-EN-HN-HN-HN,4,1,[2],base_es,chat ka tone thoda awkward lag raha,awkward lag raha chat ka tone thoda,1.0,0.0,0.0
273,social,EN-HN-EN-HN-HN-HN,4,1,[2],tf_es,tone thoda awkward lag raha chat ka,awkward lag raha chat ka tone thoda,1.0,0.0,0.0
274,social,EN-HN-EN-EN-HN-HN-HN,3,2,"[1, 2]",base_tf,message ka reply short rakhna better hai,reply short rakhna better hai message ka,1.0,1.0,1.0
274,social,EN-HN-EN-EN-HN-HN-HN,3,2,"[1, 2]",base_es,message ka reply short rakhna better hai,short rakhna better hai message ka reply,1.0,0.0,0.0
274,social,EN-HN-EN-EN-HN-HN-HN,3,2,"[1, 2]",tf_es,reply short rakhna better hai message ka,short rakhna better hai message ka reply,1.0,0.0,0.0
275,social,EN-HN-EN-EN-HN-HN-HN,4,2,"[1, 2]",base_tf,call ka purpose clearly explain nahi hua,purpose clearly explain nahi hua call ka,1.0,1.0,1.0
275,social,EN-HN-EN-EN-HN-HN-HN,4,2,"[1, 2]",base_es,call ka purpose clearly explain nahi hua,clearly explain nahi hua call ka purpose,1.0,0.0,0.0
275,social,EN-HN-EN-EN-HN-HN-HN,4,2,"[1, 2]",tf_es,purpose clearly explain nahi hua call ka,clearly explain nahi hua call ka purpose,1.0,0.0,0.0
276,social,EN-HN-EN-HN-HN-HN,4,1,[2],base_tf,status ka caption thoda confusing laga,caption thoda confusing laga status ka,1.0,1.0,1.0
276,social,EN-HN-EN-HN-HN-HN,4,1,[2],base_es,status ka caption thoda confusing laga,confusing laga status ka caption thoda,1.0,1.0,1.0
276,social,EN-HN-EN-HN-HN-HN,4,1,[2],tf_es,caption thoda confusing laga status ka,confusing laga status ka caption thoda,1.0,1.0,1.0
277,social,EN-HN-EN-EN-EN-HN,2,3,"[1, 2, 3]",base_tf,event ka dress code casual rakha,dress code casual rakha event ka,1.0,1.0,1.0
277,social,EN-HN-EN-EN-EN-HN,2,3,"[1, 2, 3]",base_es,event ka dress code casual rakha,casual rakha event ka dress code,1.0,0.0,0.0
277,social,EN-HN-EN-EN-EN-HN,2,3,"[1, 2, 3]",tf_es,dress code casual rakha event ka,casual rakha event ka dress code,1.0,0.0,0.0
278,social,EN-HN-EN-HN-HN-HN,4,1,[1],base_tf,invite ka response time kaafi slow tha,response time kaafi slow tha invite ka,1.0,1.0,1.0
278,social,EN-HN-EN-HN-HN-HN,4,1,[1],base_es,invite ka response time kaafi slow tha,slow tha invite ka response time kaafi,1.0,0.0,0.0
278,social,EN-HN-EN-HN-HN-HN,4,1,[1],tf_es,response time kaafi slow tha invite ka,slow tha invite ka response time kaafi,1.0,0.0,0.0
279,social,EN-HN-EN-EN-HN-HN-HN,4,2,"[1, 2]",base_tf,conversation ka flow natural nahi lag raha,flow natural nahi lag raha conversation ka,1.0,1.0,1.0
279,social,EN-HN-EN-EN-HN-HN-HN,4,2,"[1, 2]",base_es,conversation ka flow natural nahi lag raha,natural nahi lag raha conversation ka flow,1.0,0.0,0.0
279,social,EN-HN-EN-EN-HN-HN-HN,4,2,"[1, 2]",tf_es,flow natural nahi lag raha conversation ka,natural nahi lag raha conversation ka flow,1.0,0.0,0.0
280,social,EN-HN-EN-EN-HN-HN,3,2,"[1, 2]",base_tf,group chat ka discussion off topic chala,discussion off topic chala group chat ka,1.0,1.0,1.0
280,social,EN-HN-EN-EN-HN-HN,3,2,"[1, 2]",base_es,group chat ka discussion off topic chala,off topic chala group chat ka discussion,1.0,0.0,0.0
280,social,EN-HN-EN-EN-HN-HN,3,2,"[1, 2]",tf_es,discussion off topic chala group chat ka,off topic chala group chat ka discussion,1.0,0.0,0.0
281,transport,EN-HN-EN-EN-HN-HN-HN,5,2,"[1, 2]",base_tf,bus ka frequency peak hours me kam hai,frequency peak hours me kam hai bus ka,1.0,1.0,1.0
281,transport,EN-HN-EN-EN-HN-HN-HN,5,2,"[1, 2]",base_es,bus ka frequency peak hours me kam hai,peak hours me kam hai bus ka frequency,1.0,0.0,0.0
281,transport,EN-HN-EN-EN-HN-HN-HN,5,2,"[1, 2]",tf_es,frequency peak hours me kam hai bus ka,peak hours me kam hai bus ka frequency,1.0,0.0,0.0
282,transport,EN-HN-EN-EN-EN-HN,3,3,"[1, 2, 3]",base_tf,cab ka waiting time estimate wrong nikla,waiting time estimate wrong nikla cab ka,1.0,1.0,1.0
282,transport,EN-HN-EN-EN-EN-HN,3,3,"[1, 2, 3]",base_es,cab ka waiting time estimate wrong nikla,wrong nikla cab ka waiting time estimate,1.0,0.0,0.0
282,transport,EN-HN-EN-EN-EN-HN,3,3,"[1, 2, 3]",tf_es,waiting time estimate wrong nikla cab ka,wrong nikla cab ka waiting time estimate,1.0,0.0,0.0
283,transport,EN-HN-EN-EN-HN-HN-HN,5,2,"[1, 2]",base_tf,metro ka entry gate rush me band ho gaya,entry gate rush me band ho gaya metro ka,1.0,1.0,1.0
283,transport,EN-HN-EN-EN-HN-HN-HN,5,2,"[1, 2]",base_es,metro ka entry gate rush me band ho gaya,band ho gaya metro ka entry gate rush me,1.0,0.0,0.0
283,transport,EN-HN-EN-EN-HN-HN-HN,5,2,"[1, 2]",tf_es,entry gate rush me band ho gaya metro ka,band ho gaya metro ka entry gate rush me,1.0,0.0,0.0
284,transport,EN-HN-EN-EN-HN-HN-HN,4,2,"[1, 2]",base_tf,driver ka route choice thoda confusing tha,route choice thoda confusing tha driver ka,1.0,1.0,1.0
284,transport,EN-HN-EN-EN-HN-HN-HN,4,2,"[1, 2]",base_es,driver ka route choice thoda confusing tha,confusing tha driver ka route choice thoda,1.0,0.0,0.0
284,transport,EN-HN-EN-EN-HN-HN-HN,4,2,"[1, 2]",tf_es,route choice thoda confusing tha driver ka,confusing tha driver ka route choice thoda,1.0,0.0,0.0
285,transport,EN-HN-EN-EN-HN-HN-HN,4,2,"[1, 2]",base_tf,signal ka countdown timer kaam nahi kar raha,countdown timer kaam nahi kar raha signal ka,1.0,1.0,1.0
285,transport,EN-HN-EN-EN-HN-HN-HN,4,2,"[1, 2]",base_es,signal ka countdown timer kaam nahi kar raha,kaam nahi kar raha signal ka countdown timer,1.0,0.0,0.0
285,transport,EN-HN-EN-EN-HN-HN-HN,4,2,"[1, 2]",tf_es,countdown timer kaam nahi kar raha signal ka,kaam nahi kar raha signal ka countdown timer,1.0,0.0,0.0
286,transport,EN-HN-EN-EN-HN-HN-HN,4,2,"[1, 2]",base_tf,parking ka guidance sign clearly visible nahi,guidance sign clearly visible nahi parking ka,1.0,1.0,1.0
286,transport,EN-HN-EN-EN-HN-HN-HN,4,2,"[1, 2]",base_es,parking ka guidance sign clearly visible nahi,clearly visible nahi parking ka guidance sign,1.0,0.0,0.0
286,transport,EN-HN-EN-EN-HN-HN-HN,4,2,"[1, 2]",tf_es,guidance sign clearly visible nahi parking ka,clearly visible nahi parking ka guidance sign,1.0,0.0,0.0
287,transport,EN-HN-EN-HN-HN,3,1,[1],base_tf,road ka surface uneven lag raha,surface uneven lag raha road ka,1.0,1.0,1.0
287,transport,EN-HN-EN-HN-HN,3,1,[1],base_es,road ka surface uneven lag raha,uneven lag raha road ka surface,1.0,0.0,0.0
287,transport,EN-HN-EN-HN-HN,3,1,[1],tf_es,surface uneven lag raha road ka,uneven lag raha road ka surface,1.0,0.0,0.0
288,transport,EN-HN-EN-EN-EN-HN,2,3,"[1, 2, 3]",base_tf,toll booth ka queue unexpectedly long tha,queue unexpectedly long tha toll booth ka,1.0,1.0,1.0
288,transport,EN-HN-EN-EN-EN-HN,2,3,"[1, 2, 3]",base_es,toll booth ka queue unexpectedly long tha,unexpectedly long tha toll booth ka queue,1.0,0.0,0.0
288,transport,EN-HN-EN-EN-EN-HN,2,3,"[1, 2, 3]",tf_es,queue unexpectedly long tha toll booth ka,unexpectedly long tha toll booth ka queue,1.0,0.0,0.0
289,transport,EN-HN-EN-EN-EN-HN,2,3,"[1, 2, 3]",base_tf,bus ka interior cleanliness average laga,interior cleanliness average laga bus ka,1.0,1.0,1.0
289,transport,EN-HN-EN-EN-EN-HN,2,3,"[1, 2, 3]",base_es,bus ka interior cleanliness average laga,average laga bus ka interior cleanliness,1.0,0.0,0.0
289,transport,EN-HN-EN-EN-EN-HN,2,3,"[1, 2, 3]",tf_es,interior cleanliness average laga bus ka,average laga bus ka interior cleanliness,1.0,0.0,0.0
290,transport,EN-HN-EN-EN-EN-HN,2,3,"[1, 2, 3]",base_tf,metro ka last mile connectivity weak hai,last mile connectivity weak hai metro ka,1.0,1.0,1.0
290,transport,EN-HN-EN-EN-EN-HN,2,3,"[1, 2, 3]",base_es,metro ka last mile connectivity weak hai,weak hai metro ka last mile connectivity,1.0,0.0,0.0
290,transport,EN-HN-EN-EN-EN-HN,2,3,"[1, 2, 3]",tf_es,last mile connectivity weak hai metro ka,weak hai metro ka last mile connectivity,1.0,0.0,0.0
291,travel,EN-HN-EN-EN-HN-HN-HN,4,2,"[1, 2]",base_tf,journey ka break duration thoda zyada tha,break duration thoda zyada tha journey ka,1.0,1.0,1.0
291,travel,EN-HN-EN-EN-HN-HN-HN,4,2,"[1, 2]",base_es,journey ka break duration thoda zyada tha,zyada tha journey ka break duration thoda,1.0,0.0,0.0
291,travel,EN-HN-EN-EN-HN-HN-HN,4,2,"[1, 2]",tf_es,break duration thoda zyada tha journey ka,zyada tha journey ka break duration thoda,1.0,0.0,0.0
292,travel,EN-HN-EN-EN-EN-HN,2,3,"[1, 2, 3]",base_tf,station ka crowd level manageable tha,crowd level manageable tha station ka,1.0,1.0,1.0
292,travel,EN-HN-EN-EN-EN-HN,2,3,"[1, 2, 3]",base_es,station ka crowd level manageable tha,manageable tha station ka crowd level,1.0,0.0,0.0
292,travel,EN-HN-EN-EN-EN-HN,2,3,"[1, 2, 3]",tf_es,crowd level manageable tha station ka,manageable tha station ka crowd level,1.0,0.0,0.0
293,travel,EN-HN-EN-EN-HN-HN-HN,4,2,"[1, 2]",base_tf,ticket ka QR scan properly nahi hua,QR scan properly nahi hua ticket ka,1.0,1.0,1.0
293,travel,EN-HN-EN-EN-HN-HN-HN,4,2,"[1, 2]",base_es,ticket ka QR scan properly nahi hua,properly nahi hua ticket ka QR scan,1.0,0.0,0.0
293,travel,EN-HN-EN-EN-HN-HN-HN,4,2,"[1, 2]",tf_es,QR scan properly nahi hua ticket ka,properly nahi hua ticket ka QR scan,1.0,0.0,0.0
294,travel,EN-HN-EN-EN-EN-HN,3,3,"[1, 2, 3]",base_tf,platform ka display board refresh late hua,display board refresh late hua platform ka,1.0,1.0,1.0
294,travel,EN-HN-EN-EN-EN-HN,3,3,"[1, 2, 3]",base_es,platform ka display board refresh late hua,late hua platform ka display board refresh,1.0,0.0,0.0
294,travel,EN-HN-EN-EN-EN-HN,3,3,"[1, 2, 3]",tf_es,display board refresh late hua platform ka,late hua platform ka display board refresh,1.0,0.0,0.0
295,travel,EN-HN-EN-EN-HN-HN-HN,4,2,"[1, 2]",base_tf,coach ka seating layout thoda cramped laga,seating layout thoda cramped laga coach ka,1.0,1.0,1.0
295,travel,EN-HN-EN-EN-HN-HN-HN,4,2,"[1, 2]",base_es,coach ka seating layout thoda cramped laga,cramped laga coach ka seating layout thoda,1.0,0.0,0.0
295,travel,EN-HN-EN-EN-HN-HN-HN,4,2,"[1, 2]",tf_es,seating layout thoda cramped laga coach ka,cramped laga coach ka seating layout thoda,1.0,0.0,0.0
296,travel,EN-HN-EN-EN-HN-HN,3,2,"[1, 2]",base_tf,journey ka overall pace smooth raha,overall pace smooth raha journey ka,1.0,1.0,1.0
296,travel,EN-HN-EN-EN-HN-HN,3,2,"[1, 2]",base_es,journey ka overall pace smooth raha,smooth raha journey ka overall pace,1.0,0.0,0.0
296,travel,EN-HN-EN-EN-HN-HN,3,2,"[1, 2]",tf_es,overall pace smooth raha journey ka,smooth raha journey ka overall pace,1.0,0.0,0.0
297,travel,EN-HN-EN-EN-HN-HN,3,2,"[1, 2]",base_tf,travel ka buffer time useful prove hua,buffer time useful prove hua travel ka,1.0,1.0,1.0
297,travel,EN-HN-EN-EN-HN-HN,3,2,"[1, 2]",base_es,travel ka buffer time useful prove hua,useful prove hua travel ka buffer time,1.0,0.0,0.0
297,travel,EN-HN-EN-EN-HN-HN,3,2,"[1, 2]",tf_es,buffer time useful prove hua travel ka,useful prove hua travel ka buffer time,1.0,0.0,0.0
298,travel,EN-HN-EN-EN-HN-HN-HN,4,2,"[1, 2]",base_tf,route ka scenic part kaafi acha laga,scenic part kaafi acha laga route ka,1.0,1.0,1.0
298,travel,EN-HN-EN-EN-HN-HN-HN,4,2,"[1, 2]",base_es,route ka scenic part kaafi acha laga,acha laga route ka scenic part kaafi,1.0,0.0,0.0
298,travel,EN-HN-EN-EN-HN-HN-HN,4,2,"[1, 2]",tf_es,scenic part kaafi acha laga route ka,acha laga route ka scenic part kaafi,1.0,0.0,0.0
299,travel,EN-HN-EN-HN-HN-HN-HN,5,1,[1],base_tf,journey ke end me fatigue thoda kam tha,fatigue thoda kam tha journey ke end me,1.0,1.0,1.0
299,travel,EN-HN-EN-HN-HN-HN-HN,5,1,[1],base_es,journey ke end me fatigue thoda kam tha,thoda kam tha journey ke end me fatigue,1.0,0.0,0.0
299,travel,EN-HN-EN-HN-HN-HN-HN,5,1,[1],tf_es,fatigue thoda kam tha journey ke end me,thoda kam tha journey ke end me fatigue,1.0,0.0,0.0
300,travel,EN-EN-EN-HN-HN,2,3,"[0, 1, 2]",base_tf,overall travel experience satisfying raha,travel experience satisfying raha overall,1.0,1.0,1.0
300,travel,EN-EN-EN-HN-HN,2,3,"[0, 1, 2]",base_es,overall travel experience satisfying raha,satisfying raha overall travel experience,1.0,0.0,0.0
300,travel,EN-EN-EN-HN-HN,2,3,"[0, 1, 2]",tf_es,travel experience satisfying raha overall,satisfying raha overall travel experience,1.0,0.0,0.0
301,travel,EN-HN-EN-EN-HN-HN-HN,4,2,"[1, 2]",base_tf,train ka coach number clearly visible nahi,coach number clearly visible nahi train ka,1.0,1.0,1.0
301,travel,EN-HN-EN-EN-HN-HN-HN,4,2,"[1, 2]",base_es,train ka coach number clearly visible nahi,clearly visible nahi train ka coach number,1.0,0.0,0.0
301,travel,EN-HN-EN-EN-HN-HN-HN,4,2,"[1, 2]",tf_es,coach number clearly visible nahi train ka,clearly visible nahi train ka coach number,1.0,0.0,0.0
302,travel,EN-HN-EN-EN-HN-HN-HN,4,2,"[1, 2]",base_tf,bus ka route diversion aaj laga hai,route diversion aaj laga hai bus ka,1.0,1.0,1.0
302,travel,EN-HN-EN-EN-HN-HN-HN,4,2,"[1, 2]",base_es,bus ka route diversion aaj laga hai,aaj laga hai bus ka route diversion,1.0,0.0,0.0
302,travel,EN-HN-EN-EN-HN-HN-HN,4,2,"[1, 2]",tf_es,route diversion aaj laga hai bus ka,aaj laga hai bus ka route diversion,1.0,0.0,0.0
303,travel,EN-HN-EN-EN-HN-HN-HN,4,2,"[1, 2]",base_tf,cab ka drop point thoda confusing tha,drop point thoda confusing tha cab ka,1.0,1.0,1.0
303,travel,EN-HN-EN-EN-HN-HN-HN,4,2,"[1, 2]",base_es,cab ka drop point thoda confusing tha,confusing tha cab ka drop point thoda,1.0,0.0,0.0
303,travel,EN-HN-EN-EN-HN-HN-HN,4,2,"[1, 2]",tf_es,drop point thoda confusing tha cab ka,confusing tha cab ka drop point thoda,1.0,0.0,0.0
304,travel,EN-HN-EN-EN-EN-HN,2,3,"[1, 2, 3]",base_tf,journey ka luggage allowance sufficient tha,luggage allowance sufficient tha journey ka,1.0,1.0,1.0
304,travel,EN-HN-EN-EN-EN-HN,2,3,"[1, 2, 3]",base_es,journey ka luggage allowance sufficient tha,sufficient tha journey ka luggage allowance,1.0,0.0,0.0
304,travel,EN-HN-EN-EN-EN-HN,2,3,"[1, 2, 3]",tf_es,luggage allowance sufficient tha journey ka,sufficient tha journey ka luggage allowance,1.0,0.0,0.0
305,travel,EN-HN-EN-EN-EN-HN,2,3,"[1, 2, 3]",base_tf,station ka restroom maintenance poor laga,restroom maintenance poor laga station ka,1.0,1.0,1.0
305,travel,EN-HN-EN-EN-EN-HN,2,3,"[1, 2, 3]",base_es,station ka restroom maintenance poor laga,poor laga station ka restroom maintenance,1.0,0.0,0.0
305,travel,EN-HN-EN-EN-EN-HN,2,3,"[1, 2, 3]",tf_es,restroom maintenance poor laga station ka,poor laga station ka restroom maintenance,1.0,0.0,0.0
306,food,EN-HN-EN-EN-EN-HN,2,3,"[1, 2, 3]",base_tf,restaurant ka seating arrangement cramped hai,seating arrangement cramped hai restaurant ka,1.0,1.0,1.0
306,food,EN-HN-EN-EN-EN-HN,2,3,"[1, 2, 3]",base_es,restaurant ka seating arrangement cramped hai,cramped hai restaurant ka seating arrangement,1.0,0.0,0.0
306,food,EN-HN-EN-EN-EN-HN,2,3,"[1, 2, 3]",tf_es,seating arrangement cramped hai restaurant ka,cramped hai restaurant ka seating arrangement,1.0,0.0,0.0
307,food,EN-HN-EN-EN-EN-HN,2,3,"[1, 2, 3]",base_tf,menu ka veg section limited laga,veg section limited laga menu ka,1.0,1.0,1.0
307,food,EN-HN-EN-EN-EN-HN,2,3,"[1, 2, 3]",base_es,menu ka veg section limited laga,limited laga menu ka veg section,1.0,0.0,0.0
307,food,EN-HN-EN-EN-EN-HN,2,3,"[1, 2, 3]",tf_es,veg section limited laga menu ka,limited laga menu ka veg section,1.0,0.0,0.0
308,food,EN-HN-EN-EN-HN-HN,3,2,"[1, 2]",base_tf,order ka delivery slot reschedule ho gaya,delivery slot reschedule ho gaya order ka,1.0,1.0,1.0
308,food,EN-HN-EN-EN-HN-HN,3,2,"[1, 2]",base_es,order ka delivery slot reschedule ho gaya,reschedule ho gaya order ka delivery slot,1.0,0.0,0.0
308,food,EN-HN-EN-EN-HN-HN,3,2,"[1, 2]",tf_es,delivery slot reschedule ho gaya order ka,reschedule ho gaya order ka delivery slot,1.0,0.0,0.0
309,food,EN-HN-EN-HN-HN-HN,4,1,[1],base_tf,dish ka presentation thoda plain tha,presentation thoda plain tha dish ka,1.0,1.0,1.0
309,food,EN-HN-EN-HN-HN-HN,4,1,[1],base_es,dish ka presentation thoda plain tha,plain tha dish ka presentation thoda,1.0,0.0,0.0
309,food,EN-HN-EN-HN-HN-HN,4,1,[1],tf_es,presentation thoda plain tha dish ka,plain tha dish ka presentation thoda,1.0,0.0,0.0
310,food,EN-HN-EN-EN-HN-HN,3,2,"[1, 2]",base_tf,bill ka split option available nahi,split option available nahi bill ka,1.0,1.0,1.0
310,food,EN-HN-EN-EN-HN-HN,3,2,"[1, 2]",base_es,bill ka split option available nahi,available nahi bill ka split option,1.0,0.0,0.0
310,food,EN-HN-EN-EN-HN-HN,3,2,"[1, 2]",tf_es,split option available nahi bill ka,available nahi bill ka split option,1.0,0.0,0.0
311,shopping,EN-HN-EN-HN-HN-HN,4,1,[1],base_tf,shopping ka crowd weekend pe zyada hota,crowd weekend pe zyada hota shopping ka,1.0,1.0,1.0
311,shopping,EN-HN-EN-HN-HN-HN,4,1,[1],base_es,shopping ka crowd weekend pe zyada hota,zyada hota shopping ka crowd weekend pe,1.0,0.0,0.0
311,shopping,EN-HN-EN-HN-HN-HN,4,1,[1],tf_es,crowd weekend pe zyada hota shopping ka,zyada hota shopping ka crowd weekend pe,1.0,0.0,0.0
312,shopping,EN-HN-EN-EN-HN-HN,3,2,"[1, 2]",base_tf,store ka return counter busy lag raha,return counter busy lag raha store ka,1.0,1.0,1.0
312,shopping,EN-HN-EN-EN-HN-HN,3,2,"[1, 2]",base_es,store ka return counter busy lag raha,busy lag raha store ka return counter,1.0,0.0,0.0
312,shopping,EN-HN-EN-EN-HN-HN,3,2,"[1, 2]",tf_es,return counter busy lag raha store ka,busy lag raha store ka return counter,1.0,0.0,0.0
313,shopping,EN-HN-EN-HN-EN-HN-HN,4,2,"[1, 4]",base_tf,product ka color online photo se different tha,color online photo se different tha product ka,1.0,1.0,1.0
313,shopping,EN-HN-EN-HN-EN-HN-HN,4,2,"[1, 4]",base_es,product ka color online photo se different tha,different tha product ka color online photo se,1.0,0.0,0.0
313,shopping,EN-HN-EN-HN-EN-HN-HN,4,2,"[1, 4]",tf_es,color online photo se different tha product ka,different tha product ka color online photo se,1.0,0.0,0.0
314,shopping,EN-HN-EN-HN-HN-HN,4,1,[1],base_tf,checkout ka process thoda slow laga,process thoda slow laga checkout ka,1.0,1.0,1.0
314,shopping,EN-HN-EN-HN-HN-HN,4,1,[1],base_es,checkout ka process thoda slow laga,slow laga checkout ka process thoda,1.0,0.0,0.0
314,shopping,EN-HN-EN-HN-HN-HN,4,1,[1],tf_es,process thoda slow laga checkout ka,slow laga checkout ka process thoda,1.0,0.0,0.0
315,shopping,EN-HN-EN-EN-HN-HN-HN,4,2,"[1, 2]",base_tf,discount ka calculation automatically update nahi hua,calculation automatically update nahi hua discount ka,1.0,1.0,1.0
315,shopping,EN-HN-EN-EN-HN-HN-HN,4,2,"[1, 2]",base_es,discount ka calculation automatically update nahi hua,automatically update nahi hua discount ka calculation,1.0,0.0,0.0
315,shopping,EN-HN-EN-EN-HN-HN-HN,4,2,"[1, 2]",tf_es,calculation automatically update nahi hua discount ka,automatically update nahi hua discount ka calculation,1.0,0.0,0.0
316,work,EN-HN-EN-EN-HN-HN,3,2,"[1, 2]",base_tf,office ka entry process smooth raha,entry process smooth raha office ka,1.0,1.0,1.0
316,work,EN-HN-EN-EN-HN-HN,3,2,"[1, 2]",base_es,office ka entry process smooth raha,smooth raha office ka entry process,1.0,0.0,0.0
316,work,EN-HN-EN-EN-HN-HN,3,2,"[1, 2]",tf_es,entry process smooth raha office ka,smooth raha office ka entry process,1.0,0.0,0.0
317,work,EN-HN-EN-EN-EN-HN,2,3,"[1, 2, 3]",base_tf,meeting ka discussion points clear the,discussion points clear the meeting ka,1.0,1.0,1.0
317,work,EN-HN-EN-EN-EN-HN,2,3,"[1, 2, 3]",base_es,meeting ka discussion points clear the,clear the meeting ka discussion points,1.0,0.0,0.0
317,work,EN-HN-EN-EN-EN-HN,2,3,"[1, 2, 3]",tf_es,discussion points clear the meeting ka,clear the meeting ka discussion points,1.0,0.0,0.0
318,work,EN-HN-EN-HN-HN-HN,4,1,[2],base_tf,task ka estimation thoda optimistic lag raha,estimation thoda optimistic lag raha task ka,1.0,1.0,1.0
318,work,EN-HN-EN-HN-HN-HN,4,1,[2],base_es,task ka estimation thoda optimistic lag raha,optimistic lag raha task ka estimation thoda,1.0,0.0,0.0
318,work,EN-HN-EN-HN-HN-HN,4,1,[2],tf_es,estimation thoda optimistic lag raha task ka,optimistic lag raha task ka estimation thoda,1.0,0.0,0.0
319,work,EN-HN-EN-EN-EN-HN,2,3,"[1, 2, 3]",base_tf,email ka response window short rakha,response window short rakha email ka,1.0,1.0,1.0
319,work,EN-HN-EN-EN-EN-HN,2,3,"[1, 2, 3]",base_es,email ka response window short rakha,short rakha email ka response window,1.0,0.0,0.0
319,work,EN-HN-EN-EN-EN-HN,2,3,"[1, 2, 3]",tf_es,response window short rakha email ka,short rakha email ka response window,1.0,0.0,0.0
320,work,EN-HN-EN-EN-EN-HN,2,3,"[1, 2, 3]",base_tf,deadline ka reminder timely trigger hua,reminder timely trigger hua deadline ka,1.0,1.0,1.0
320,work,EN-HN-EN-EN-EN-HN,2,3,"[1, 2, 3]",base_es,deadline ka reminder timely trigger hua,timely trigger hua deadline ka reminder,1.0,0.0,0.0
320,work,EN-HN-EN-EN-EN-HN,2,3,"[1, 2, 3]",tf_es,reminder timely trigger hua deadline ka,timely trigger hua deadline ka reminder,1.0,0.0,0.0
321,education,EN-HN-EN-EN-HN-HN-HN,4,2,"[1, 2]",base_tf,lecture ka timing notice board pe update hua,timing notice board pe update hua lecture ka,1.0,1.0,1.0
321,education,EN-HN-EN-EN-HN-HN-HN,4,2,"[1, 2]",base_es,lecture ka timing notice board pe update hua,update hua lecture ka timing notice board pe,1.0,0.0,0.0
321,education,EN-HN-EN-EN-HN-HN-HN,4,2,"[1, 2]",tf_es,timing notice board pe update hua lecture ka,update hua lecture ka timing notice board pe,1.0,0.0,0.0
322,education,EN-HN-EN-EN-HN-HN-HN,4,2,"[1, 2]",base_tf,class ka projector properly focus nahi hua,projector properly focus nahi hua class ka,1.0,1.0,1.0
322,education,EN-HN-EN-EN-HN-HN-HN,4,2,"[1, 2]",base_es,class ka projector properly focus nahi hua,focus nahi hua class ka projector properly,1.0,0.0,0.0
322,education,EN-HN-EN-EN-HN-HN-HN,4,2,"[1, 2]",tf_es,projector properly focus nahi hua class ka,focus nahi hua class ka projector properly,1.0,0.0,0.0
323,education,EN-HN-EN-EN-EN-HN,2,3,"[1, 2, 3]",base_tf,exam ka paper difficulty moderate laga,paper difficulty moderate laga exam ka,1.0,1.0,1.0
323,education,EN-HN-EN-EN-EN-HN,2,3,"[1, 2, 3]",base_es,exam ka paper difficulty moderate laga,moderate laga exam ka paper difficulty,1.0,0.0,0.0
323,education,EN-HN-EN-EN-EN-HN,2,3,"[1, 2, 3]",tf_es,paper difficulty moderate laga exam ka,moderate laga exam ka paper difficulty,1.0,0.0,0.0
324,education,EN-HN-EN-EN-EN-HN,2,3,"[1, 2, 3]",base_tf,assignment ka plagiarism check pending hai,plagiarism check pending hai assignment ka,1.0,1.0,1.0
324,education,EN-HN-EN-EN-EN-HN,2,3,"[1, 2, 3]",base_es,assignment ka plagiarism check pending hai,pending hai assignment ka plagiarism check,1.0,0.0,0.0
324,education,EN-HN-EN-EN-EN-HN,2,3,"[1, 2, 3]",tf_es,plagiarism check pending hai assignment ka,pending hai assignment ka plagiarism check,1.0,0.0,0.0
325,education,EN-HN-EN-HN-HN-HN,4,1,[2],base_tf,tutorial ka pace thoda fast lag raha,pace thoda fast lag raha tutorial ka,1.0,1.0,1.0
325,education,EN-HN-EN-HN-HN-HN,4,1,[2],base_es,tutorial ka pace thoda fast lag raha,fast lag raha tutorial ka pace thoda,1.0,0.0,0.0
325,education,EN-HN-EN-HN-HN-HN,4,1,[2],tf_es,pace thoda fast lag raha tutorial ka,fast lag raha tutorial ka pace thoda,1.0,0.0,0.0
326,education,EN-HN-EN-EN-HN-HN,3,2,"[1, 2]",base_tf,notes ka handwriting clearly readable nahi,handwriting clearly readable nahi notes ka,1.0,1.0,1.0
326,education,EN-HN-EN-EN-HN-HN,3,2,"[1, 2]",base_es,notes ka handwriting clearly readable nahi,clearly readable nahi notes ka handwriting,1.0,0.0,0.0
326,education,EN-HN-EN-EN-HN-HN,3,2,"[1, 2]",tf_es,handwriting clearly readable nahi notes ka,clearly readable nahi notes ka handwriting,1.0,0.0,0.0
327,education,EN-HN-EN-EN-EN-HN,2,3,"[1, 2, 3]",base_tf,lab ka equipment calibration due hai,equipment calibration due hai lab ka,1.0,1.0,1.0
327,education,EN-HN-EN-EN-EN-HN,2,3,"[1, 2, 3]",base_es,lab ka equipment calibration due hai,calibration due hai lab ka equipment,1.0,0.0,0.0
327,education,EN-HN-EN-EN-EN-HN,2,3,"[1, 2, 3]",tf_es,equipment calibration due hai lab ka,calibration due hai lab ka equipment,1.0,0.0,0.0
328,education,EN-HN-EN-EN-EN-HN,2,3,"[1, 2, 3]",base_tf,class ka seating layout cramped laga,seating layout cramped laga class ka,1.0,1.0,1.0
328,education,EN-HN-EN-EN-EN-HN,2,3,"[1, 2, 3]",base_es,class ka seating layout cramped laga,cramped laga class ka seating layout,1.0,0.0,0.0
328,education,EN-HN-EN-EN-EN-HN,2,3,"[1, 2, 3]",tf_es,seating layout cramped laga class ka,cramped laga class ka seating layout,1.0,0.0,0.0
329,education,EN-HN-EN-EN-HN-HN,3,2,"[1, 2]",base_tf,exam ka result portal slow chal raha,result portal slow chal raha exam ka,1.0,1.0,1.0
329,education,EN-HN-EN-EN-HN-HN,3,2,"[1, 2]",base_es,exam ka result portal slow chal raha,slow chal raha exam ka result portal,1.0,0.0,0.0
329,education,EN-HN-EN-EN-HN-HN,3,2,"[1, 2]",tf_es,result portal slow chal raha exam ka,slow chal raha exam ka result portal,1.0,0.0,0.0
330,education,EN-HN-EN-EN-HN-HN,3,2,"[1, 2]",base_tf,group project ka coordination smooth raha,coordination smooth raha group project ka,1.0,1.0,1.0
330,education,EN-HN-EN-EN-HN-HN,3,2,"[1, 2]",base_es,group project ka coordination smooth raha,smooth raha group project ka coordination,1.0,0.0,0.0
330,education,EN-HN-EN-EN-HN-HN,3,2,"[1, 2]",tf_es,coordination smooth raha group project ka,smooth raha group project ka coordination,1.0,0.0,0.0
331,household,EN-HN-EN-EN-HN-HN,3,2,"[1, 2]",base_tf,room ka ceiling fan vibration kar raha,ceiling fan vibration kar raha room ka,1.0,1.0,1.0
331,household,EN-HN-EN-EN-HN-HN,3,2,"[1, 2]",base_es,room ka ceiling fan vibration kar raha,vibration kar raha room ka ceiling fan,1.0,0.0,0.0
331,household,EN-HN-EN-EN-HN-HN,3,2,"[1, 2]",tf_es,ceiling fan vibration kar raha room ka,vibration kar raha room ka ceiling fan,1.0,0.0,0.0
332,household,EN-HN-EN-EN-HN-HN-HN,4,2,"[1, 2]",base_tf,window ka latch properly lock nahi hua,latch properly lock nahi hua window ka,1.0,1.0,1.0
332,household,EN-HN-EN-EN-HN-HN-HN,4,2,"[1, 2]",base_es,window ka latch properly lock nahi hua,lock nahi hua window ka latch properly,1.0,0.0,0.0
332,household,EN-HN-EN-EN-HN-HN-HN,4,2,"[1, 2]",tf_es,latch properly lock nahi hua window ka,lock nahi hua window ka latch properly,1.0,0.0,0.0
333,household,EN-HN-EN-HN-HN,3,1,[1],base_tf,kitchen ka gas knob tight ho gaya,gas knob tight ho gaya kitchen ka,1.0,1.0,1.0
333,household,EN-HN-EN-HN-HN,3,1,[1],base_es,kitchen ka gas knob tight ho gaya,tight ho gaya kitchen ka gas knob,1.0,0.0,0.0
333,household,EN-HN-EN-HN-HN,3,1,[1],tf_es,gas knob tight ho gaya kitchen ka,tight ho gaya kitchen ka gas knob,1.0,0.0,0.0
334,household,EN-HN-EN-HN-HN,3,1,[1],base_tf,drawer ka handle loose lag raha,handle loose lag raha drawer ka,1.0,1.0,1.0
334,household,EN-HN-EN-HN-HN,3,1,[1],base_es,drawer ka handle loose lag raha,loose lag raha drawer ka handle,1.0,0.0,0.0
334,household,EN-HN-EN-HN-HN,3,1,[1],tf_es,handle loose lag raha drawer ka,loose lag raha drawer ka handle,1.0,0.0,0.0
335,household,EN-HN-EN-EN-HN-HN,3,2,"[1, 2]",base_tf,bathroom ka mirror fog easily pakad raha,mirror fog easily pakad raha bathroom ka,1.0,1.0,1.0
335,household,EN-HN-EN-EN-HN-HN,3,2,"[1, 2]",base_es,bathroom ka mirror fog easily pakad raha,easily pakad raha bathroom ka mirror fog,1.0,0.0,0.0
335,household,EN-HN-EN-EN-HN-HN,3,2,"[1, 2]",tf_es,mirror fog easily pakad raha bathroom ka,easily pakad raha bathroom ka mirror fog,1.0,0.0,0.0
336,household,EN-HN-EN-EN-HN-HN,3,2,"[1, 2]",base_tf,home ka power backup unreliable lag raha,power backup unreliable lag raha home ka,1.0,1.0,1.0
336,household,EN-HN-EN-EN-HN-HN,3,2,"[1, 2]",base_es,home ka power backup unreliable lag raha,unreliable lag raha home ka power backup,1.0,0.0,0.0
336,household,EN-HN-EN-EN-HN-HN,3,2,"[1, 2]",tf_es,power backup unreliable lag raha home ka,unreliable lag raha home ka power backup,1.0,0.0,0.0
337,household,EN-HN-EN-EN-HN-HN,3,2,"[1, 2]",base_tf,balcony ka railing paint chip ho raha,railing paint chip ho raha balcony ka,1.0,1.0,1.0
337,household,EN-HN-EN-EN-HN-HN,3,2,"[1, 2]",base_es,balcony ka railing paint chip ho raha,chip ho raha balcony ka railing paint,1.0,0.0,0.0
337,household,EN-HN-EN-EN-HN-HN,3,2,"[1, 2]",tf_es,railing paint chip ho raha balcony ka,chip ho raha balcony ka railing paint,1.0,0.0,0.0
338,household,EN-HN-EN-EN-HN-HN-HN,4,2,"[1, 2]",base_tf,wardrobe ka drawer smooth slide nahi karta,drawer smooth slide nahi karta wardrobe ka,1.0,1.0,1.0
338,household,EN-HN-EN-EN-HN-HN-HN,4,2,"[1, 2]",base_es,wardrobe ka drawer smooth slide nahi karta,smooth slide nahi karta wardrobe ka drawer,1.0,0.0,0.0
338,household,EN-HN-EN-EN-HN-HN-HN,4,2,"[1, 2]",tf_es,drawer smooth slide nahi karta wardrobe ka,smooth slide nahi karta wardrobe ka drawer,1.0,0.0,0.0
339,household,EN-HN-EN-EN-HN-HN,3,2,"[1, 2]",base_tf,door ka hinge squeak sound kar raha,hinge squeak sound kar raha door ka,1.0,1.0,1.0
339,household,EN-HN-EN-EN-HN-HN,3,2,"[1, 2]",base_es,door ka hinge squeak sound kar raha,squeak sound kar raha door ka hinge,1.0,0.0,0.0
339,household,EN-HN-EN-EN-HN-HN,3,2,"[1, 2]",tf_es,hinge squeak sound kar raha door ka,squeak sound kar raha door ka hinge,1.0,0.0,0.0
340,household,EN-HN-EN-HN-HN-HN,4,1,[1],base_tf,room ka ventilation proper nahi lag raha,ventilation proper nahi lag raha room ka,1.0,1.0,1.0
340,household,EN-HN-EN-HN-HN-HN,4,1,[1],base_es,room ka ventilation proper nahi lag raha,proper nahi lag raha room ka ventilation,1.0,0.0,0.0
340,household,EN-HN-EN-HN-HN-HN,4,1,[1],tf_es,ventilation proper nahi lag raha room ka,proper nahi lag raha room ka ventilation,1.0,0.0,0.0
341,digital,EN-HN-EN-EN-HN-HN-HN,5,2,"[1, 2]",base_tf,app ka loading time peak hours me badhta,loading time peak hours me badhta app ka,1.0,1.0,1.0
341,digital,EN-HN-EN-EN-HN-HN-HN,5,2,"[1, 2]",base_es,app ka loading time peak hours me badhta,peak hours me badhta app ka loading time,1.0,0.0,0.0
341,digital,EN-HN-EN-EN-HN-HN-HN,5,2,"[1, 2]",tf_es,loading time peak hours me badhta app ka,peak hours me badhta app ka loading time,1.0,0.0,0.0
342,digital,EN-HN-EN-EN-HN-HN,3,2,"[1, 2]",base_tf,phone ka camera focus slow ho raha,camera focus slow ho raha phone ka,1.0,1.0,1.0
342,digital,EN-HN-EN-EN-HN-HN,3,2,"[1, 2]",base_es,phone ka camera focus slow ho raha,slow ho raha phone ka camera focus,1.0,0.0,0.0
342,digital,EN-HN-EN-EN-HN-HN,3,2,"[1, 2]",tf_es,camera focus slow ho raha phone ka,slow ho raha phone ka camera focus,1.0,0.0,0.0
343,digital,EN-HN-EN-EN-HN-HN-HN,4,2,"[1, 2]",base_tf,software ka update background me install hua,update background me install hua software ka,1.0,1.0,1.0
343,digital,EN-HN-EN-EN-HN-HN-HN,4,2,"[1, 2]",base_es,software ka update background me install hua,install hua software ka update background me,1.0,0.0,0.0
343,digital,EN-HN-EN-EN-HN-HN-HN,4,2,"[1, 2]",tf_es,update background me install hua software ka,install hua software ka update background me,1.0,0.0,0.0
344,digital,EN-HN-EN-EN-HN-HN,3,2,"[1, 2]",base_tf,browser ka cache clear karna padega,cache clear karna padega browser ka,1.0,1.0,1.0
344,digital,EN-HN-EN-EN-HN-HN,3,2,"[1, 2]",base_es,browser ka cache clear karna padega,clear karna padega browser ka cache,1.0,1.0,1.0
344,digital,EN-HN-EN-EN-HN-HN,3,2,"[1, 2]",tf_es,cache clear karna padega browser ka,clear karna padega browser ka cache,1.0,1.0,1.0
345,digital,EN-HN-EN-EN-EN-HN,2,3,"[1, 2, 3]",base_tf,file ka rename option greyed out hai,rename option greyed out hai file ka,1.0,1.0,1.0
345,digital,EN-HN-EN-EN-EN-HN,2,3,"[1, 2, 3]",base_es,file ka rename option greyed out hai,greyed out hai file ka rename option,1.0,0.0,0.0
345,digital,EN-HN-EN-EN-EN-HN,2,3,"[1, 2, 3]",tf_es,rename option greyed out hai file ka,greyed out hai file ka rename option,1.0,0.0,0.0
346,digital,EN-HN-EN-EN-HN-HN,3,2,"[1, 2]",base_tf,app ka notification sound muted lag raha,notification sound muted lag raha app ka,1.0,1.0,1.0
346,digital,EN-HN-EN-EN-HN-HN,3,2,"[1, 2]",base_es,app ka notification sound muted lag raha,muted lag raha app ka notification sound,1.0,0.0,0.0
346,digital,EN-HN-EN-EN-HN-HN,3,2,"[1, 2]",tf_es,notification sound muted lag raha app ka,muted lag raha app ka notification sound,1.0,0.0,0.0
347,digital,EN-HN-EN-EN-HN-HN,3,2,"[1, 2]",base_tf,system ka restart issue solve kar deta,restart issue solve kar deta system ka,1.0,1.0,1.0
347,digital,EN-HN-EN-EN-HN-HN,3,2,"[1, 2]",base_es,system ka restart issue solve kar deta,solve kar deta system ka restart issue,1.0,1.0,1.0
347,digital,EN-HN-EN-EN-HN-HN,3,2,"[1, 2]",tf_es,restart issue solve kar deta system ka,solve kar deta system ka restart issue,1.0,1.0,1.0
348,digital,EN-HN-EN-EN-HN-HN,3,2,"[1, 2]",base_tf,email ka spam filter aggressive lag raha,spam filter aggressive lag raha email ka,1.0,1.0,1.0
348,digital,EN-HN-EN-EN-HN-HN,3,2,"[1, 2]",base_es,email ka spam filter aggressive lag raha,aggressive lag raha email ka spam filter,1.0,0.0,0.0
348,digital,EN-HN-EN-EN-HN-HN,3,2,"[1, 2]",tf_es,spam filter aggressive lag raha email ka,aggressive lag raha email ka spam filter,1.0,0.0,0.0
349,digital,EN-HN-EN-EN-EN-HN,2,3,"[1, 2, 3]",base_tf,device ka firmware update pending hai,firmware update pending hai device ka,1.0,1.0,1.0
349,digital,EN-HN-EN-EN-EN-HN,2,3,"[1, 2, 3]",base_es,device ka firmware update pending hai,pending hai device ka firmware update,1.0,0.0,0.0
349,digital,EN-HN-EN-EN-EN-HN,2,3,"[1, 2, 3]",tf_es,firmware update pending hai device ka,pending hai device ka firmware update,1.0,0.0,0.0
350,digital,EN-EN-HN-EN-HN-HN-HN,4,2,"[0, 3]",base_tf,cloud sync ka conflict resolve nahi hua,sync ka conflict resolve nahi hua cloud,1.0,1.0,1.0
350,digital,EN-EN-HN-EN-HN-HN-HN,4,2,"[0, 3]",base_es,cloud sync ka conflict resolve nahi hua,resolve nahi hua cloud sync ka conflict,1.0,0.0,0.0
350,digital,EN-EN-HN-EN-HN-HN-HN,4,2,"[0, 3]",tf_es,sync ka conflict resolve nahi hua cloud,resolve nahi hua cloud sync ka conflict,1.0,0.0,0.0
351,health,EN-HN-EN-EN-HN-HN-HN,4,2,"[1, 2]",base_tf,medicine ka dosage timing adjust karna hoga,dosage timing adjust karna hoga medicine ka,1.0,1.0,1.0
351,health,EN-HN-EN-EN-HN-HN-HN,4,2,"[1, 2]",base_es,medicine ka dosage timing adjust karna hoga,adjust karna hoga medicine ka dosage timing,1.0,1.0,1.0
351,health,EN-HN-EN-EN-HN-HN-HN,4,2,"[1, 2]",tf_es,dosage timing adjust karna hoga medicine ka,adjust karna hoga medicine ka dosage timing,1.0,1.0,1.0
352,health,EN-HN-EN-EN-HN-HN,3,2,"[1, 2]",base_tf,clinic ka appointment slot reschedule hua,appointment slot reschedule hua clinic ka,1.0,1.0,1.0
352,health,EN-HN-EN-EN-HN-HN,3,2,"[1, 2]",base_es,clinic ka appointment slot reschedule hua,reschedule hua clinic ka appointment slot,1.0,0.0,0.0
352,health,EN-HN-EN-EN-HN-HN,3,2,"[1, 2]",tf_es,appointment slot reschedule hua clinic ka,reschedule hua clinic ka appointment slot,1.0,0.0,0.0
353,health,EN-HN-EN-EN-HN-HN,3,2,"[1, 2]",base_tf,test ka sample label missing nikla,sample label missing nikla test ka,1.0,1.0,1.0
353,health,EN-HN-EN-EN-HN-HN,3,2,"[1, 2]",base_es,test ka sample label missing nikla,missing nikla test ka sample label,1.0,0.0,0.0
353,health,EN-HN-EN-EN-HN-HN,3,2,"[1, 2]",tf_es,sample label missing nikla test ka,missing nikla test ka sample label,1.0,0.0,0.0
354,health,EN-HN-EN-HN-HN-HN,4,1,[2],base_tf,report ka interpretation thoda confusing laga,interpretation thoda confusing laga report ka,1.0,1.0,1.0
354,health,EN-HN-EN-HN-HN-HN,4,1,[2],base_es,report ka interpretation thoda confusing laga,confusing laga report ka interpretation thoda,1.0,0.0,0.0
354,health,EN-HN-EN-HN-HN-HN,4,1,[2],tf_es,interpretation thoda confusing laga report ka,confusing laga report ka interpretation thoda,1.0,0.0,0.0
355,health,EN-HN-EN-EN-HN-HN,3,2,"[1, 2]",base_tf,medicine ka side effect mild lag raha,side effect mild lag raha medicine ka,1.0,1.0,1.0
355,health,EN-HN-EN-EN-HN-HN,3,2,"[1, 2]",base_es,medicine ka side effect mild lag raha,mild lag raha medicine ka side effect,1.0,0.0,0.0
355,health,EN-HN-EN-EN-HN-HN,3,2,"[1, 2]",tf_es,side effect mild lag raha medicine ka,mild lag raha medicine ka side effect,1.0,0.0,0.0
356,health,EN-HN-EN-EN-HN-HN,3,2,"[1, 2]",base_tf,doctor ka explanation easy samajh aaya,explanation easy samajh aaya doctor ka,1.0,1.0,1.0
356,health,EN-HN-EN-EN-HN-HN,3,2,"[1, 2]",base_es,doctor ka explanation easy samajh aaya,easy samajh aaya doctor ka explanation,1.0,0.0,0.0
356,health,EN-HN-EN-EN-HN-HN,3,2,"[1, 2]",tf_es,explanation easy samajh aaya doctor ka,easy samajh aaya doctor ka explanation,1.0,0.0,0.0
357,health,EN-EN-EN-HN-HN-HN-HN,3,3,"[0, 1, 2]",base_tf,health app ka step count inaccurate lag raha,step count inaccurate lag raha health app ka,1.0,1.0,1.0
357,health,EN-EN-EN-HN-HN-HN-HN,3,3,"[0, 1, 2]",base_es,health app ka step count inaccurate lag raha,inaccurate lag raha health app ka step count,1.0,0.0,0.0
357,health,EN-EN-EN-HN-HN-HN-HN,3,3,"[0, 1, 2]",tf_es,step count inaccurate lag raha health app ka,inaccurate lag raha health app ka step count,1.0,0.0,0.0
358,health,EN-HN-EN-EN-HN-HN,4,2,"[1, 2]",base_tf,exercise ka warm up skip nahi karna,warm up skip nahi karna exercise ka,1.0,1.0,1.0
358,health,EN-HN-EN-EN-HN-HN,4,2,"[1, 2]",base_es,exercise ka warm up skip nahi karna,skip nahi karna exercise ka warm up,1.0,0.0,0.0
358,health,EN-HN-EN-EN-HN-HN,4,2,"[1, 2]",tf_es,warm up skip nahi karna exercise ka,skip nahi karna exercise ka warm up,1.0,0.0,0.0
359,health,EN-HN-EN-EN-HN-HN,3,2,"[1, 2]",base_tf,diet ka protein intake insufficient lag raha,protein intake insufficient lag raha diet ka,1.0,1.0,1.0
359,health,EN-HN-EN-EN-HN-HN,3,2,"[1, 2]",base_es,diet ka protein intake insufficient lag raha,insufficient lag raha diet ka protein intake,1.0,0.0,0.0
359,health,EN-HN-EN-EN-HN-HN,3,2,"[1, 2]",tf_es,protein intake insufficient lag raha diet ka,insufficient lag raha diet ka protein intake,1.0,0.0,0.0
360,health,EN-HN-EN-EN-HN-HN,3,2,"[1, 2]",base_tf,sleep ka schedule recently disturb ho gaya,schedule recently disturb ho gaya sleep ka,1.0,1.0,1.0
360,health,EN-HN-EN-EN-HN-HN,3,2,"[1, 2]",base_es,sleep ka schedule recently disturb ho gaya,disturb ho gaya sleep ka schedule recently,1.0,0.0,0.0
360,health,EN-HN-EN-EN-HN-HN,3,2,"[1, 2]",tf_es,schedule recently disturb ho gaya sleep ka,disturb ho gaya sleep ka schedule recently,1.0,0.0,0.0
361,work,EN-HN-EN-EN-HN-HN-HN,4,2,"[1, 2]",base_tf,work ka daily standup thoda late start hua,daily standup thoda late start hua work ka,1.0,1.0,1.0
361,work,EN-HN-EN-EN-HN-HN-HN,4,2,"[1, 2]",base_es,work ka daily standup thoda late start hua,late start hua work ka daily standup thoda,1.0,0.0,0.0
361,work,EN-HN-EN-EN-HN-HN-HN,4,2,"[1, 2]",tf_es,daily standup thoda late start hua work ka,late start hua work ka daily standup thoda,1.0,0.0,0.0
362,work,EN-HN-EN-EN-HN-HN-HN,4,2,"[1, 2]",base_tf,task ka dependency clear mention nahi tha,dependency clear mention nahi tha task ka,1.0,1.0,1.0
362,work,EN-HN-EN-EN-HN-HN-HN,4,2,"[1, 2]",base_es,task ka dependency clear mention nahi tha,clear mention nahi tha task ka dependency,1.0,0.0,0.0
362,work,EN-HN-EN-EN-HN-HN-HN,4,2,"[1, 2]",tf_es,dependency clear mention nahi tha task ka,clear mention nahi tha task ka dependency,1.0,0.0,0.0
363,work,EN-HN-EN-EN-EN-HN,3,3,"[1, 2, 3]",base_tf,meeting ka action item tracker update hua,action item tracker update hua meeting ka,1.0,1.0,1.0
363,work,EN-HN-EN-EN-EN-HN,3,3,"[1, 2, 3]",base_es,meeting ka action item tracker update hua,update hua meeting ka action item tracker,1.0,0.0,0.0
363,work,EN-HN-EN-EN-EN-HN,3,3,"[1, 2, 3]",tf_es,action item tracker update hua meeting ka,update hua meeting ka action item tracker,1.0,0.0,0.0
364,work,EN-HN-EN-EN-EN-HN,3,3,"[1, 2, 3]",base_tf,project ka scope creep gradually badh raha,scope creep gradually badh raha project ka,1.0,1.0,1.0
364,work,EN-HN-EN-EN-EN-HN,3,3,"[1, 2, 3]",base_es,project ka scope creep gradually badh raha,gradually badh raha project ka scope creep,1.0,0.0,0.0
364,work,EN-HN-EN-EN-EN-HN,3,3,"[1, 2, 3]",tf_es,scope creep gradually badh raha project ka,gradually badh raha project ka scope creep,1.0,0.0,0.0
365,work,EN-HN-EN-EN-EN-HN,3,3,"[1, 2, 3]",base_tf,deadline ka extension formally approve hua,extension formally approve hua deadline ka,1.0,1.0,1.0
365,work,EN-HN-EN-EN-EN-HN,3,3,"[1, 2, 3]",base_es,deadline ka extension formally approve hua,formally approve hua deadline ka extension,1.0,0.0,0.0
365,work,EN-HN-EN-EN-EN-HN,3,3,"[1, 2, 3]",tf_es,extension formally approve hua deadline ka,formally approve hua deadline ka extension,1.0,0.0,0.0
366,work,EN-HN-EN-EN-EN-HN,2,3,"[1, 2, 3]",base_tf,presentation ka rehearsal confidence build karta,rehearsal confidence build karta presentation ka,1.0,1.0,1.0
366,work,EN-HN-EN-EN-EN-HN,2,3,"[1, 2, 3]",base_es,presentation ka rehearsal confidence build karta,confidence build karta presentation ka rehearsal,1.0,0.0,0.0
366,work,EN-HN-EN-EN-EN-HN,2,3,"[1, 2, 3]",tf_es,rehearsal confidence build karta presentation ka,confidence build karta presentation ka rehearsal,1.0,0.0,0.0
367,work,EN-HN-EN-EN-HN-HN,3,2,"[1, 2]",base_tf,feedback ka tone constructive lag raha,tone constructive lag raha feedback ka,1.0,1.0,1.0
367,work,EN-HN-EN-EN-HN-HN,3,2,"[1, 2]",base_es,feedback ka tone constructive lag raha,constructive lag raha feedback ka tone,1.0,0.0,0.0
367,work,EN-HN-EN-EN-HN-HN,3,2,"[1, 2]",tf_es,tone constructive lag raha feedback ka,constructive lag raha feedback ka tone,1.0,0.0,0.0
368,work,EN-HN-EN-EN-EN-HN,3,3,"[1, 2, 3]",base_tf,work ka documentation up to date nahi,documentation up to date nahi work ka,1.0,1.0,1.0
368,work,EN-HN-EN-EN-EN-HN,3,3,"[1, 2, 3]",base_es,work ka documentation up to date nahi,up to date nahi work ka documentation,1.0,0.0,0.0
368,work,EN-HN-EN-EN-EN-HN,3,3,"[1, 2, 3]",tf_es,documentation up to date nahi work ka,up to date nahi work ka documentation,1.0,0.0,0.0
369,work,EN-HN-EN-EN-EN-HN,3,3,"[1, 2, 3]",base_tf,code ka readability score improve ho sakta,readability score improve ho sakta code ka,1.0,1.0,1.0
369,work,EN-HN-EN-EN-EN-HN,3,3,"[1, 2, 3]",base_es,code ka readability score improve ho sakta,improve ho sakta code ka readability score,1.0,0.0,0.0
369,work,EN-HN-EN-EN-EN-HN,3,3,"[1, 2, 3]",tf_es,readability score improve ho sakta code ka,improve ho sakta code ka readability score,1.0,0.0,0.0
370,work,EN-HN-EN-EN-EN-HN,2,3,"[1, 2, 3]",base_tf,review ka turnaround time acceptable tha,turnaround time acceptable tha review ka,1.0,1.0,1.0
370,work,EN-HN-EN-EN-EN-HN,2,3,"[1, 2, 3]",base_es,review ka turnaround time acceptable tha,acceptable tha review ka turnaround time,1.0,0.0,0.0
370,work,EN-HN-EN-EN-EN-HN,2,3,"[1, 2, 3]",tf_es,turnaround time acceptable tha review ka,acceptable tha review ka turnaround time,1.0,0.0,0.0
371,social,EN-HN-HN-EN-HN-HN-HN,5,1,[3],base_tf,friends ka plan last moment pe cancel hua,plan last moment pe cancel hua friends ka,1.0,1.0,1.0
371,social,EN-HN-HN-EN-HN-HN-HN,5,1,[3],base_es,friends ka plan last moment pe cancel hua,cancel hua friends ka plan last moment pe,1.0,0.0,0.0
371,social,EN-HN-HN-EN-HN-HN-HN,5,1,[3],tf_es,plan last moment pe cancel hua friends ka,cancel hua friends ka plan last moment pe,1.0,0.0,0.0
372,social,EN-HN-EN-EN-HN-HN-HN,4,2,"[2, 3]",base_tf,group chat ka mood thoda serious lag raha,mood thoda serious lag raha group chat ka,1.0,1.0,1.0
372,social,EN-HN-EN-EN-HN-HN-HN,4,2,"[2, 3]",base_es,group chat ka mood thoda serious lag raha,serious lag raha group chat ka mood thoda,1.0,0.0,0.0
372,social,EN-HN-EN-EN-HN-HN-HN,4,2,"[2, 3]",tf_es,mood thoda serious lag raha group chat ka,serious lag raha group chat ka mood thoda,1.0,0.0,0.0
373,social,EN-HN-EN-EN-HN-HN,3,2,"[1, 2]",base_tf,conversation ka pace slow ho gaya,pace slow ho gaya conversation ka,1.0,1.0,1.0
373,social,EN-HN-EN-EN-HN-HN,3,2,"[1, 2]",base_es,conversation ka pace slow ho gaya,slow ho gaya conversation ka pace,1.0,0.0,0.0
373,social,EN-HN-EN-EN-HN-HN,3,2,"[1, 2]",tf_es,pace slow ho gaya conversation ka,slow ho gaya conversation ka pace,1.0,0.0,0.0
374,social,EN-HN-EN-EN-HN-HN-HN,4,2,"[1, 2]",base_tf,message ka context sabko clear nahi tha,context sabko clear nahi tha message ka,1.0,1.0,1.0
374,social,EN-HN-EN-EN-HN-HN-HN,4,2,"[1, 2]",base_es,message ka context sabko clear nahi tha,clear nahi tha message ka context sabko,1.0,0.0,0.0
374,social,EN-HN-EN-EN-HN-HN-HN,4,2,"[1, 2]",tf_es,context sabko clear nahi tha message ka,clear nahi tha message ka context sabko,1.0,0.0,0.0
375,social,EN-HN-EN-EN-HN-HN-HN,4,2,"[1, 2]",base_tf,reply ka tone friendly rakhna zaruri hai,tone friendly rakhna zaruri hai reply ka,1.0,1.0,1.0
375,social,EN-HN-EN-EN-HN-HN-HN,4,2,"[1, 2]",base_es,reply ka tone friendly rakhna zaruri hai,friendly rakhna zaruri hai reply ka tone,1.0,0.0,0.0
375,social,EN-HN-EN-EN-HN-HN-HN,4,2,"[1, 2]",tf_es,tone friendly rakhna zaruri hai reply ka,friendly rakhna zaruri hai reply ka tone,1.0,0.0,0.0
376,social,EN-HN-EN-EN-HN-HN,3,2,"[1, 2]",base_tf,group ka decision unanimous nahi raha,decision unanimous nahi raha group ka,1.0,1.0,1.0
376,social,EN-HN-EN-EN-HN-HN,3,2,"[1, 2]",base_es,group ka decision unanimous nahi raha,unanimous nahi raha group ka decision,1.0,0.0,0.0
376,social,EN-HN-EN-EN-HN-HN,3,2,"[1, 2]",tf_es,decision unanimous nahi raha group ka,unanimous nahi raha group ka decision,1.0,0.0,0.0
377,social,EN-HN-EN-HN-HN-HN-HN,5,1,[1],base_tf,event ka reminder sabko time pe mila,reminder sabko time pe mila event ka,1.0,1.0,1.0
377,social,EN-HN-EN-HN-HN-HN-HN,5,1,[1],base_es,event ka reminder sabko time pe mila,time pe mila event ka reminder sabko,1.0,0.0,0.0
377,social,EN-HN-EN-HN-HN-HN-HN,5,1,[1],tf_es,reminder sabko time pe mila event ka,time pe mila event ka reminder sabko,1.0,0.0,0.0
378,social,EN-EN-EN-HN-HN,2,3,"[0, 1, 2]",base_tf,status update ka wording neutral rakha,wording neutral rakha status update ka,1.0,1.0,1.0
378,social,EN-EN-EN-HN-HN,2,3,"[0, 1, 2]",base_es,status update ka wording neutral rakha,neutral rakha status update ka wording,1.0,0.0,0.0
378,social,EN-EN-EN-HN-HN,2,3,"[0, 1, 2]",tf_es,wording neutral rakha status update ka,neutral rakha status update ka wording,1.0,0.0,0.0
379,social,EN-HN-EN-EN-EN-HN-HN,3,3,"[1, 2, 3]",base_tf,chat ka screenshot accidentally share ho gaya,screenshot accidentally share ho gaya chat ka,1.0,1.0,1.0
379,social,EN-HN-EN-EN-EN-HN-HN,3,3,"[1, 2, 3]",base_es,chat ka screenshot accidentally share ho gaya,accidentally share ho gaya chat ka screenshot,1.0,0.0,0.0
379,social,EN-HN-EN-EN-EN-HN-HN,3,3,"[1, 2, 3]",tf_es,screenshot accidentally share ho gaya chat ka,accidentally share ho gaya chat ka screenshot,1.0,0.0,0.0
380,social,EN-HN-EN-EN-HN-HN,3,2,"[1, 2]",base_tf,group ka admin role rotate karna chahiye,admin role rotate karna chahiye group ka,1.0,1.0,1.0
380,social,EN-HN-EN-EN-HN-HN,3,2,"[1, 2]",base_es,group ka admin role rotate karna chahiye,rotate karna chahiye group ka admin role,1.0,1.0,1.0
380,social,EN-HN-EN-EN-HN-HN,3,2,"[1, 2]",tf_es,admin role rotate karna chahiye group ka,rotate karna chahiye group ka admin role,1.0,1.0,1.0
381,transport,EN-HN-EN-HN-HN-HN,4,1,[1],base_tf,bus ka AC kaam nahi kar raha,AC kaam nahi kar raha bus ka,1.0,1.0,1.0
381,transport,EN-HN-EN-HN-HN-HN,4,1,[1],base_es,bus ka AC kaam nahi kar raha,kaam nahi kar raha bus ka AC,1.0,0.0,0.0
381,transport,EN-HN-EN-HN-HN-HN,4,1,[1],tf_es,AC kaam nahi kar raha bus ka,kaam nahi kar raha bus ka AC,1.0,0.0,0.0
382,transport,EN-HN-EN-EN-EN-HN,2,3,"[1, 2, 3]",base_tf,metro ka platform sign clearly visible tha,platform sign clearly visible tha metro ka,1.0,1.0,1.0
382,transport,EN-HN-EN-EN-EN-HN,2,3,"[1, 2, 3]",base_es,metro ka platform sign clearly visible tha,clearly visible tha metro ka platform sign,1.0,0.0,0.0
382,transport,EN-HN-EN-EN-EN-HN,2,3,"[1, 2, 3]",tf_es,platform sign clearly visible tha metro ka,clearly visible tha metro ka platform sign,1.0,0.0,0.0
383,transport,EN-HN-EN-EN-HN-HN,3,2,"[1, 2]",base_tf,cab ka fare estimate fluctuate kar raha,fare estimate fluctuate kar raha cab ka,1.0,1.0,1.0
383,transport,EN-HN-EN-EN-HN-HN,3,2,"[1, 2]",base_es,cab ka fare estimate fluctuate kar raha,fluctuate kar raha cab ka fare estimate,1.0,0.0,0.0
383,transport,EN-HN-EN-EN-HN-HN,3,2,"[1, 2]",tf_es,fare estimate fluctuate kar raha cab ka,fluctuate kar raha cab ka fare estimate,1.0,0.0,0.0
384,transport,EN-HN-EN-HN-HN-HN,4,1,[1],base_tf,traffic ka bottleneck junction pe bana,bottleneck junction pe bana traffic ka,1.0,1.0,1.0
384,transport,EN-HN-EN-HN-HN-HN,4,1,[1],base_es,traffic ka bottleneck junction pe bana,junction pe bana traffic ka bottleneck,1.0,0.0,0.0
384,transport,EN-HN-EN-HN-HN-HN,4,1,[1],tf_es,bottleneck junction pe bana traffic ka,junction pe bana traffic ka bottleneck,1.0,0.0,0.0
385,transport,EN-HN-EN-HN-HN-HN,4,1,[2],base_tf,parking ka slot thoda narrow laga,slot thoda narrow laga parking ka,1.0,1.0,1.0
385,transport,EN-HN-EN-HN-HN-HN,4,1,[2],base_es,parking ka slot thoda narrow laga,narrow laga parking ka slot thoda,1.0,0.0,0.0
385,transport,EN-HN-EN-HN-HN-HN,4,1,[2],tf_es,slot thoda narrow laga parking ka,narrow laga parking ka slot thoda,1.0,0.0,0.0
386,transport,EN-HN-EN-EN-HN-HN,3,2,"[1, 2]",base_tf,route ka alternative option suggest hua,alternative option suggest hua route ka,1.0,1.0,1.0
386,transport,EN-HN-EN-EN-HN-HN,3,2,"[1, 2]",base_es,route ka alternative option suggest hua,suggest hua route ka alternative option,1.0,0.0,0.0
386,transport,EN-HN-EN-EN-HN-HN,3,2,"[1, 2]",tf_es,alternative option suggest hua route ka,suggest hua route ka alternative option,1.0,0.0,0.0
387,travel,EN-HN-EN-EN-EN-HN,2,3,"[1, 2, 3]",base_tf,journey ka rest stop clean maintain tha,rest stop clean maintain tha journey ka,1.0,1.0,1.0
387,travel,EN-HN-EN-EN-EN-HN,2,3,"[1, 2, 3]",base_es,journey ka rest stop clean maintain tha,clean maintain tha journey ka rest stop,1.0,0.0,0.0
387,travel,EN-HN-EN-EN-EN-HN,2,3,"[1, 2, 3]",tf_es,rest stop clean maintain tha journey ka,clean maintain tha journey ka rest stop,1.0,0.0,0.0
388,travel,EN-HN-EN-EN-HN-HN,3,2,"[1, 2]",base_tf,travel ka packing checklist useful prove hua,packing checklist useful prove hua travel ka,1.0,1.0,1.0
388,travel,EN-HN-EN-EN-HN-HN,3,2,"[1, 2]",base_es,travel ka packing checklist useful prove hua,useful prove hua travel ka packing checklist,1.0,0.0,0.0
388,travel,EN-HN-EN-EN-HN-HN,3,2,"[1, 2]",tf_es,packing checklist useful prove hua travel ka,useful prove hua travel ka packing checklist,1.0,0.0,0.0
389,travel,EN-HN-EN-EN-HN-HN,3,2,"[1, 2]",base_tf,station ka exit signage clear nahi tha,exit signage clear nahi tha station ka,1.0,1.0,1.0
389,travel,EN-HN-EN-EN-HN-HN,3,2,"[1, 2]",base_es,station ka exit signage clear nahi tha,clear nahi tha station ka exit signage,1.0,0.0,0.0
389,travel,EN-HN-EN-EN-HN-HN,3,2,"[1, 2]",tf_es,exit signage clear nahi tha station ka,clear nahi tha station ka exit signage,1.0,0.0,0.0
390,travel,EN-HN-EN-EN-HN-HN,3,2,"[1, 2]",base_tf,travel ka itinerary flexible rakhna acha,itinerary flexible rakhna acha travel ka,1.0,1.0,1.0
390,travel,EN-HN-EN-EN-HN-HN,3,2,"[1, 2]",base_es,travel ka itinerary flexible rakhna acha,flexible rakhna acha travel ka itinerary,1.0,0.0,0.0
390,travel,EN-HN-EN-EN-HN-HN,3,2,"[1, 2]",tf_es,itinerary flexible rakhna acha travel ka,flexible rakhna acha travel ka itinerary,1.0,0.0,0.0
391,travel,EN-EN-HN-EN-HN-HN,3,2,"[0, 1]",base_tf,hotel ka check in process smooth raha,check in process smooth raha hotel ka,1.0,1.0,1.0
391,travel,EN-EN-HN-EN-HN-HN,3,2,"[0, 1]",base_es,hotel ka check in process smooth raha,smooth raha hotel ka check in process,1.0,0.0,0.0
391,travel,EN-EN-HN-EN-HN-HN,3,2,"[0, 1]",tf_es,check in process smooth raha hotel ka,smooth raha hotel ka check in process,1.0,0.0,0.0
392,travel,EN-HN-EN-EN-EN-HN-HN,3,3,"[1, 2, 3]",base_tf,room ka key card occasionally fail ho raha,key card occasionally fail ho raha room ka,1.0,1.0,1.0
392,travel,EN-HN-EN-EN-EN-HN-HN,3,3,"[1, 2, 3]",base_es,room ka key card occasionally fail ho raha,fail ho raha room ka key card occasionally,1.0,0.0,0.0
392,travel,EN-HN-EN-EN-EN-HN-HN,3,3,"[1, 2, 3]",tf_es,key card occasionally fail ho raha room ka,fail ho raha room ka key card occasionally,1.0,0.0,0.0
393,travel,EN-HN-EN-EN-HN-HN-HN,4,2,"[1, 2]",base_tf,travel ka weather buffer plan me include tha,weather buffer plan me include tha travel ka,1.0,1.0,1.0
393,travel,EN-HN-EN-EN-HN-HN-HN,4,2,"[1, 2]",base_es,travel ka weather buffer plan me include tha,include tha travel ka weather buffer plan me,1.0,0.0,0.0
393,travel,EN-HN-EN-EN-HN-HN-HN,4,2,"[1, 2]",tf_es,weather buffer plan me include tha travel ka,include tha travel ka weather buffer plan me,1.0,0.0,0.0
394,travel,EN-HN-EN-EN-HN-HN,3,2,"[1, 2]",base_tf,journey ka final leg comfortable raha,final leg comfortable raha journey ka,1.0,1.0,1.0
394,travel,EN-HN-EN-EN-HN-HN,3,2,"[1, 2]",base_es,journey ka final leg comfortable raha,comfortable raha journey ka final leg,1.0,0.0,0.0
394,travel,EN-HN-EN-EN-HN-HN,3,2,"[1, 2]",tf_es,final leg comfortable raha journey ka,comfortable raha journey ka final leg,1.0,0.0,0.0
395,travel,EN-HN-EN-EN-EN-HN,2,3,"[1, 2, 3]",base_tf,travel ka local commute easy mila,local commute easy mila travel ka,1.0,1.0,1.0
395,travel,EN-HN-EN-EN-EN-HN,2,3,"[1, 2, 3]",base_es,travel ka local commute easy mila,easy mila travel ka local commute,1.0,0.0,0.0
395,travel,EN-HN-EN-EN-EN-HN,2,3,"[1, 2, 3]",tf_es,local commute easy mila travel ka,easy mila travel ka local commute,1.0,0.0,0.0
396,travel,EN-HN-EN-EN-EN-HN-HN,3,3,"[1, 2, 3]",base_tf,tour ka guide instructions clearly de raha,guide instructions clearly de raha tour ka,1.0,1.0,1.0
396,travel,EN-HN-EN-EN-EN-HN-HN,3,3,"[1, 2, 3]",base_es,tour ka guide instructions clearly de raha,clearly de raha tour ka guide instructions,1.0,0.0,0.0
396,travel,EN-HN-EN-EN-EN-HN-HN,3,3,"[1, 2, 3]",tf_es,guide instructions clearly de raha tour ka,clearly de raha tour ka guide instructions,1.0,0.0,0.0
397,travel,EN-HN-EN-EN-HN-HN-HN,4,2,"[1, 2]",base_tf,travel ka pace sabke liye comfortable raha,pace sabke liye comfortable raha travel ka,1.0,1.0,1.0
397,travel,EN-HN-EN-EN-HN-HN-HN,4,2,"[1, 2]",base_es,travel ka pace sabke liye comfortable raha,comfortable raha travel ka pace sabke liye,1.0,0.0,0.0
397,travel,EN-HN-EN-EN-HN-HN-HN,4,2,"[1, 2]",tf_es,pace sabke liye comfortable raha travel ka,comfortable raha travel ka pace sabke liye,1.0,0.0,0.0
398,travel,EN-HN-EN-EN-EN-HN,2,3,"[1, 2, 3]",base_tf,journey ka feedback form simple tha,feedback form simple tha journey ka,1.0,1.0,1.0
398,travel,EN-HN-EN-EN-EN-HN,2,3,"[1, 2, 3]",base_es,journey ka feedback form simple tha,simple tha journey ka feedback form,1.0,0.0,0.0
398,travel,EN-HN-EN-EN-EN-HN,2,3,"[1, 2, 3]",tf_es,feedback form simple tha journey ka,simple tha journey ka feedback form,1.0,0.0,0.0
399,travel,EN-HN-EN-EN-HN-HN,3,2,"[1, 2]",base_tf,travel ka overall impression positive raha,overall impression positive raha travel ka,1.0,1.0,1.0
399,travel,EN-HN-EN-EN-HN-HN,3,2,"[1, 2]",base_es,travel ka overall impression positive raha,positive raha travel ka overall impression,1.0,0.0,0.0
399,travel,EN-HN-EN-EN-HN-HN,3,2,"[1, 2]",tf_es,overall impression positive raha travel ka,positive raha travel ka overall impression,1.0,0.0,0.0
400,travel,EN-HN-EN-EN-EN-HN,2,3,"[1, 2, 3]",base_tf,trip ka closure feeling satisfying laga,closure feeling satisfying laga trip ka,1.0,1.0,1.0
400,travel,EN-HN-EN-EN-EN-HN,2,3,"[1, 2, 3]",base_es,trip ka closure feeling satisfying laga,satisfying laga trip ka closure feeling,1.0,0.0,0.0
400,travel,EN-HN-EN-EN-EN-HN,2,3,"[1, 2, 3]",tf_es,closure feeling satisfying laga trip ka,satisfying laga trip ka closure feeling,1.0,0.0,0.0
401,digital,EN-HN-EN-EN-HN-HN,3,2,"[1, 2]",base_tf,calendar ka reminder automatically set ho gaya,reminder automatically set ho gaya calendar ka,1.0,1.0,1.0
401,digital,EN-HN-EN-EN-HN-HN,3,2,"[1, 2]",base_es,calendar ka reminder automatically set ho gaya,automatically set ho gaya calendar ka reminder,1.0,0.0,0.0
401,digital,EN-HN-EN-EN-HN-HN,3,2,"[1, 2]",tf_es,reminder automatically set ho gaya calendar ka,automatically set ho gaya calendar ka reminder,1.0,0.0,0.0
402,digital,EN-HN-EN-EN-EN-HN,3,3,"[1, 2, 3]",base_tf,phone ka vibration mode accidentally on tha,vibration mode accidentally on tha phone ka,1.0,1.0,1.0
402,digital,EN-HN-EN-EN-EN-HN,3,3,"[1, 2, 3]",base_es,phone ka vibration mode accidentally on tha,accidentally on tha phone ka vibration mode,1.0,0.0,0.0
402,digital,EN-HN-EN-EN-EN-HN,3,3,"[1, 2, 3]",tf_es,vibration mode accidentally on tha phone ka,accidentally on tha phone ka vibration mode,1.0,0.0,0.0
403,digital,EN-HN-EN-EN-EN-HN,2,3,"[1, 2, 3]",base_tf,email ka subject line misleading laga,subject line misleading laga email ka,1.0,1.0,1.0
403,digital,EN-HN-EN-EN-EN-HN,2,3,"[1, 2, 3]",base_es,email ka subject line misleading laga,misleading laga email ka subject line,1.0,0.0,0.0
403,digital,EN-HN-EN-EN-EN-HN,2,3,"[1, 2, 3]",tf_es,subject line misleading laga email ka,misleading laga email ka subject line,1.0,0.0,0.0
404,digital,EN-HN-EN-EN-HN-HN,3,2,"[1, 2]",base_tf,file ka size limit exceed ho gaya,size limit exceed ho gaya file ka,1.0,1.0,1.0
404,digital,EN-HN-EN-EN-HN-HN,3,2,"[1, 2]",base_es,file ka size limit exceed ho gaya,exceed ho gaya file ka size limit,1.0,0.0,0.0
404,digital,EN-HN-EN-EN-HN-HN,3,2,"[1, 2]",tf_es,size limit exceed ho gaya file ka,exceed ho gaya file ka size limit,1.0,0.0,0.0
405,digital,EN-HN-EN-EN-EN-HN-HN,3,3,"[1, 2, 3]",base_tf,browser ka tab accidentally close ho gaya,tab accidentally close ho gaya browser ka,1.0,1.0,1.0
405,digital,EN-HN-EN-EN-EN-HN-HN,3,3,"[1, 2, 3]",base_es,browser ka tab accidentally close ho gaya,accidentally close ho gaya browser ka tab,1.0,0.0,0.0
405,digital,EN-HN-EN-EN-EN-HN-HN,3,3,"[1, 2, 3]",tf_es,tab accidentally close ho gaya browser ka,accidentally close ho gaya browser ka tab,1.0,0.0,0.0
406,digital,EN-HN-EN-EN-EN-HN,2,3,"[1, 2, 3]",base_tf,playlist ka shuffle mode off karna,shuffle mode off karna playlist ka,1.0,1.0,1.0
406,digital,EN-HN-EN-EN-EN-HN,2,3,"[1, 2, 3]",base_es,playlist ka shuffle mode off karna,off karna playlist ka shuffle mode,1.0,0.0,0.0
406,digital,EN-HN-EN-EN-EN-HN,2,3,"[1, 2, 3]",tf_es,shuffle mode off karna playlist ka,off karna playlist ka shuffle mode,1.0,0.0,0.0
407,digital,EN-HN-EN-EN-HN-HN-HN,5,2,"[1, 2]",base_tf,video ka buffering issue baar baar aa raha,buffering issue baar baar aa raha video ka,1.0,1.0,1.0
407,digital,EN-HN-EN-EN-HN-HN-HN,5,2,"[1, 2]",base_es,video ka buffering issue baar baar aa raha,baar baar aa raha video ka buffering issue,1.0,0.0,0.0
407,digital,EN-HN-EN-EN-HN-HN-HN,5,2,"[1, 2]",tf_es,buffering issue baar baar aa raha video ka,baar baar aa raha video ka buffering issue,1.0,0.0,0.0
408,digital,EN-HN-EN-EN-EN-HN,2,3,"[1, 2, 3]",base_tf,system ka storage cleanup pending hai,storage cleanup pending hai system ka,1.0,1.0,1.0
408,digital,EN-HN-EN-EN-EN-HN,2,3,"[1, 2, 3]",base_es,system ka storage cleanup pending hai,pending hai system ka storage cleanup,1.0,0.0,0.0
408,digital,EN-HN-EN-EN-EN-HN,2,3,"[1, 2, 3]",tf_es,storage cleanup pending hai system ka,pending hai system ka storage cleanup,1.0,0.0,0.0
409,work,EN-HN-EN-EN-EN-HN,2,3,"[1, 2, 3]",base_tf,meeting ka follow up mail bhejna,follow up mail bhejna meeting ka,1.0,1.0,1.0
409,work,EN-HN-EN-EN-EN-HN,2,3,"[1, 2, 3]",base_es,meeting ka follow up mail bhejna,bhejna meeting ka follow up mail,1.0,0.0,0.0
409,work,EN-HN-EN-EN-EN-HN,2,3,"[1, 2, 3]",tf_es,follow up mail bhejna meeting ka,bhejna meeting ka follow up mail,1.0,0.0,0.0
410,work,EN-HN-EN-EN-HN-HN,3,2,"[1, 2]",base_tf,task ka priority level change hua,priority level change hua task ka,1.0,1.0,1.0
410,work,EN-HN-EN-EN-HN-HN,3,2,"[1, 2]",base_es,task ka priority level change hua,change hua task ka priority level,1.0,0.0,0.0
410,work,EN-HN-EN-EN-HN-HN,3,2,"[1, 2]",tf_es,priority level change hua task ka,change hua task ka priority level,1.0,0.0,0.0
411,work,EN-HN-EN-EN-HN-HN,3,2,"[1, 2]",base_tf,office ka internet speed fluctuate kar raha,internet speed fluctuate kar raha office ka,1.0,1.0,1.0
411,work,EN-HN-EN-EN-HN-HN,3,2,"[1, 2]",base_es,office ka internet speed fluctuate kar raha,fluctuate kar raha office ka internet speed,1.0,0.0,0.0
411,work,EN-HN-EN-EN-HN-HN,3,2,"[1, 2]",tf_es,internet speed fluctuate kar raha office ka,fluctuate kar raha office ka internet speed,1.0,0.0,0.0
412,work,EN-HN-EN-EN-HN-HN,3,2,"[1, 2]",base_tf,report ka formatting issue highlight hua,formatting issue highlight hua report ka,1.0,1.0,1.0
412,work,EN-HN-EN-EN-HN-HN,3,2,"[1, 2]",base_es,report ka formatting issue highlight hua,highlight hua report ka formatting issue,1.0,0.0,0.0
412,work,EN-HN-EN-EN-HN-HN,3,2,"[1, 2]",tf_es,formatting issue highlight hua report ka,highlight hua report ka formatting issue,1.0,0.0,0.0
413,work,EN-HN-EN-EN-HN-HN-HN,4,2,"[1, 2]",base_tf,client ka feedback document me add karna,feedback document me add karna client ka,1.0,1.0,1.0
413,work,EN-HN-EN-EN-HN-HN-HN,4,2,"[1, 2]",base_es,client ka feedback document me add karna,add karna client ka feedback document me,1.0,0.0,0.0
413,work,EN-HN-EN-EN-HN-HN-HN,4,2,"[1, 2]",tf_es,feedback document me add karna client ka,add karna client ka feedback document me,1.0,0.0,0.0
414,work,EN-HN-EN-EN-HN-HN,3,2,"[1, 2]",base_tf,deadline ka buffer time helpful hota,buffer time helpful hota deadline ka,1.0,1.0,1.0
414,work,EN-HN-EN-EN-HN-HN,3,2,"[1, 2]",base_es,deadline ka buffer time helpful hota,helpful hota deadline ka buffer time,1.0,0.0,0.0
414,work,EN-HN-EN-EN-HN-HN,3,2,"[1, 2]",tf_es,buffer time helpful hota deadline ka,helpful hota deadline ka buffer time,1.0,0.0,0.0
415,work,EN-HN-EN-EN-HN-HN-HN,4,2,"[1, 2]",base_tf,discussion ka summary notes me likhna,summary notes me likhna discussion ka,1.0,1.0,1.0
415,work,EN-HN-EN-EN-HN-HN-HN,4,2,"[1, 2]",base_es,discussion ka summary notes me likhna,likhna discussion ka summary notes me,1.0,0.0,0.0
415,work,EN-HN-EN-EN-HN-HN-HN,4,2,"[1, 2]",tf_es,summary notes me likhna discussion ka,likhna discussion ka summary notes me,1.0,0.0,0.0
416,work,EN-HN-EN-EN-EN-HN,2,3,"[1, 2, 3]",base_tf,team ka sync meeting weekly hota,sync meeting weekly hota team ka,1.0,1.0,1.0
416,work,EN-HN-EN-EN-EN-HN,2,3,"[1, 2, 3]",base_es,team ka sync meeting weekly hota,weekly hota team ka sync meeting,1.0,0.0,0.0
416,work,EN-HN-EN-EN-EN-HN,2,3,"[1, 2, 3]",tf_es,sync meeting weekly hota team ka,weekly hota team ka sync meeting,1.0,0.0,0.0
417,work,EN-HN-EN-EN-EN-HN,2,3,"[1, 2, 3]",base_tf,presentation ka slide order revise karna,slide order revise karna presentation ka,1.0,1.0,1.0
417,work,EN-HN-EN-EN-EN-HN,2,3,"[1, 2, 3]",base_es,presentation ka slide order revise karna,revise karna presentation ka slide order,1.0,1.0,1.0
417,work,EN-HN-EN-EN-EN-HN,2,3,"[1, 2, 3]",tf_es,slide order revise karna presentation ka,revise karna presentation ka slide order,1.0,1.0,1.0
418,work,EN-HN-EN-EN-EN-HN,2,3,"[1, 2, 3]",base_tf,office ka pantry stock refill karna,pantry stock refill karna office ka,1.0,1.0,1.0
418,work,EN-HN-EN-EN-EN-HN,2,3,"[1, 2, 3]",base_es,office ka pantry stock refill karna,refill karna office ka pantry stock,1.0,1.0,1.0
418,work,EN-HN-EN-EN-EN-HN,2,3,"[1, 2, 3]",tf_es,pantry stock refill karna office ka,refill karna office ka pantry stock,1.0,1.0,1.0
419,work,EN-HN-EN-EN-EN-HN,2,3,"[1, 2, 3]",base_tf,team ka workload evenly distribute karna,workload evenly distribute karna team ka,1.0,1.0,1.0
419,work,EN-HN-EN-EN-EN-HN,2,3,"[1, 2, 3]",base_es,team ka workload evenly distribute karna,distribute karna team ka workload evenly,1.0,0.0,0.0
419,work,EN-HN-EN-EN-EN-HN,2,3,"[1, 2, 3]",tf_es,workload evenly distribute karna team ka,distribute karna team ka workload evenly,1.0,0.0,0.0
420,work,EN-HN-EN-EN-EN-HN,3,3,"[1, 2, 3]",base_tf,project ka milestone tracker update hua,milestone tracker update hua project ka,1.0,1.0,1.0
420,work,EN-HN-EN-EN-EN-HN,3,3,"[1, 2, 3]",base_es,project ka milestone tracker update hua,update hua project ka milestone tracker,1.0,0.0,0.0
420,work,EN-HN-EN-EN-EN-HN,3,3,"[1, 2, 3]",tf_es,milestone tracker update hua project ka,update hua project ka milestone tracker,1.0,0.0,0.0
421,household,EN-HN-EN-EN-EN-HN,2,3,"[1, 2, 3]",base_tf,home ka grocery list ready karna,grocery list ready karna home ka,1.0,1.0,1.0
421,household,EN-HN-EN-EN-EN-HN,2,3,"[1, 2, 3]",base_es,home ka grocery list ready karna,ready karna home ka grocery list,1.0,0.0,0.0
421,household,EN-HN-EN-EN-EN-HN,2,3,"[1, 2, 3]",tf_es,grocery list ready karna home ka,ready karna home ka grocery list,1.0,0.0,0.0
422,household,EN-HN-EN-EN-EN-HN-HN,3,3,"[1, 2, 3]",base_tf,kitchen ka sink water slow drain ho raha,sink water slow drain ho raha kitchen ka,1.0,1.0,1.0
422,household,EN-HN-EN-EN-EN-HN-HN,3,3,"[1, 2, 3]",base_es,kitchen ka sink water slow drain ho raha,slow drain ho raha kitchen ka sink water,1.0,0.0,0.0
422,household,EN-HN-EN-EN-EN-HN-HN,3,3,"[1, 2, 3]",tf_es,sink water slow drain ho raha kitchen ka,slow drain ho raha kitchen ka sink water,1.0,0.0,0.0
423,household,EN-HN-EN-EN-HN-HN,3,2,"[1, 2]",base_tf,bedroom ka curtain rod loose ho gaya,curtain rod loose ho gaya bedroom ka,1.0,1.0,1.0
423,household,EN-HN-EN-EN-HN-HN,3,2,"[1, 2]",base_es,bedroom ka curtain rod loose ho gaya,loose ho gaya bedroom ka curtain rod,1.0,0.0,0.0
423,household,EN-HN-EN-EN-HN-HN,3,2,"[1, 2]",tf_es,curtain rod loose ho gaya bedroom ka,loose ho gaya bedroom ka curtain rod,1.0,0.0,0.0
424,household,EN-HN-EN-EN-EN-HN-HN,3,3,"[1, 2, 3]",base_tf,balcony ka plant watering schedule miss hua,watering schedule miss hua balcony ka plant,1.0,1.0,1.0
424,household,EN-HN-EN-EN-EN-HN-HN,3,3,"[1, 2, 3]",base_es,balcony ka plant watering schedule miss hua,miss hua balcony ka plant watering schedule,1.0,0.0,0.0
424,household,EN-HN-EN-EN-EN-HN-HN,3,3,"[1, 2, 3]",tf_es,watering schedule miss hua balcony ka plant,miss hua balcony ka plant watering schedule,1.0,0.0,0.0
425,household,EN-HN-EN-EN-EN-HN-HN,3,3,"[1, 2, 3]",base_tf,room ka dust accumulation noticeable lag raha,dust accumulation noticeable lag raha room ka,1.0,1.0,1.0
425,household,EN-HN-EN-EN-EN-HN-HN,3,3,"[1, 2, 3]",base_es,room ka dust accumulation noticeable lag raha,noticeable lag raha room ka dust accumulation,1.0,0.0,0.0
425,household,EN-HN-EN-EN-EN-HN-HN,3,3,"[1, 2, 3]",tf_es,dust accumulation noticeable lag raha room ka,noticeable lag raha room ka dust accumulation,1.0,0.0,0.0
426,education,EN-HN-EN-EN-HN-HN-HN,4,2,"[1, 2]",base_tf,study ka revision plan weekend pe banana,revision plan weekend pe banana study ka,1.0,1.0,1.0
426,education,EN-HN-EN-EN-HN-HN-HN,4,2,"[1, 2]",base_es,study ka revision plan weekend pe banana,banana study ka revision plan weekend pe,1.0,0.0,0.0
426,education,EN-HN-EN-EN-HN-HN-HN,4,2,"[1, 2]",tf_es,revision plan weekend pe banana study ka,banana study ka revision plan weekend pe,1.0,0.0,0.0
427,education,EN-HN-EN-EN-EN-HN-HN,3,3,"[1, 2, 3]",base_tf,lecture ka attendance sheet late circulate hua,attendance sheet late circulate hua lecture ka,1.0,1.0,1.0
427,education,EN-HN-EN-EN-EN-HN-HN,3,3,"[1, 2, 3]",base_es,lecture ka attendance sheet late circulate hua,late circulate hua lecture ka attendance sheet,1.0,0.0,0.0
427,education,EN-HN-EN-EN-EN-HN-HN,3,3,"[1, 2, 3]",tf_es,attendance sheet late circulate hua lecture ka,late circulate hua lecture ka attendance sheet,1.0,0.0,0.0
428,education,EN-HN-EN-EN-HN-HN,3,2,"[1, 2]",base_tf,course ka reading list lengthy lag raha,reading list lengthy lag raha course ka,1.0,1.0,1.0
428,education,EN-HN-EN-EN-HN-HN,3,2,"[1, 2]",base_es,course ka reading list lengthy lag raha,lengthy lag raha course ka reading list,1.0,0.0,0.0
428,education,EN-HN-EN-EN-HN-HN,3,2,"[1, 2]",tf_es,reading list lengthy lag raha course ka,lengthy lag raha course ka reading list,1.0,0.0,0.0
429,education,EN-HN-EN-EN-EN-HN,2,3,"[1, 2, 3]",base_tf,assignment ka grading rubric clear tha,grading rubric clear tha assignment ka,1.0,1.0,1.0
429,education,EN-HN-EN-EN-EN-HN,2,3,"[1, 2, 3]",base_es,assignment ka grading rubric clear tha,clear tha assignment ka grading rubric,1.0,0.0,0.0
429,education,EN-HN-EN-EN-EN-HN,2,3,"[1, 2, 3]",tf_es,grading rubric clear tha assignment ka,clear tha assignment ka grading rubric,1.0,0.0,0.0
430,education,EN-HN-EN-EN-HN-HN,3,2,"[1, 2]",base_tf,exam ka invigilation process smooth raha,invigilation process smooth raha exam ka,1.0,1.0,1.0
430,education,EN-HN-EN-EN-HN-HN,3,2,"[1, 2]",base_es,exam ka invigilation process smooth raha,smooth raha exam ka invigilation process,1.0,0.0,0.0
430,education,EN-HN-EN-EN-HN-HN,3,2,"[1, 2]",tf_es,invigilation process smooth raha exam ka,smooth raha exam ka invigilation process,1.0,0.0,0.0
431,education,EN-HN-EN-HN-HN-HN,4,1,[2],base_tf,syllabus ka overlap thoda confusing laga,overlap thoda confusing laga syllabus ka,1.0,1.0,1.0
431,education,EN-HN-EN-HN-HN-HN,4,1,[2],base_es,syllabus ka overlap thoda confusing laga,confusing laga syllabus ka overlap thoda,1.0,0.0,0.0
431,education,EN-HN-EN-HN-HN-HN,4,1,[2],tf_es,overlap thoda confusing laga syllabus ka,confusing laga syllabus ka overlap thoda,1.0,0.0,0.0
432,education,EN-HN-EN-EN-EN-HN,2,3,"[1, 2, 3]",base_tf,practical ka evaluation criteria strict tha,evaluation criteria strict tha practical ka,1.0,1.0,1.0
432,education,EN-HN-EN-EN-EN-HN,2,3,"[1, 2, 3]",base_es,practical ka evaluation criteria strict tha,strict tha practical ka evaluation criteria,1.0,0.0,0.0
432,education,EN-HN-EN-EN-EN-HN,2,3,"[1, 2, 3]",tf_es,evaluation criteria strict tha practical ka,strict tha practical ka evaluation criteria,1.0,0.0,0.0
433,education,EN-HN-EN-EN-EN-HN-HN,3,3,"[1, 2, 3]",base_tf,tutorial ka doubt clearing session helpful raha,doubt clearing session helpful raha tutorial ka,1.0,1.0,1.0
433,education,EN-HN-EN-EN-EN-HN-HN,3,3,"[1, 2, 3]",base_es,tutorial ka doubt clearing session helpful raha,helpful raha tutorial ka doubt clearing session,1.0,0.0,0.0
433,education,EN-HN-EN-EN-EN-HN-HN,3,3,"[1, 2, 3]",tf_es,doubt clearing session helpful raha tutorial ka,helpful raha tutorial ka doubt clearing session,1.0,0.0,0.0
434,education,EN-HN-EN-EN-EN-HN,2,3,"[1, 2, 3]",base_tf,notes ka diagram explanation clear tha,diagram explanation clear tha notes ka,1.0,1.0,1.0
434,education,EN-HN-EN-EN-EN-HN,2,3,"[1, 2, 3]",base_es,notes ka diagram explanation clear tha,clear tha notes ka diagram explanation,1.0,0.0,0.0
434,education,EN-HN-EN-EN-EN-HN,2,3,"[1, 2, 3]",tf_es,diagram explanation clear tha notes ka,clear tha notes ka diagram explanation,1.0,0.0,0.0
435,education,EN-EN-EN-HN-HN-HN-HN,3,3,"[0, 1, 2]",base_tf,online class ka audio occasionally break ho raha,audio occasionally break ho raha online class ka,1.0,1.0,1.0
435,education,EN-EN-EN-HN-HN-HN-HN,3,3,"[0, 1, 2]",base_es,online class ka audio occasionally break ho raha,occasionally break ho raha online class ka audio,1.0,0.0,0.0
435,education,EN-EN-EN-HN-HN-HN-HN,3,3,"[0, 1, 2]",tf_es,audio occasionally break ho raha online class ka,occasionally break ho raha online class ka audio,1.0,0.0,0.0
436,household,EN-HN-EN-EN-HN-HN-HN,4,2,"[1, 2]",base_tf,neighbour ka dog barking raat me zyada hota,dog barking raat me zyada hota neighbour ka,1.0,1.0,1.0
436,household,EN-HN-EN-EN-HN-HN-HN,4,2,"[1, 2]",base_es,neighbour ka dog barking raat me zyada hota,zyada hota neighbour ka dog barking raat me,1.0,0.0,0.0
436,household,EN-HN-EN-EN-HN-HN-HN,4,2,"[1, 2]",tf_es,dog barking raat me zyada hota neighbour ka,zyada hota neighbour ka dog barking raat me,1.0,0.0,0.0
437,household,EN-HN-EN-EN-HN-HN,3,2,"[1, 2]",base_tf,society ka lift maintenance due ho gaya,lift maintenance due ho gaya society ka,1.0,1.0,1.0
437,household,EN-HN-EN-EN-HN-HN,3,2,"[1, 2]",base_es,society ka lift maintenance due ho gaya,due ho gaya society ka lift maintenance,1.0,0.0,0.0
437,household,EN-HN-EN-EN-HN-HN,3,2,"[1, 2]",tf_es,lift maintenance due ho gaya society ka,due ho gaya society ka lift maintenance,1.0,0.0,0.0
438,household,EN-HN-EN-HN-HN-HN,4,1,[1],base_tf,water ka pressure subah kam hota,pressure subah kam hota water ka,1.0,1.0,1.0
438,household,EN-HN-EN-HN-HN-HN,4,1,[1],base_es,water ka pressure subah kam hota,kam hota water ka pressure subah,1.0,0.0,0.0
438,household,EN-HN-EN-HN-HN-HN,4,1,[1],tf_es,pressure subah kam hota water ka,kam hota water ka pressure subah,1.0,0.0,0.0
439,household,EN-HN-EN-EN-HN-HN,3,2,"[1, 2]",base_tf,electricity ka outage notice pehle aaya,outage notice pehle aaya electricity ka,1.0,1.0,1.0
439,household,EN-HN-EN-EN-HN-HN,3,2,"[1, 2]",base_es,electricity ka outage notice pehle aaya,pehle aaya electricity ka outage notice,1.0,0.0,0.0
439,household,EN-HN-EN-EN-HN-HN,3,2,"[1, 2]",tf_es,outage notice pehle aaya electricity ka,pehle aaya electricity ka outage notice,1.0,0.0,0.0
440,household,EN-HN-EN-EN-EN-HN-HN,3,3,"[1, 2, 3]",base_tf,flat ka paint shade slightly dull laga,paint shade slightly dull laga flat ka,1.0,1.0,1.0
440,household,EN-HN-EN-EN-EN-HN-HN,3,3,"[1, 2, 3]",base_es,flat ka paint shade slightly dull laga,slightly dull laga flat ka paint shade,1.0,0.0,0.0
440,household,EN-HN-EN-EN-EN-HN-HN,3,3,"[1, 2, 3]",tf_es,paint shade slightly dull laga flat ka,slightly dull laga flat ka paint shade,1.0,0.0,0.0
441,household,EN-HN-EN-EN-HN-HN,3,2,"[1, 2]",base_tf,door ka bell sound faint ho gaya,bell sound faint ho gaya door ka,1.0,1.0,1.0
441,household,EN-HN-EN-EN-HN-HN,3,2,"[1, 2]",base_es,door ka bell sound faint ho gaya,faint ho gaya door ka bell sound,1.0,0.0,0.0
441,household,EN-HN-EN-EN-HN-HN,3,2,"[1, 2]",tf_es,bell sound faint ho gaya door ka,faint ho gaya door ka bell sound,1.0,0.0,0.0
442,household,EN-HN-EN-EN-EN-HN,2,3,"[1, 2, 3]",base_tf,laundry ka washing cycle longer laga,washing cycle longer laga laundry ka,1.0,1.0,1.0
442,household,EN-HN-EN-EN-EN-HN,2,3,"[1, 2, 3]",base_es,laundry ka washing cycle longer laga,longer laga laundry ka washing cycle,1.0,0.0,0.0
442,household,EN-HN-EN-EN-EN-HN,2,3,"[1, 2, 3]",tf_es,washing cycle longer laga laundry ka,longer laga laundry ka washing cycle,1.0,0.0,0.0
443,household,EN-HN-EN-EN-EN-HN,2,3,"[1, 2, 3]",base_tf,garbage ka pickup schedule miss hua,pickup schedule miss hua garbage ka,1.0,1.0,1.0
443,household,EN-HN-EN-EN-EN-HN,2,3,"[1, 2, 3]",base_es,garbage ka pickup schedule miss hua,miss hua garbage ka pickup schedule,1.0,0.0,0.0
443,household,EN-HN-EN-EN-EN-HN,2,3,"[1, 2, 3]",tf_es,pickup schedule miss hua garbage ka,miss hua garbage ka pickup schedule,1.0,0.0,0.0
444,digital,EN-EN-EN-HN-HN-HN-HN,4,3,"[0, 1, 2]",base_tf,app ka dark mode preference save nahi hua,dark mode preference save nahi hua app ka,1.0,1.0,1.0
444,digital,EN-EN-EN-HN-HN-HN-HN,4,3,"[0, 1, 2]",base_es,app ka dark mode preference save nahi hua,save nahi hua app ka dark mode preference,1.0,0.0,0.0
444,digital,EN-EN-EN-HN-HN-HN-HN,4,3,"[0, 1, 2]",tf_es,dark mode preference save nahi hua app ka,save nahi hua app ka dark mode preference,1.0,0.0,0.0
445,digital,EN-HN-EN-EN-EN-HN-HN,3,3,"[1, 2, 3]",base_tf,website ka login captcha repeatedly fail ho raha,login captcha repeatedly fail ho raha website ka,1.0,1.0,1.0
445,digital,EN-HN-EN-EN-EN-HN-HN,3,3,"[1, 2, 3]",base_es,website ka login captcha repeatedly fail ho raha,repeatedly fail ho raha website ka login captcha,1.0,0.0,0.0
445,digital,EN-HN-EN-EN-EN-HN-HN,3,3,"[1, 2, 3]",tf_es,login captcha repeatedly fail ho raha website ka,repeatedly fail ho raha website ka login captcha,1.0,0.0,0.0
446,digital,EN-HN-EN-EN-EN-HN-HN,3,3,"[1, 2, 3]",base_tf,phone ka software update overnight install hua,software update overnight install hua phone ka,1.0,1.0,1.0
446,digital,EN-HN-EN-EN-EN-HN-HN,3,3,"[1, 2, 3]",base_es,phone ka software update overnight install hua,overnight install hua phone ka software update,1.0,0.0,0.0
446,digital,EN-HN-EN-EN-EN-HN-HN,3,3,"[1, 2, 3]",tf_es,software update overnight install hua phone ka,overnight install hua phone ka software update,1.0,0.0,0.0
447,digital,EN-HN-EN-EN-EN-HN-HN,3,3,"[1, 2, 3]",base_tf,app ka logout issue security risk lag raha,logout issue security risk lag raha app ka,1.0,1.0,1.0
447,digital,EN-HN-EN-EN-EN-HN-HN,3,3,"[1, 2, 3]",base_es,app ka logout issue security risk lag raha,security risk lag raha app ka logout issue,1.0,0.0,0.0
447,digital,EN-HN-EN-EN-EN-HN-HN,3,3,"[1, 2, 3]",tf_es,logout issue security risk lag raha app ka,security risk lag raha app ka logout issue,1.0,0.0,0.0
448,digital,EN-HN-EN-EN-EN-HN-HN,3,3,"[1, 2, 3]",base_tf,browser ka bookmark folder accidentally delete hua,bookmark folder accidentally delete hua browser ka,1.0,1.0,1.0
448,digital,EN-HN-EN-EN-EN-HN-HN,3,3,"[1, 2, 3]",base_es,browser ka bookmark folder accidentally delete hua,accidentally delete hua browser ka bookmark folder,1.0,0.0,0.0
448,digital,EN-HN-EN-EN-EN-HN-HN,3,3,"[1, 2, 3]",tf_es,bookmark folder accidentally delete hua browser ka,accidentally delete hua browser ka bookmark folder,1.0,0.0,0.0
449,digital,EN-HN-EN-EN-EN-HN-HN,3,3,"[1, 2, 3]",base_tf,system ka auto sleep feature annoying lag raha,auto sleep feature annoying lag raha system ka,1.0,1.0,1.0
449,digital,EN-HN-EN-EN-EN-HN-HN,3,3,"[1, 2, 3]",base_es,system ka auto sleep feature annoying lag raha,annoying lag raha system ka auto sleep feature,1.0,0.0,0.0
449,digital,EN-HN-EN-EN-EN-HN-HN,3,3,"[1, 2, 3]",tf_es,auto sleep feature annoying lag raha system ka,annoying lag raha system ka auto sleep feature,1.0,0.0,0.0
450,digital,EN-EN-EN-HN-HN-HN-HN,3,3,"[0, 1, 2]",base_tf,mobile data ka usage spike achanak aaya,usage spike achanak aaya mobile data ka,1.0,1.0,1.0
450,digital,EN-EN-EN-HN-HN-HN-HN,3,3,"[0, 1, 2]",base_es,mobile data ka usage spike achanak aaya,achanak aaya mobile data ka usage spike,1.0,0.0,0.0
450,digital,EN-EN-EN-HN-HN-HN-HN,3,3,"[0, 1, 2]",tf_es,usage spike achanak aaya mobile data ka,achanak aaya mobile data ka usage spike,1.0,0.0,0.0
451,education,EN-HN-EN-EN-EN-HN-HN,3,3,"[1, 2, 3]",base_tf,lecture ka assignment submission portal open hua,assignment submission portal open hua lecture ka,1.0,1.0,1.0
451,education,EN-HN-EN-EN-EN-HN-HN,3,3,"[1, 2, 3]",base_es,lecture ka assignment submission portal open hua,open hua lecture ka assignment submission portal,1.0,0.0,0.0
451,education,EN-HN-EN-EN-EN-HN-HN,3,3,"[1, 2, 3]",tf_es,assignment submission portal open hua lecture ka,open hua lecture ka assignment submission portal,1.0,0.0,0.0
452,education,EN-HN-EN-EN-EN-HN-HN,3,3,"[1, 2, 3]",base_tf,exam ka seating arrangement notice late aaya,seating arrangement notice late aaya exam ka,1.0,1.0,1.0
452,education,EN-HN-EN-EN-EN-HN-HN,3,3,"[1, 2, 3]",base_es,exam ka seating arrangement notice late aaya,late aaya exam ka seating arrangement notice,1.0,0.0,0.0
452,education,EN-HN-EN-EN-EN-HN-HN,3,3,"[1, 2, 3]",tf_es,seating arrangement notice late aaya exam ka,late aaya exam ka seating arrangement notice,1.0,0.0,0.0
453,education,EN-HN-EN-EN-EN-EN-HN,2,4,"[1, 2, 3, 4]",base_tf,course ka prerequisite document clearly mention tha,prerequisite document clearly mention tha course ka,1.0,1.0,1.0
453,education,EN-HN-EN-EN-EN-EN-HN,2,4,"[1, 2, 3, 4]",base_es,course ka prerequisite document clearly mention tha,clearly mention tha course ka prerequisite document,1.0,0.0,0.0
453,education,EN-HN-EN-EN-EN-EN-HN,2,4,"[1, 2, 3, 4]",tf_es,prerequisite document clearly mention tha course ka,clearly mention tha course ka prerequisite document,1.0,0.0,0.0
454,education,EN-HN-EN-EN-EN-HN,2,3,"[1, 2, 3]",base_tf,tutorial ka practice sheet helpful lagi,practice sheet helpful lagi tutorial ka,1.0,1.0,1.0
454,education,EN-HN-EN-EN-EN-HN,2,3,"[1, 2, 3]",base_es,tutorial ka practice sheet helpful lagi,helpful lagi tutorial ka practice sheet,1.0,0.0,0.0
454,education,EN-HN-EN-EN-EN-HN,2,3,"[1, 2, 3]",tf_es,practice sheet helpful lagi tutorial ka,helpful lagi tutorial ka practice sheet,1.0,0.0,0.0
455,education,EN-HN-EN-EN-EN-HN-HN,3,3,"[1, 2, 3]",base_tf,lab ka safety instruction board visible nahi,safety instruction board visible nahi lab ka,1.0,1.0,1.0
455,education,EN-HN-EN-EN-EN-HN-HN,3,3,"[1, 2, 3]",base_es,lab ka safety instruction board visible nahi,visible nahi lab ka safety instruction board,1.0,0.0,0.0
455,education,EN-HN-EN-EN-EN-HN-HN,3,3,"[1, 2, 3]",tf_es,safety instruction board visible nahi lab ka,visible nahi lab ka safety instruction board,1.0,0.0,0.0
456,education,EN-HN-EN-EN-EN-EN-HN,2,4,"[1, 2, 3, 4]",base_tf,syllabus ka mid semester split balanced laga,mid semester split balanced laga syllabus ka,1.0,1.0,1.0
456,education,EN-HN-EN-EN-EN-EN-HN,2,4,"[1, 2, 3, 4]",base_es,syllabus ka mid semester split balanced laga,balanced laga syllabus ka mid semester split,1.0,0.0,0.0
456,education,EN-HN-EN-EN-EN-EN-HN,2,4,"[1, 2, 3, 4]",tf_es,mid semester split balanced laga syllabus ka,balanced laga syllabus ka mid semester split,1.0,0.0,0.0
457,education,EN-HN-EN-EN-EN-HN,2,3,"[1, 2, 3]",base_tf,project ka evaluation panel external tha,evaluation panel external tha project ka,1.0,1.0,1.0
457,education,EN-HN-EN-EN-EN-HN,2,3,"[1, 2, 3]",base_es,project ka evaluation panel external tha,external tha project ka evaluation panel,1.0,0.0,0.0
457,education,EN-HN-EN-EN-EN-HN,2,3,"[1, 2, 3]",tf_es,evaluation panel external tha project ka,external tha project ka evaluation panel,1.0,0.0,0.0
458,education,EN-HN-EN-EN-EN-HN,2,3,"[1, 2, 3]",base_tf,seminar ka attendance mandatory mention hua,attendance mandatory mention hua seminar ka,1.0,1.0,1.0
458,education,EN-HN-EN-EN-EN-HN,2,3,"[1, 2, 3]",base_es,seminar ka attendance mandatory mention hua,mandatory mention hua seminar ka attendance,1.0,0.0,0.0
458,education,EN-HN-EN-EN-EN-HN,2,3,"[1, 2, 3]",tf_es,attendance mandatory mention hua seminar ka,mandatory mention hua seminar ka attendance,1.0,0.0,0.0
459,education,EN-EN-HN-EN-EN-EN-HN,2,4,"[0, 2, 3, 4]",base_tf,online quiz ka timer unexpectedly reset hua,quiz ka timer unexpectedly reset hua online,1.0,1.0,1.0
459,education,EN-EN-HN-EN-EN-EN-HN,2,4,"[0, 2, 3, 4]",base_es,online quiz ka timer unexpectedly reset hua,unexpectedly reset hua online quiz ka timer,1.0,0.0,0.0
459,education,EN-EN-HN-EN-EN-EN-HN,2,4,"[0, 2, 3, 4]",tf_es,quiz ka timer unexpectedly reset hua online,unexpectedly reset hua online quiz ka timer,1.0,0.0,0.0
460,education,EN-HN-EN-EN-HN-HN,3,2,"[1, 2]",base_tf,class ka participation score calculate hoga,participation score calculate hoga class ka,1.0,1.0,1.0
460,education,EN-HN-EN-EN-HN-HN,3,2,"[1, 2]",base_es,class ka participation score calculate hoga,calculate hoga class ka participation score,1.0,0.0,0.0
460,education,EN-HN-EN-EN-HN-HN,3,2,"[1, 2]",tf_es,participation score calculate hoga class ka,calculate hoga class ka participation score,1.0,0.0,0.0
461,household,EN-HN-EN-EN-EN-HN-HN,3,3,"[1, 2, 3]",base_tf,society ka security guard shift change hua,security guard shift change hua society ka,1.0,1.0,1.0
461,household,EN-HN-EN-EN-EN-HN-HN,3,3,"[1, 2, 3]",base_es,society ka security guard shift change hua,shift change hua society ka security guard,1.0,0.0,0.0
461,household,EN-HN-EN-EN-EN-HN-HN,3,3,"[1, 2, 3]",tf_es,security guard shift change hua society ka,shift change hua society ka security guard,1.0,0.0,0.0
462,household,EN-HN-EN-EN-EN-EN-HN,2,4,"[1, 2, 3, 4]",base_tf,building ka fire drill notice circulate hua,fire drill notice circulate hua building ka,1.0,1.0,1.0
462,household,EN-HN-EN-EN-EN-EN-HN,2,4,"[1, 2, 3, 4]",base_es,building ka fire drill notice circulate hua,circulate hua building ka fire drill notice,1.0,0.0,0.0
462,household,EN-HN-EN-EN-EN-EN-HN,2,4,"[1, 2, 3, 4]",tf_es,fire drill notice circulate hua building ka,circulate hua building ka fire drill notice,1.0,0.0,0.0
463,household,EN-HN-EN-EN-EN-EN-HN,2,4,"[1, 2, 3, 4]",base_tf,parking ka visitor entry register missing tha,visitor entry register missing tha parking ka,1.0,1.0,1.0
463,household,EN-HN-EN-EN-EN-EN-HN,2,4,"[1, 2, 3, 4]",base_es,parking ka visitor entry register missing tha,missing tha parking ka visitor entry register,1.0,0.0,0.0
463,household,EN-HN-EN-EN-EN-EN-HN,2,4,"[1, 2, 3, 4]",tf_es,visitor entry register missing tha parking ka,missing tha parking ka visitor entry register,1.0,0.0,0.0
464,household,EN-HN-EN-EN-EN-EN-HN,2,4,"[1, 2, 3, 4]",base_tf,water tank ka cleaning schedule announced hua,cleaning schedule announced hua water tank ka,1.0,1.0,1.0
464,household,EN-HN-EN-EN-EN-EN-HN,2,4,"[1, 2, 3, 4]",base_es,water tank ka cleaning schedule announced hua,announced hua water tank ka cleaning schedule,1.0,0.0,0.0
464,household,EN-HN-EN-EN-EN-EN-HN,2,4,"[1, 2, 3, 4]",tf_es,cleaning schedule announced hua water tank ka,announced hua water tank ka cleaning schedule,1.0,0.0,0.0
465,household,EN-HN-EN-EN-EN-HN,2,3,"[1, 2, 3]",base_tf,apartment ka maintenance bill generate hua,maintenance bill generate hua apartment ka,1.0,1.0,1.0
465,household,EN-HN-EN-EN-EN-HN,2,3,"[1, 2, 3]",base_es,apartment ka maintenance bill generate hua,generate hua apartment ka maintenance bill,1.0,0.0,0.0
465,household,EN-HN-EN-EN-EN-HN,2,3,"[1, 2, 3]",tf_es,maintenance bill generate hua apartment ka,generate hua apartment ka maintenance bill,1.0,0.0,0.0
466,household,EN-HN-EN-EN-HN-HN,3,2,"[1, 2]",base_tf,staircase ka emergency light working nahi,emergency light working nahi staircase ka,1.0,1.0,1.0
466,household,EN-HN-EN-EN-HN-HN,3,2,"[1, 2]",base_es,staircase ka emergency light working nahi,working nahi staircase ka emergency light,1.0,0.0,0.0
466,household,EN-HN-EN-EN-HN-HN,3,2,"[1, 2]",tf_es,emergency light working nahi staircase ka,working nahi staircase ka emergency light,1.0,0.0,0.0
467,household,EN-HN-EN-EN-EN-EN-HN,2,4,"[1, 2, 3, 4]",base_tf,gate ka access card temporarily deactivate hua,access card temporarily deactivate hua gate ka,1.0,1.0,1.0
467,household,EN-HN-EN-EN-EN-EN-HN,2,4,"[1, 2, 3, 4]",base_es,gate ka access card temporarily deactivate hua,temporarily deactivate hua gate ka access card,1.0,0.0,0.0
467,household,EN-HN-EN-EN-EN-EN-HN,2,4,"[1, 2, 3, 4]",tf_es,access card temporarily deactivate hua gate ka,temporarily deactivate hua gate ka access card,1.0,0.0,0.0
468,household,EN-HN-EN-EN-EN-HN-HN,3,3,"[1, 2, 3]",base_tf,elevator ka weight sensor malfunction kar raha,weight sensor malfunction kar raha elevator ka,1.0,1.0,1.0
468,household,EN-HN-EN-EN-EN-HN-HN,3,3,"[1, 2, 3]",base_es,elevator ka weight sensor malfunction kar raha,malfunction kar raha elevator ka weight sensor,1.0,0.0,0.0
468,household,EN-HN-EN-EN-EN-HN-HN,3,3,"[1, 2, 3]",tf_es,weight sensor malfunction kar raha elevator ka,malfunction kar raha elevator ka weight sensor,1.0,0.0,0.0
469,household,EN-HN-EN-EN-EN-HN,2,3,"[1, 2, 3]",base_tf,corridor ka lighting level insufficient laga,lighting level insufficient laga corridor ka,1.0,1.0,1.0
469,household,EN-HN-EN-EN-EN-HN,2,3,"[1, 2, 3]",base_es,corridor ka lighting level insufficient laga,insufficient laga corridor ka lighting level,1.0,0.0,0.0
469,household,EN-HN-EN-EN-EN-HN,2,3,"[1, 2, 3]",tf_es,lighting level insufficient laga corridor ka,insufficient laga corridor ka lighting level,1.0,0.0,0.0
470,household,EN-HN-EN-EN-EN-EN-HN,2,4,"[1, 2, 3, 4]",base_tf,water purifier ka filter replacement due hai,filter replacement due hai water purifier ka,1.0,1.0,1.0
470,household,EN-HN-EN-EN-EN-EN-HN,2,4,"[1, 2, 3, 4]",base_es,water purifier ka filter replacement due hai,due hai water purifier ka filter replacement,1.0,0.0,0.0
470,household,EN-HN-EN-EN-EN-EN-HN,2,4,"[1, 2, 3, 4]",tf_es,filter replacement due hai water purifier ka,due hai water purifier ka filter replacement,1.0,0.0,0.0
471,digital,EN-EN-EN-HN-HN-HN,3,3,"[0, 1, 2]",base_tf,music app ka equalizer preset change hua,equalizer preset change hua music app ka,1.0,1.0,1.0
471,digital,EN-EN-EN-HN-HN-HN,3,3,"[0, 1, 2]",base_es,music app ka equalizer preset change hua,change hua music app ka equalizer preset,1.0,0.0,0.0
471,digital,EN-EN-EN-HN-HN-HN,3,3,"[0, 1, 2]",tf_es,equalizer preset change hua music app ka,change hua music app ka equalizer preset,1.0,0.0,0.0
472,digital,EN-EN-EN-EN-HN-HN,2,4,"[0, 1, 2, 3]",base_tf,cloud storage ka sync delay noticeable tha,sync delay noticeable tha cloud storage ka,1.0,1.0,1.0
472,digital,EN-EN-EN-EN-HN-HN,2,4,"[0, 1, 2, 3]",base_es,cloud storage ka sync delay noticeable tha,noticeable tha cloud storage ka sync delay,1.0,0.0,0.0
472,digital,EN-EN-EN-EN-HN-HN,2,4,"[0, 1, 2, 3]",tf_es,sync delay noticeable tha cloud storage ka,noticeable tha cloud storage ka sync delay,1.0,0.0,0.0
473,digital,EN-HN-EN-EN-EN-EN-HN-HN,3,4,"[1, 2, 3, 4]",base_tf,browser ka extension update automatically install hua,extension update automatically install hua browser ka,1.0,1.0,1.0
473,digital,EN-HN-EN-EN-EN-EN-HN-HN,3,4,"[1, 2, 3, 4]",base_es,browser ka extension update automatically install hua,automatically install hua browser ka extension update,1.0,0.0,0.0
473,digital,EN-HN-EN-EN-EN-EN-HN-HN,3,4,"[1, 2, 3, 4]",tf_es,extension update automatically install hua browser ka,automatically install hua browser ka extension update,1.0,0.0,0.0
474,digital,EN-HN-EN-EN-HN-HN,3,2,"[1, 2]",base_tf,phone ka screen calibration off lag raha,screen calibration off lag raha phone ka,1.0,1.0,1.0
474,digital,EN-HN-EN-EN-HN-HN,3,2,"[1, 2]",base_es,phone ka screen calibration off lag raha,off lag raha phone ka screen calibration,1.0,0.0,0.0
474,digital,EN-HN-EN-EN-HN-HN,3,2,"[1, 2]",tf_es,screen calibration off lag raha phone ka,off lag raha phone ka screen calibration,1.0,0.0,0.0
475,digital,EN-HN-EN-EN-EN-HN-HN,3,3,"[1, 2, 3]",base_tf,system ka startup time noticeably increase hua,startup time noticeably increase hua system ka,1.0,1.0,1.0
475,digital,EN-HN-EN-EN-EN-HN-HN,3,3,"[1, 2, 3]",base_es,system ka startup time noticeably increase hua,noticeably increase hua system ka startup time,1.0,0.0,0.0
475,digital,EN-HN-EN-EN-EN-HN-HN,3,3,"[1, 2, 3]",tf_es,startup time noticeably increase hua system ka,noticeably increase hua system ka startup time,1.0,0.0,0.0
476,education,EN-HN-EN-EN-EN-HN-HN-HN,4,3,"[1, 2, 3]",base_tf,exam ka result announcement date shift ho gaya,result announcement date shift ho gaya exam ka,1.0,1.0,1.0
476,education,EN-HN-EN-EN-EN-HN-HN-HN,4,3,"[1, 2, 3]",base_es,exam ka result announcement date shift ho gaya,shift ho gaya exam ka result announcement date,1.0,0.0,0.0
476,education,EN-HN-EN-EN-EN-HN-HN-HN,4,3,"[1, 2, 3]",tf_es,result announcement date shift ho gaya exam ka,shift ho gaya exam ka result announcement date,1.0,0.0,0.0
477,education,EN-HN-EN-EN-EN-HN,2,3,"[1, 2, 3]",base_tf,course ka feedback form anonymous raha,feedback form anonymous raha course ka,1.0,1.0,1.0
477,education,EN-HN-EN-EN-EN-HN,2,3,"[1, 2, 3]",base_es,course ka feedback form anonymous raha,anonymous raha course ka feedback form,1.0,0.0,0.0
477,education,EN-HN-EN-EN-EN-HN,2,3,"[1, 2, 3]",tf_es,feedback form anonymous raha course ka,anonymous raha course ka feedback form,1.0,0.0,0.0
478,education,EN-HN-EN-EN-EN-EN-HN-HN,3,4,"[1, 2, 3, 4]",base_tf,lecture ka slide deck revised version upload hua,slide deck revised version upload hua lecture ka,1.0,1.0,1.0
478,education,EN-HN-EN-EN-EN-EN-HN-HN,3,4,"[1, 2, 3, 4]",base_es,lecture ka slide deck revised version upload hua,revised version upload hua lecture ka slide deck,1.0,0.0,0.0
478,education,EN-HN-EN-EN-EN-EN-HN-HN,3,4,"[1, 2, 3, 4]",tf_es,slide deck revised version upload hua lecture ka,revised version upload hua lecture ka slide deck,1.0,0.0,0.0
479,education,EN-HN-EN-EN-EN-EN-HN,2,4,"[1, 2, 3, 4]",base_tf,lab ka experiment procedure clearly document tha,experiment procedure clearly document tha lab ka,1.0,1.0,1.0
479,education,EN-HN-EN-EN-EN-EN-HN,2,4,"[1, 2, 3, 4]",base_es,lab ka experiment procedure clearly document tha,clearly document tha lab ka experiment procedure,1.0,0.0,0.0
479,education,EN-HN-EN-EN-EN-EN-HN,2,4,"[1, 2, 3, 4]",tf_es,experiment procedure clearly document tha lab ka,clearly document tha lab ka experiment procedure,1.0,0.0,0.0
480,education,EN-HN-EN-EN-EN-HN-HN,3,3,"[1, 2, 3]",base_tf,assignment ka late penalty policy strict hai,late penalty policy strict hai assignment ka,1.0,1.0,1.0
480,education,EN-HN-EN-EN-EN-HN-HN,3,3,"[1, 2, 3]",base_es,assignment ka late penalty policy strict hai,strict hai assignment ka late penalty policy,1.0,0.0,0.0
480,education,EN-HN-EN-EN-EN-HN-HN,3,3,"[1, 2, 3]",tf_es,late penalty policy strict hai assignment ka,strict hai assignment ka late penalty policy,1.0,0.0,0.0
481,household,EN-HN-EN-EN-EN-HN-HN,3,3,"[1, 2, 3]",base_tf,apartment ka water leakage complaint register hua,water leakage complaint register hua apartment ka,1.0,1.0,1.0
481,household,EN-HN-EN-EN-EN-HN-HN,3,3,"[1, 2, 3]",base_es,apartment ka water leakage complaint register hua,register hua apartment ka water leakage complaint,1.0,0.0,0.0
481,household,EN-HN-EN-EN-EN-HN-HN,3,3,"[1, 2, 3]",tf_es,water leakage complaint register hua apartment ka,register hua apartment ka water leakage complaint,1.0,0.0,0.0
482,household,EN-EN-EN-HN-HN-HN,3,3,"[0, 1, 2]",base_tf,society ka CCTV footage access restricted hai,CCTV footage access restricted hai society ka,1.0,1.0,1.0
482,household,EN-EN-EN-HN-HN-HN,3,3,"[0, 1, 2]",base_es,society ka CCTV footage access restricted hai,restricted hai society ka CCTV footage access,1.0,0.0,0.0
482,household,EN-EN-EN-HN-HN-HN,3,3,"[0, 1, 2]",tf_es,CCTV footage access restricted hai society ka,restricted hai society ka CCTV footage access,1.0,0.0,0.0
483,household,EN-HN-EN-EN-EN-HN-HN,3,3,"[1, 2, 3]",base_tf,parking ka reserved slot clearly mark nahi tha,reserved slot clearly mark nahi tha parking ka,1.0,1.0,1.0
483,household,EN-HN-EN-EN-EN-HN-HN,3,3,"[1, 2, 3]",base_es,parking ka reserved slot clearly mark nahi tha,clearly mark nahi tha parking ka reserved slot,1.0,0.0,0.0
483,household,EN-HN-EN-EN-EN-HN-HN,3,3,"[1, 2, 3]",tf_es,reserved slot clearly mark nahi tha parking ka,clearly mark nahi tha parking ka reserved slot,1.0,0.0,0.0
484,household,EN-HN-EN-EN-EN-HN-HN,3,3,"[1, 2, 3]",base_tf,power backup ka battery health degrade ho raha,battery health degrade ho raha power backup ka,1.0,1.0,1.0
484,household,EN-HN-EN-EN-EN-HN-HN,3,3,"[1, 2, 3]",base_es,power backup ka battery health degrade ho raha,degrade ho raha power backup ka battery health,1.0,0.0,0.0
484,household,EN-HN-EN-EN-EN-HN-HN,3,3,"[1, 2, 3]",tf_es,battery health degrade ho raha power backup ka,degrade ho raha power backup ka battery health,1.0,0.0,0.0
485,household,EN-HN-EN-EN-EN-HN-HN,3,3,"[1, 2, 3]",base_tf,house ka renovation timeline extend ho gaya,renovation timeline extend ho gaya house ka,1.0,1.0,1.0
485,household,EN-HN-EN-EN-EN-HN-HN,3,3,"[1, 2, 3]",base_es,house ka renovation timeline extend ho gaya,extend ho gaya house ka renovation timeline,1.0,0.0,0.0
485,household,EN-HN-EN-EN-EN-HN-HN,3,3,"[1, 2, 3]",tf_es,renovation timeline extend ho gaya house ka,extend ho gaya house ka renovation timeline,1.0,0.0,0.0
486,work,EN-HN-EN-EN-EN-HN-HN,3,3,"[1, 2, 3]",base_tf,team ka sprint planning session productive raha,sprint planning session productive raha team ka,1.0,1.0,1.0
486,work,EN-HN-EN-EN-EN-HN-HN,3,3,"[1, 2, 3]",base_es,team ka sprint planning session productive raha,productive raha team ka sprint planning session,1.0,0.0,0.0
486,work,EN-HN-EN-EN-EN-HN-HN,3,3,"[1, 2, 3]",tf_es,sprint planning session productive raha team ka,productive raha team ka sprint planning session,1.0,0.0,0.0
487,work,EN-HN-EN-EN-EN-EN-HN-HN,3,4,"[1, 2, 3, 4]",base_tf,project ka risk assessment document update hua,risk assessment document update hua project ka,1.0,1.0,1.0
487,work,EN-HN-EN-EN-EN-EN-HN-HN,3,4,"[1, 2, 3, 4]",base_es,project ka risk assessment document update hua,update hua project ka risk assessment document,1.0,0.0,0.0
487,work,EN-HN-EN-EN-EN-EN-HN-HN,3,4,"[1, 2, 3, 4]",tf_es,risk assessment document update hua project ka,update hua project ka risk assessment document,1.0,0.0,0.0
488,work,EN-HN-EN-EN-EN-HN-HN-HN,4,3,"[1, 2, 3]",base_tf,meeting ka minutes shared folder me upload hua,minutes shared folder me upload hua meeting ka,1.0,1.0,1.0
488,work,EN-HN-EN-EN-EN-HN-HN-HN,4,3,"[1, 2, 3]",base_es,meeting ka minutes shared folder me upload hua,upload hua meeting ka minutes shared folder me,1.0,0.0,0.0
488,work,EN-HN-EN-EN-EN-HN-HN-HN,4,3,"[1, 2, 3]",tf_es,minutes shared folder me upload hua meeting ka,upload hua meeting ka minutes shared folder me,1.0,0.0,0.0
489,work,EN-HN-EN-EN-EN-HN-HN,3,3,"[1, 2, 3]",base_tf,client ka approval mail officially receive hua,approval mail officially receive hua client ka,1.0,1.0,1.0
489,work,EN-HN-EN-EN-EN-HN-HN,3,3,"[1, 2, 3]",base_es,client ka approval mail officially receive hua,officially receive hua client ka approval mail,1.0,0.0,0.0
489,work,EN-HN-EN-EN-EN-HN-HN,3,3,"[1, 2, 3]",tf_es,approval mail officially receive hua client ka,officially receive hua client ka approval mail,1.0,0.0,0.0
490,work,EN-HN-EN-EN-EN-EN-HN-HN,3,4,"[1, 2, 3, 4]",base_tf,work ka knowledge transfer session scheduled hai,knowledge transfer session scheduled hai work ka,1.0,1.0,1.0
490,work,EN-HN-EN-EN-EN-EN-HN-HN,3,4,"[1, 2, 3, 4]",base_es,work ka knowledge transfer session scheduled hai,scheduled hai work ka knowledge transfer session,1.0,0.0,0.0
490,work,EN-HN-EN-EN-EN-EN-HN-HN,3,4,"[1, 2, 3, 4]",tf_es,knowledge transfer session scheduled hai work ka,scheduled hai work ka knowledge transfer session,1.0,0.0,0.0
491,social,EN-HN-EN-EN-EN-HN-HN,3,3,"[1, 2, 3]",base_tf,friends ka weekend outing plan finalize hua,weekend outing plan finalize hua friends ka,1.0,1.0,1.0
491,social,EN-HN-EN-EN-EN-HN-HN,3,3,"[1, 2, 3]",base_es,friends ka weekend outing plan finalize hua,finalize hua friends ka weekend outing plan,1.0,0.0,0.0
491,social,EN-HN-EN-EN-EN-HN-HN,3,3,"[1, 2, 3]",tf_es,weekend outing plan finalize hua friends ka,finalize hua friends ka weekend outing plan,1.0,0.0,0.0
492,social,EN-HN-EN-EN-EN-EN-HN-HN,3,4,"[1, 2, 3, 4]",base_tf,group chat ka message tone misunderstanding cause bana,message tone misunderstanding cause bana group chat ka,1.0,1.0,1.0
492,social,EN-HN-EN-EN-EN-EN-HN-HN,3,4,"[1, 2, 3, 4]",base_es,group chat ka message tone misunderstanding cause bana,misunderstanding cause bana group chat ka message tone,1.0,0.0,0.0
492,social,EN-HN-EN-EN-EN-EN-HN-HN,3,4,"[1, 2, 3, 4]",tf_es,message tone misunderstanding cause bana group chat ka,misunderstanding cause bana group chat ka message tone,1.0,0.0,0.0
493,social,EN-HN-EN-EN-EN-EN-HN,2,4,"[1, 2, 3, 4]",base_tf,event ka dress code informal mention tha,dress code informal mention tha event ka,1.0,1.0,1.0
493,social,EN-HN-EN-EN-EN-EN-HN,2,4,"[1, 2, 3, 4]",base_es,event ka dress code informal mention tha,informal mention tha event ka dress code,1.0,0.0,0.0
493,social,EN-HN-EN-EN-EN-EN-HN,2,4,"[1, 2, 3, 4]",tf_es,dress code informal mention tha event ka,informal mention tha event ka dress code,1.0,0.0,0.0
494,social,EN-HN-EN-EN-EN-HN,2,3,"[1, 2, 3]",base_tf,call ka audio delay awkward laga,audio delay awkward laga call ka,1.0,1.0,1.0
494,social,EN-HN-EN-EN-EN-HN,2,3,"[1, 2, 3]",base_es,call ka audio delay awkward laga,awkward laga call ka audio delay,1.0,0.0,0.0
494,social,EN-HN-EN-EN-EN-HN,2,3,"[1, 2, 3]",tf_es,audio delay awkward laga call ka,awkward laga call ka audio delay,1.0,0.0,0.0
495,social,EN-HN-EN-EN-EN-EN-HN,2,4,"[1, 2, 3, 4]",base_tf,conversation ka closure politely handle hua,closure politely handle hua conversation ka,1.0,1.0,1.0
495,social,EN-HN-EN-EN-EN-EN-HN,2,4,"[1, 2, 3, 4]",base_es,conversation ka closure politely handle hua,politely handle hua conversation ka closure,1.0,0.0,0.0
495,social,EN-HN-EN-EN-EN-EN-HN,2,4,"[1, 2, 3, 4]",tf_es,closure politely handle hua conversation ka,politely handle hua conversation ka closure,1.0,0.0,0.0
496,travel,EN-HN-EN-EN-EN-EN-HN-HN,3,4,"[1, 2, 3, 4]",base_tf,travel ka emergency contact list ready rakhna,emergency contact list ready rakhna travel ka,1.0,1.0,1.0
496,travel,EN-HN-EN-EN-EN-EN-HN-HN,3,4,"[1, 2, 3, 4]",base_es,travel ka emergency contact list ready rakhna,ready rakhna travel ka emergency contact list,1.0,1.0,1.0
496,travel,EN-HN-EN-EN-EN-EN-HN-HN,3,4,"[1, 2, 3, 4]",tf_es,emergency contact list ready rakhna travel ka,ready rakhna travel ka emergency contact list,1.0,1.0,1.0
497,travel,EN-HN-EN-EN-EN-EN-HN-HN,3,4,"[1, 2, 3, 4]",base_tf,journey ka luggage tag number mismatch nikla,luggage tag number mismatch nikla journey ka,1.0,1.0,1.0
497,travel,EN-HN-EN-EN-EN-EN-HN-HN,3,4,"[1, 2, 3, 4]",base_es,journey ka luggage tag number mismatch nikla,mismatch nikla journey ka luggage tag number,1.0,0.0,0.0
497,travel,EN-HN-EN-EN-EN-EN-HN-HN,3,4,"[1, 2, 3, 4]",tf_es,luggage tag number mismatch nikla journey ka,mismatch nikla journey ka luggage tag number,1.0,0.0,0.0
498,travel,EN-HN-EN-EN-EN-EN-HN,2,4,"[1, 2, 3, 4]",base_tf,airport ka security check process systematic laga,security check process systematic laga airport ka,1.0,1.0,1.0
498,travel,EN-HN-EN-EN-EN-EN-HN,2,4,"[1, 2, 3, 4]",base_es,airport ka security check process systematic laga,systematic laga airport ka security check process,1.0,0.0,0.0
498,travel,EN-HN-EN-EN-EN-EN-HN,2,4,"[1, 2, 3, 4]",tf_es,security check process systematic laga airport ka,systematic laga airport ka security check process,1.0,0.0,0.0
499,travel,EN-HN-EN-EN-EN-HN-HN,3,3,"[1, 2, 3]",base_tf,trip ka budget estimation accurate prove hua,budget estimation accurate prove hua trip ka,1.0,1.0,1.0
499,travel,EN-HN-EN-EN-EN-HN-HN,3,3,"[1, 2, 3]",base_es,trip ka budget estimation accurate prove hua,accurate prove hua trip ka budget estimation,1.0,0.0,0.0
499,travel,EN-HN-EN-EN-EN-HN-HN,3,3,"[1, 2, 3]",tf_es,budget estimation accurate prove hua trip ka,accurate prove hua trip ka budget estimation,1.0,0.0,0.0
500,travel,EN-HN-EN-EN-EN-HN-HN-HN,4,3,"[1, 2, 3]",base_tf,travel ka post trip survey short aur simple tha,post trip survey short aur simple tha travel ka,1.0,1.0,1.0
500,travel,EN-HN-EN-EN-EN-HN-HN-HN,4,3,"[1, 2, 3]",base_es,travel ka post trip survey short aur simple tha,short aur simple tha travel ka post trip survey,1.0,0.0,0.0
500,travel,EN-HN-EN-EN-EN-HN-HN-HN,4,3,"[1, 2, 3]",tf_es,post trip survey short aur simple tha travel ka,short aur simple tha travel ka post trip survey,1.0,0.0,0.0
