id,domain,base,variant_topic_fronting,variant_emphasis_shift,reference_en,bleu_base_vs_topic,bleu_base_vs_emph,bertscore_base_vs_topic,bertscore_base_vs_emph,comet_base_vs_topic,comet_base_vs_emph
1,travel,train kaha tak jati hai,kaha tak jati hai train,jati hai kaha tak train,where does the train go,0.7071067811865478,0.31947155212313627,0.9564555287361145,0.9232209920883179,,
2,travel,bus timing check karna hai,timing check karna hai bus ka,check karna hai bus ka timing,just need to check the timing,0.537284965911771,0.3432945239845197,0.9436590671539307,0.9266716837882996,,
3,travel,station ke paas taxi available hai kya,taxi available hai kya station ke paas,available hai kya station ke paas taxi,Are taxis available near the station?,0.5946035575013604,0.5946035575013604,0.9394731521606445,0.9332666397094727,,
4,travel,flight ka boarding pass print karwana hai,boarding pass print karwana hai flight ka,print karwana hai flight ka boarding pass,Have to print flight boarding pass,0.7071067811865478,0.5946035575013604,0.9528347849845886,0.9471369981765747,,
5,travel,auto ka meter on karlo please,meter on karlo please auto ka,on karlo auto ka meter please,auto ka meter on karlo please,0.6042750794713535,0.39763536438352537,0.9317399859428406,0.9431870579719543,,
6,travel,highway pe speed limit follow karo,speed limit follow karo highway pe,follow karo highway pe speed limit,highway pe speed limit follow karo,0.6042750794713535,0.6042750794713535,0.8849360942840576,0.9442533254623413,,
7,travel,luggage ka weight check ho gaya kya,weight check ho gaya kya luggage ka,check ho gaya kya luggage ka weight,Has the weight of the luggage been checked?,0.7071067811865478,0.5946035575013604,0.9388403296470642,0.9403265714645386,,
8,travel,train platform number change ho gaya,platform number change ho gaya train ka,change ho gaya train ka platform number,train platform number changed,0.6434588841607617,0.32172944208038085,0.9348847270011902,0.9103718996047974,,
9,travel,flight delay ka reason bata sakte ho,reason bata sakte ho flight delay ka,bata sakte ho flight delay ka reason,Can you tell the reason for the flight delay?,0.5946035575013604,0.5946035575013604,0.9409776926040649,0.9308688044548035,,
10,travel,ticket ka refund online mil jayega kya,refund online mil jayega kya ticket ka,mil jayega online refund ticket ka kya,Will I get ticket refund online?,0.7071067811865478,0.2136435031981171,0.9477259516716003,0.9359385967254639,,
11,food,pizza ka order cancel karna padega,order cancel karna padega pizza ka,cancel karna padega pizza ka order,Pizza order will have to be canceled,0.6042750794713535,0.5081327481546147,0.9302153587341309,0.929928183555603,,
12,food,chai me extra sugar add kar do,extra sugar add kar do chai me,add kar do chai me extra sugar,add extra sugar to tea,0.7071067811865478,0.5946035575013604,0.9146464467048645,0.9222251176834106,,
13,food,pasta thoda spicy bana dena,thoda spicy bana dena pasta,spicy bana dena pasta thoda,make pasta a little spicy,0.7071067811865478,0.49999999999999994,0.9151629209518433,0.9249078035354614,,
14,food,juice ka bill pay kar diya kya,bill pay kar diya kya juice ka,pay kar diya juice ka bill kya,Have you paid the juice bill?,0.7071067811865478,0.4272870063962342,0.9472333192825317,0.9485118389129639,,
15,food,biryani me raita include hota hai kya,raita include hota hai kya biryani me,include hota hai biryani me raita kya,Is raita included in biryani?,0.7071067811865478,0.4272870063962342,0.932643473148346,0.9489545226097107,,
16,food,cold coffee thodi kam sweet chahiye,kam sweet chahiye cold coffee thodi,chahiye cold coffee thodi kam sweet,Cold coffee should be a little less sweet,0.5081327481546147,0.7952707287670507,0.9330073595046997,0.9162827730178833,,
17,food,burger ke andar cheese extra daalna,cheese extra daalna burger ke andar,daalna cheese extra burger ke andar,putting extra cheese inside the burger,0.5081327481546147,0.39763536438352537,0.9405021667480469,0.9148017764091492,,
18,food,pani ka bottle cold hai kya,bottle cold hai kya pani ka,cold hai pani ka bottle kya,Is the water bottle cold?,0.6042750794713535,0.39763536438352537,0.9218623042106628,0.9320583939552307,,
19,food,dosa ka chutney thoda aur milega,chutney thoda aur milega dosa ka,milega dosa ka chutney thoda aur,You will get a little more chutney for dosa.,0.6042750794713535,0.7952707287670507,0.9170833826065063,0.9482734799385071,,
20,food,coffee ka order ready ho gaya,order ready ho gaya coffee ka,ready ho gaya coffee ka order,Coffee order is ready,0.6042750794713535,0.5081327481546147,0.9355902671813965,0.932023823261261,,
21,shopping,shirt ka size medium available hai,size medium available hai shirt ka,available hai shirt ka size medium,shirt ka size medium available hai,0.6042750794713535,0.6042750794713535,0.9319215416908264,0.9240133762359619,,
22,shopping,jeans ka rate thoda kam karo,rate thoda kam karo jeans ka,kam karo jeans ka rate thoda,reduce the price of jeans a little,0.6042750794713535,0.6042750794713535,0.9475831985473633,0.9359775185585022,,
23,shopping,shoes ka color black chahiye,color black chahiye shoes ka,chahiye shoes ka color black,The color of shoes should be black,0.49999999999999994,0.7071067811865478,0.9121736288070679,0.9109615087509155,,
24,shopping,bag me laptop fit ho jayega kya,laptop fit ho jayega kya bag me,fit ho jayega bag me laptop kya,Will the laptop fit in the bag?,0.7071067811865478,0.4272870063962342,0.9483587145805359,0.9192078709602356,,
25,shopping,discount coupon apply kar diya kya,coupon apply kar diya kya discount,apply kar diya discount coupon kya,Have you applied the discount coupon?,0.7952707287670507,0.39763536438352537,0.9665236473083496,0.9506060481071472,,
26,shopping,product ki quality check karni hai,quality check karni hai product ki,check karni hai product ki quality,Have to check the quality of the product,0.6042750794713535,0.5081327481546147,0.9362474083900452,0.9393364191055298,,
27,shopping,delivery ka status update aaya kya,status update aaya kya delivery ka,aaya kya delivery ka status update,Has the delivery status been updated?,0.6042750794713535,0.6042750794713535,0.9455338716506958,0.9130021333694458,,
28,shopping,bill me GST include hai kya,GST include hai kya bill me,include hai bill me GST kya,Is patrol included in the bill?,0.6042750794713535,0.39763536438352537,0.9354225397109985,0.9418761134147644,,
29,shopping,packing thodi strong kar dena,strong kar dena packing thodi,kar dena packing thodi strong,make the packing a little stronger,0.49999999999999994,0.49999999999999994,0.9415573477745056,0.9326193332672119,,
30,shopping,price list display nahi hui,display nahi hui price list,nahi hui price list display,price list display nahi hui,0.49999999999999994,0.49999999999999994,0.933673083782196,0.921886146068573,,
31,social,meeting ka link send kar do,link send kar do meeting ka,send kar do meeting ka link,send the meeting link,0.6042750794713535,0.5081327481546147,0.933687686920166,0.9249972701072693,,
32,social,party ka plan final hua kya,plan final hua kya party ka,final hua party ka plan kya,Is the party plan finalized?,0.6042750794713535,0.39763536438352537,0.9379435181617737,0.9498812556266785,,
33,social,message ka reply kyun nahi diya,reply kyun nahi diya message ka,kyun nahi diya message ka reply,Why did you not reply to the message?,0.6042750794713535,0.5081327481546147,0.9543003439903259,0.9338600635528564,,
34,social,call ka network issue ho raha,network issue ho raha call ka,ho raha call ka network issue,There is a call network issue,0.6042750794713535,0.6042750794713535,0.9344998002052307,0.9313796758651733,,
35,social,photo ka background change kar dena,background change kar dena photo ka,change kar dena photo ka background,background change.,0.6042750794713535,0.5081327481546147,0.9461073279380798,0.934938371181488,,
36,social,plan ka update batao jaldi,update batao jaldi plan ka,batao plan ka update jaldi,Please update your plan soon,0.49999999999999994,0.45180100180492244,0.9310967922210693,0.9261156916618347,,
37,social,time ka reminder lagana padega,reminder lagana padega time ka,lagana padega time ka reminder,You will have to set a time reminder,0.49999999999999994,0.49999999999999994,0.9392226338386536,0.915343701839447,,
38,social,friends ka group active nahi hai,group active nahi hai friends ka,active nahi hai friends ka group,Friends group is not active,0.6042750794713535,0.5081327481546147,0.9474613070487976,0.9402178525924683,,
39,social,birthday ka gift decide nahi hua,gift decide nahi hua birthday ka,decide nahi hua birthday ka gift,Birthday gift deed not done,0.6042750794713535,0.5081327481546147,0.9322716593742371,0.9381927847862244,,
40,social,plan me thoda change karna hoga,change karna hoga plan me thoda,karna hoga plan me thoda change,The plan will have to be changed a bit,0.5081327481546147,0.6042750794713535,0.9188939929008484,0.9120512008666992,,
41,work,report ka draft send karna hai,draft send karna hai report ka,send karna hai report ka draft,Draft report to be sent,0.6042750794713535,0.5081327481546147,0.942769467830658,0.9378349781036377,,
42,work,meeting ka agenda update karo,agenda update karo meeting ka,update karo meeting ka agenda,update meeting agenda,0.49999999999999994,0.49999999999999994,0.9266400933265686,0.9263900518417358,,
43,work,file ka backup rakh lena,backup rakh lena file ka,rakh lena file ka backup,back up files,0.49999999999999994,0.49999999999999994,0.939608633518219,0.9234427213668823,,
44,work,email ka attachment open nahi ho raha,attachment open nahi ho raha email ka,open nahi ho raha email ka attachment,Email attachments are not opening,0.7071067811865478,0.5946035575013604,0.9525651931762695,0.9422539472579956,,
45,work,task ka status confirm karna,status confirm karna task ka,confirm karna task ka status,Confirming task status,0.49999999999999994,0.49999999999999994,0.9278490543365479,0.9249919652938843,,
46,work,project ka timeline tight ho gaya,timeline tight ho gaya project ka,tight ho gaya project ka timeline,Project timeline became tight,0.6042750794713535,0.5081327481546147,0.9486567378044128,0.9418479204177856,,
47,work,laptop ka charger missing hai,charger missing hai laptop ka,missing hai laptop ka charger,Laptop charger is missing,0.49999999999999994,0.49999999999999994,0.923615574836731,0.916465699672699,,
48,work,code me error aa raha hai,error aa raha hai code me,aa raha hai code me error,There is an error in the code,0.6042750794713535,0.5081327481546147,0.9468466639518738,0.9396789073944092,,
49,work,work ka deadline kal hai,deadline kal hai work ka,kal hai work ka deadline,work deadline is tomorrow,0.49999999999999994,0.49999999999999994,0.924461305141449,0.9151141047477722,,
50,work,meeting ka link wrong tha,link wrong tha meeting ka,wrong tha meeting ka link,meeting ka link wrong tha,0.49999999999999994,0.49999999999999994,0.9079605937004089,0.8919942378997803,,
51,education,homework ka topic explain kar do,topic explain kar do homework ka,explain kar do homework ka topic,Explain the topic of homework,0.6042750794713535,0.5081327481546147,0.9219692945480347,0.9254497289657593,,
52,education,class ka schedule change ho gaya,schedule change ho gaya class ka,change ho gaya class ka schedule,class schedule changed,0.6042750794713535,0.5081327481546147,0.9432260394096375,0.9432313442230225,,
53,education,exam ka syllabus confirm karna hai,syllabus confirm karna hai exam ka,confirm karna hai exam ka syllabus,Exam syllabus to be confirmed,0.6042750794713535,0.5081327481546147,0.9326476454734802,0.9402925968170166,,
54,education,notes ka PDF share kar dena,PDF share kar dena notes ka,share kar dena notes ka PDF,share pdf of notes,0.6042750794713535,0.5081327481546147,0.9223612546920776,0.9281817674636841,,
55,education,lecture ka recording upload hua kya,recording upload hua kya lecture ka,upload hua lecture ka recording kya,Has the lecture recording been uploaded?,0.6042750794713535,0.39763536438352537,0.9413143992424011,0.9435142874717712,,
56,education,assignment ka deadline extend hoga,deadline extend hoga assignment ka,extend hoga assignment ka deadline,Assignment deadline will be extended,0.49999999999999994,0.49999999999999994,0.9279544353485107,0.9336561560630798,,
57,education,project ka topic finalize karte hain,topic finalize karte hain project ka,finalize karte hain project ka topic,Let's finalize the topic of the project,0.6042750794713535,0.5081327481546147,0.9468992948532104,0.9202085137367249,,
58,education,book ka chapter difficult lag raha,chapter difficult lag raha book ka,lag raha book ka chapter difficult,book ka chapter difficult lag raha,0.6042750794713535,0.6042750794713535,0.9478029012680054,0.9394345879554749,,
59,education,attendance ka criteria kya hai,criteria kya hai attendance ka,kya hai attendance ka criteria,What is the criteria for attendance?,0.49999999999999994,0.49999999999999994,0.933997392654419,0.9254468083381653,,
60,education,test ka result kab aayega,result kab aayega test ka,kab aayega test ka result,When will the test results come?,0.49999999999999994,0.49999999999999994,0.94517582654953,0.9346866607666016,,
61,household,room ka light off kar do,light off kar do room ka,off kar do room ka light,room ka light off kar do,0.6042750794713535,0.5081327481546147,0.9228359460830688,0.9252788424491882,,
62,household,kitchen ka slab clean karna hai,slab clean karna hai kitchen ka,clean karna hai kitchen ka slab,clean the clean ka karna.,0.6042750794713535,0.5081327481546147,0.9422814846038818,0.9338366985321045,,
63,household,fan ka speed increase kar do,speed increase kar do fan ka,increase kar do fan ka speed,fan ka speed increase kar do,0.6042750794713535,0.5081327481546147,0.940568745136261,0.936582624912262,,
64,household,bottle ka water fill kar do,water fill kar do bottle ka,fill kar do bottle ka water,can,0.6042750794713535,0.5081327481546147,0.9378569722175598,0.9315821528434753,,
65,household,AC ka temperature kam kar do,temperature kam kar do AC ka,kam kar do AC ka temperature,Clacing its culture,0.6042750794713535,0.5081327481546147,0.9451512694358826,0.9333048462867737,,
66,household,gate ka lock lagana mat bhoolna,lock lagana mat bhoolna gate ka,lagana mat bhoolna gate ka lock,Don't forget to lock the gate,0.6042750794713535,0.5081327481546147,0.956630527973175,0.9354842305183411,,
67,household,table ka cover change kar dena,cover change kar dena table ka,change kar dena table ka cover,change the table cover,0.6042750794713535,0.5081327481546147,0.9432666897773743,0.9350454211235046,,
68,household,clothes ka ironing karna hai,ironing karna hai clothes ka,karna hai clothes ka ironing,Irving of clothes is to be done,0.49999999999999994,0.49999999999999994,0.91607666015625,0.917533278465271,,
69,household,fridge ka door properly close karo,door properly close karo fridge ka,close karo fridge ka door properly,fridge ka door properly close karo,0.6042750794713535,0.6042750794713535,0.9379042387008667,0.9223807454109192,,
70,household,milk ka packet fridge me rakhna,packet fridge me rakhna milk ka,rakhna milk ka packet fridge me,keep milk packet in fridge,0.6042750794713535,0.7952707287670507,0.9432212114334106,0.8872369527816772,,
71,digital,phone ka storage full ho gaya,storage full ho gaya phone ka,full ho gaya phone ka storage,phone storage full,0.6042750794713535,0.5081327481546147,0.9387803673744202,0.9346583485603333,,
72,digital,app ka update install karna hai,update install karna hai app ka,install karna hai app ka update,Need to install an app update,0.6042750794713535,0.5081327481546147,0.9481185078620911,0.9414109587669373,,
73,digital,password ka reset option nahi mil raha,reset option nahi mil raha password ka,nahi mil raha password ka reset option,Can't find password reset option,0.7071067811865478,0.5946035575013604,0.9444435238838196,0.9307467341423035,,
74,digital,WiFi ka signal weak lag raha,signal weak lag raha WiFi ka,lag raha WiFi ka signal weak,Signal is a sign.,0.6042750794713535,0.6042750794713535,0.9492060542106628,0.9356412291526794,,
75,digital,phone ka hotspot on kar do,hotspot on kar do phone ka,on kar do phone ka hotspot,phone the hotspot on your phone,0.6042750794713535,0.5081327481546147,0.9241884350776672,0.9441381096839905,,
76,digital,laptop ka update pending hai,update pending hai laptop ka,pending hai laptop ka update,Laptop update is pending,0.49999999999999994,0.49999999999999994,0.911176860332489,0.9140110015869141,,
77,digital,screen ka brightness kam kar do,brightness kam kar do screen ka,kam kar do screen ka brightness,screen,0.6042750794713535,0.5081327481546147,0.9478601813316345,0.9366729855537415,,
78,digital,mic ka input detect nahi ho raha,input detect nahi ho raha mic ka,detect nahi ho raha mic ka input,Mitch's input not being detected,0.7071067811865478,0.5946035575013604,0.9434060454368591,0.9506125450134277,,
79,digital,speaker ka volume low hai,volume low hai speaker ka,low hai speaker ka volume,Speaker is speaker,0.49999999999999994,0.49999999999999994,0.9231206774711609,0.9186257123947144,,
80,digital,battery ka percentage kam ho raha,percentage kam ho raha battery ka,kam ho raha battery ka percentage,Battery percentage is decreasing,0.6042750794713535,0.5081327481546147,0.9476694464683533,0.9357098340988159,,
81,health,medicine ka dose kab lena hai,dose kab lena hai medicine ka,kab lena hai medicine ka dose,When to take medicine doses,0.6042750794713535,0.5081327481546147,0.9421761631965637,0.9390870332717896,,
82,health,doctor ka appointment confirm hua,appointment confirm hua doctor ka,confirm hua doctor ka appointment,doctor ka appointment confirm hua,0.49999999999999994,0.49999999999999994,0.933997392654419,0.9198650121688843,,
83,health,fever ka temperature check karo,temperature check karo fever ka,check karo fever ka temperature,"You have a fever, check your temperature",0.49999999999999994,0.49999999999999994,0.9333162307739258,0.9288191199302673,,
84,health,syrup ka spoon measure karna,spoon measure karna syrup ka,measure karna syrup ka spoon,spoon masher syrup,0.49999999999999994,0.49999999999999994,0.9204745888710022,0.925460159778595,,
85,health,prescription ka photo send kar do,photo send kar do prescription ka,send kar do prescription ka photo,send photo of prescription,0.6042750794713535,0.5081327481546147,0.9292965531349182,0.9230287671089172,,
86,health,pain ka reason samajh nahi aa raha,reason samajh nahi aa raha pain ka,samajh nahi aa raha pain ka reason,I don't understand the reason for the question.,0.7071067811865478,0.5946035575013604,0.9508392810821533,0.9334529042243958,,
87,health,BP ka reading high aa gaya,reading high aa gaya BP ka,high aa gaya BP ka reading,blood pressure reading is high,0.6042750794713535,0.5081327481546147,0.9115241169929504,0.9131149053573608,,
88,health,tablet ka effect slow hai,effect slow hai tablet ka,slow hai tablet ka effect,tablet ka effect slow hai,0.49999999999999994,0.49999999999999994,0.9234832525253296,0.9244866967201233,,
89,health,sugar ka test fasting me hota hai,test fasting me hota hai sugar ka,fasting me hota hai sugar ka test,Sugar is tested while fasting,0.7071067811865478,0.5946035575013604,0.9495063424110413,0.948209822177887,,
90,health,doctor ka clinic kis time open hota,clinic kis time open hota doctor ka,kis time open hota doctor ka clinic,What time is the doctor's clinic open?,0.7071067811865478,0.5946035575013604,0.9448966383934021,0.9287983775138855,,
91,transport,bus stop ka route map dikhana,route map dikhana bus stop ka,dikhana bus stop ka route map,show bus stop route map,0.5081327481546147,0.7952707287670507,0.9319283962249756,0.9179976582527161,,
92,transport,cab ka OTP enter kar do,OTP enter kar do cab ka,enter kar do cab ka OTP,enter cab number,0.6042750794713535,0.5081327481546147,0.917076826095581,0.9287039041519165,,
93,transport,road ka traffic heavy lag raha,traffic heavy lag raha road ka,lag raha road ka traffic heavy,road ka traffic heavy lag raha,0.6042750794713535,0.6042750794713535,0.9408533573150635,0.9359344244003296,,
94,transport,signal ka light green ho gaya,light green ho gaya signal ka,ho gaya signal ka light green,signal light turns green,0.6042750794713535,0.6042750794713535,0.9366113543510437,0.9238840937614441,,
95,transport,metro ka gate kis side hoga,gate kis side hoga metro ka,kis side hoga metro ka gate,Which side will the metro gate be on?,0.6042750794713535,0.5081327481546147,0.9447827935218811,0.9342437386512756,,
96,transport,cab ka driver close aa raha,driver close aa raha cab ka,aa raha cab ka driver close,cab driver coming close,0.6042750794713535,0.6042750794713535,0.9429417252540588,0.9296212196350098,,
97,transport,parking ka ticket lose mat karna,ticket lose mat karna parking ka,lose mat karna parking ka ticket,Don't lose your parking ticket.,0.6042750794713535,0.5081327481546147,0.9379040598869324,0.9315212368965149,,
98,transport,petrol ka price phir badh gaya,price phir badh gaya petrol ka,badh gaya petrol ka price phir,Petrol price increased again,0.6042750794713535,0.6042750794713535,0.9397277235984802,0.9197739958763123,,
99,transport,bike ka tyre flat ho gaya,tyre flat ho gaya bike ka,flat ho gaya bike ka tyre,bike tire went flat,0.6042750794713535,0.5081327481546147,0.9368671774864197,0.9369232654571533,,
100,transport,rickshaw ka turn galat lag raha,turn galat lag raha rickshaw ka,lag raha rickshaw ka turn galat,stalk,0.6042750794713535,0.6042750794713535,0.9212056398391724,0.9289725422859192,,
101,travel,train ka AC coach available hai kya,AC coach available hai kya train ka,available hai kya train ka AC coach,Is a train coach available?,0.7071067811865478,0.5946035575013604,0.9487820863723755,0.9334102272987366,,
102,travel,bus ka last stop kaha aata hai,last stop kaha aata hai bus ka,kaha aata hai bus ka last stop,Where is the last stop of the bus?,0.7071067811865478,0.5946035575013604,0.947717010974884,0.9320072531700134,,
103,travel,flight ka gate number announce hua,gate number announce hua flight ka,announce hua flight ka gate number,flight in gate number announce.,0.6042750794713535,0.6042750794713535,0.9245752692222595,0.9354634284973145,,
104,travel,cab ka pickup location change ho gaya,pickup location change ho gaya cab ka,change ho gaya cab ka pickup location,Cab's pichkoop location changed,0.7071067811865478,0.5946035575013604,0.9495173096656799,0.9379765391349792,,
105,travel,platform ka lift kaam nahi kar raha,lift kaam nahi kar raha platform ka,kaam nahi kar raha platform ka lift,platform lift not working,0.7071067811865478,0.5946035575013604,0.950079619884491,0.9359453320503235,,
106,food,restaurant ka waiting time zyada hai,waiting time zyada hai restaurant ka,zyada hai restaurant ka waiting time,Restaurant waiting time is long,0.6042750794713535,0.6042750794713535,0.9388335347175598,0.9157383441925049,,
107,food,starter ka portion thoda chhota hai,portion thoda chhota hai starter ka,thoda chhota hai starter ka portion,The starter portion is a bit small,0.6042750794713535,0.5081327481546147,0.9563870429992676,0.9431477189064026,,
108,food,menu ka digital version available hai,digital version available hai menu ka,available hai menu ka digital version,Digital version of menu available,0.6042750794713535,0.6042750794713535,0.9299794435501099,0.9237374067306519,,
109,food,dessert ka sugar level kam rakho,sugar level kam rakho dessert ka,kam rakho dessert ka sugar level,Keep the sugar level of dessert low,0.6042750794713535,0.6042750794713535,0.9353210926055908,0.9267584085464478,,
110,shopping,online order ka packing loose tha,packing loose tha online order ka,loose tha online order ka packing,online order ka packing loose tha,0.5081327481546147,0.6042750794713535,0.90218585729599,0.9227336645126343,,
111,shopping,wallet ka zip properly band nahi hua,zip properly band nahi hua wallet ka,band nahi hua wallet ka zip properly,Wallet zip lock not closed properly,0.7071067811865478,0.5946035575013604,0.9411419630050659,0.9303118586540222,,
112,shopping,online sale ka notification miss ho gaya,sale ka notification miss ho gaya online,miss ho gaya online sale ka notification,Missed online sale notification,0.8408964152537145,0.5946035575013604,0.9615706205368042,0.9393051266670227,,
113,shopping,payment ka transaction failed dikha raha,transaction failed dikha raha payment ka,failed dikha raha payment ka transaction,Payment transaction failure is showing,0.6042750794713535,0.5081327481546147,0.9559597969055176,0.9494690299034119,,
114,work,meeting ka room number update hua,room number update hua meeting ka,update hua meeting ka room number,meeting ka room number update hua,0.6042750794713535,0.6042750794713535,0.9214401245117188,0.9282606840133667,,
115,work,client ka feedback positive aa raha,feedback positive aa raha client ka,positive aa raha client ka feedback,Client feedback is coming positive,0.6042750794713535,0.5081327481546147,0.9415724277496338,0.9349216818809509,,
116,work,presentation ka slide order change karo,slide order change karo presentation ka,change karo presentation ka slide order,presentation ka slide order change karo,0.6042750794713535,0.6042750794713535,0.9348641037940979,0.9230995774269104,,
117,work,office ka printer jam ho gaya,printer jam ho gaya office ka,jam ho gaya office ka printer,office printer jammed,0.6042750794713535,0.5081327481546147,0.9508137106895447,0.9406769871711731,,
118,education,lecture ka audio clearly sunai nahi de raha,audio clearly sunai nahi de raha lecture ka,sunai nahi de raha lecture ka audio clearly,Audio of lecture is not heard clearly,0.7652058832556893,0.6914415692838819,0.9450640678405762,0.9287349581718445,,
119,education,assignment ka format properly follow karo,format properly follow karo assignment ka,follow karo assignment ka format properly,assignment ka format properly follow karo,0.6042750794713535,0.6042750794713535,0.9362114667892456,0.9295718669891357,,
120,education,exam ka seating arrangement change hua,seating arrangement change hua exam ka,change hua exam ka seating arrangement,exam and seating arrangement change result,0.6042750794713535,0.6042750794713535,0.9282388091087341,0.934978723526001,,
121,education,library ka reading room silent hona chahiye,reading room silent hona chahiye library ka,silent hona chahiye library ka reading room,Library reading rooms should be silent,0.7071067811865478,0.5946035575013604,0.946208119392395,0.9486376047134399,,
122,education,notes ka handwriting samajh nahi aa raha,handwriting samajh nahi aa raha notes ka,samajh nahi aa raha notes ka handwriting,Can't understand the handwriting of the notes,0.7071067811865478,0.5946035575013604,0.9621793627738953,0.9291935563087463,,
123,education,online class ka attendance mark hua,attendance mark hua online class ka,mark hua online class ka attendance,online class ka attendance mark hua,0.5081327481546147,0.6042750794713535,0.9030903577804565,0.9249320030212402,,
124,education,teacher ka feedback useful laga,feedback useful laga teacher ka,useful laga teacher ka feedback,"You are a teacher, feedback is useful",0.49999999999999994,0.49999999999999994,0.9193792939186096,0.9286327958106995,,
125,education,exam ka paper lengthy tha,paper lengthy tha exam ka,lengthy tha exam ka paper,examination,0.49999999999999994,0.49999999999999994,0.9161964058876038,0.9078970551490784,,
126,education,hostel ka wifi slow chal raha,wifi slow chal raha hostel ka,slow chal raha hostel ka wifi,Hostel wifi is slow,0.6042750794713535,0.5081327481546147,0.9108249545097351,0.9103103876113892,,
127,education,canteen ka menu update hua,menu update hua canteen ka,update hua canteen ka menu,Canteen menu updated,0.49999999999999994,0.49999999999999994,0.9209157228469849,0.898848295211792,,
128,education,assignment ka plagiarism check hua,plagiarism check hua assignment ka,check hua assignment ka plagiarism,assignment ka plagiarism check hua,0.49999999999999994,0.49999999999999994,0.8959886431694031,0.9133114218711853,,
129,education,class ka projector kaam nahi kar raha,projector kaam nahi kar raha class ka,kaam nahi kar raha class ka projector,class projector not working,0.7071067811865478,0.5946035575013604,0.9538070559501648,0.9407447576522827,,
130,education,syllabus ka revision plan bana lete hain,revision plan bana lete hain syllabus ka,bana lete hain syllabus ka revision plan,Make a revision plan for the syllabus,0.7071067811865478,0.5946035575013604,0.932208240032196,0.9280296564102173,,
131,household,room ka fan noise kar raha,fan noise kar raha room ka,noise kar raha room ka fan,The room fan is making noise,0.6042750794713535,0.5081327481546147,0.9377844333648682,0.9301578402519226,,
132,household,bathroom ka geyser warm nahi ho raha,geyser warm nahi ho raha bathroom ka,warm nahi ho raha bathroom ka geyser,Bathroom geyser is not getting warm,0.7071067811865478,0.5946035575013604,0.9269513487815857,0.9460873007774353,,
133,household,washing machine ka timer set karo,timer set karo washing machine ka,set karo washing machine ka timer,you have a washing machine with a timer set,0.5081327481546147,0.6042750794713535,0.9258047938346863,0.9182245135307312,,
134,household,balcony ka door properly band karo,door properly band karo balcony ka,band karo balcony ka door properly,ballo,0.6042750794713535,0.6042750794713535,0.9324407577514648,0.90357905626297,,
135,household,gas cylinder ka refill book kar do,refill book kar do gas cylinder ka,book kar do gas cylinder ka refill,gas cylinder ka refill book kar do,0.5946035575013604,0.5946035575013604,0.928399384021759,0.9330233931541443,,
136,household,clock ka alarm disable kar dena,alarm disable kar dena clock ka,disable kar dena clock ka alarm,Disable clock alarm,0.6042750794713535,0.5081327481546147,0.9501417279243469,0.9427492618560791,,
137,household,bed ka sheet wash karna reh gaya,sheet wash karna reh gaya bed ka,wash karna reh gaya bed ka sheet,B.Ed's sheets are left to wash,0.7071067811865478,0.5946035575013604,0.9490312933921814,0.9482540488243103,,
138,household,doorbell ka sound low lag raha,sound low lag raha doorbell ka,low lag raha doorbell ka sound,doorbell ka sound low lag raha,0.6042750794713535,0.5081327481546147,0.9158127903938293,0.9215123057365417,,
139,household,sofa ka cushion replace karna padega,cushion replace karna padega sofa ka,replace karna padega sofa ka cushion,sofa cushions need to be replaced,0.6042750794713535,0.5081327481546147,0.9475753903388977,0.943773090839386,,
140,household,table ka leg loose ho gaya,leg loose ho gaya table ka,loose ho gaya table ka leg,table with a loose leg to grind,0.6042750794713535,0.5081327481546147,0.9302777647972107,0.9216504096984863,,
141,digital,app ka login error baar baar aa raha,login error baar baar aa raha app ka,baar baar aa raha app ka login error,App login error keeps coming again and again,0.7652058832556893,0.6914415692838819,0.9542616605758667,0.9345279932022095,,
142,digital,phone ka camera focus nahi kar raha,camera focus nahi kar raha phone ka,focus nahi kar raha phone ka camera,phone camera not focusing,0.7071067811865478,0.5946035575013604,0.9504610896110535,0.9446991682052612,,
143,digital,system ka update automatically install hua,update automatically install hua system ka,automatically install hua system ka update,system ka update automatically install hua,0.6042750794713535,0.5081327481546147,0.9391459226608276,0.9236619472503662,,
144,digital,email ka spam filter strict ho gaya,spam filter strict ho gaya email ka,strict ho gaya email ka spam filter,Email spam filter becomes stricter,0.7071067811865478,0.5946035575013604,0.953134298324585,0.9498284459114075,,
145,digital,browser ka cache clear kar do,cache clear kar do browser ka,clear kar do browser ka cache,clear browser cache,0.6042750794713535,0.5081327481546147,0.9371570944786072,0.9381935000419617,,
146,digital,phone ka screen protector crack ho gaya,screen protector crack ho gaya phone ka,crack ho gaya phone ka screen protector,The phone's screen protector is cracked,0.7071067811865478,0.5946035575013604,0.9349781274795532,0.9413532614707947,,
147,digital,notification ka sound customize karna hai,sound customize karna hai notification ka,customize karna hai notification ka sound,Want to customize notification sound?,0.6042750794713535,0.5081327481546147,0.9394974112510681,0.9405133128166199,,
148,digital,video call ka audio delay ho raha,audio delay ho raha video call ka,delay ho raha video call ka audio,Audio of video call is getting delayed,0.5946035575013604,0.5946035575013604,0.9457119703292847,0.9304773211479187,,
149,digital,cloud ka backup incomplete dikh raha,backup incomplete dikh raha cloud ka,incomplete dikh raha cloud ka backup,Cloud backup appears incomplete,0.6042750794713535,0.5081327481546147,0.9415120482444763,0.9397473335266113,,
150,digital,server ka response time slow hai,response time slow hai server ka,slow hai server ka response time,server ka response time slow hai,0.6042750794713535,0.6042750794713535,0.9247375726699829,0.931465744972229,,
151,health,doctor ka advice follow karna zaroori,advice follow karna zaroori doctor ka,follow karna zaroori doctor ka advice,It is important to follow doctor's advice,0.6042750794713535,0.5081327481546147,0.9489098191261292,0.9473572373390198,,
152,health,medicine ka side effect notice hua,side effect notice hua medicine ka,notice hua medicine ka side effect,medicine ka side effect notice hua,0.6042750794713535,0.6042750794713535,0.9185283780097961,0.9297401309013367,,
153,health,blood test ka report normal aaya,report normal aaya blood test ka,normal aaya blood test ka report,Blood test report came back normal,0.5081327481546147,0.6042750794713535,0.9326470494270325,0.9266598224639893,,
154,health,clinic ka waiting area crowded tha,waiting area crowded tha clinic ka,crowded tha clinic ka waiting area,clinic ka waiting area crowded tha,0.6042750794713535,0.6042750794713535,0.9036470055580139,0.9256025552749634,,
155,health,injection ka pain thoda zyada laga,pain thoda zyada laga injection ka,zyada laga injection ka pain thoda,the amount of injection was a little too much,0.6042750794713535,0.6042750794713535,0.9566793441772461,0.8757864236831665,,
156,health,diet ka chart strictly follow karo,chart strictly follow karo diet ka,follow karo diet ka chart strictly,diet ka chart strictly follow karo,0.6042750794713535,0.6042750794713535,0.9292418360710144,0.9050348997116089,,
157,health,hospital ka emergency ward full hai,emergency ward full hai hospital ka,full hai hospital ka emergency ward,hospital ka emergency ward full hai,0.6042750794713535,0.6042750794713535,0.9388450980186462,0.9329317808151245,,
158,health,tablet ka dosage change hua,dosage change hua tablet ka,change hua tablet ka dosage,dosage of tablet changed,0.49999999999999994,0.49999999999999994,0.933352530002594,0.9292515516281128,,
159,health,physiotherapy ka session cancel hua,session cancel hua physiotherapy ka,cancel hua physiotherapy ka session,physiotherapy ka session cancel hua,0.49999999999999994,0.49999999999999994,0.9164196252822876,0.9189963340759277,,
160,health,vaccination ka slot reschedule karna,slot reschedule karna vaccination ka,reschedule karna vaccination ka slot,vaccination ka slot reschedule karna,0.49999999999999994,0.49999999999999994,0.9284994602203369,0.9156668186187744,,
161,work,office ka access card gum ho gaya,access card gum ho gaya office ka,gum ho gaya office ka access card,office access card lost,0.7071067811865478,0.5946035575013604,0.9441738128662109,0.944168746471405,,
162,work,team ka performance review acha raha,performance review acha raha team ka,acha raha team ka performance review,team ka performance review acha raha,0.6042750794713535,0.6042750794713535,0.9405387043952942,0.9256142377853394,,
163,work,client ka call late aaya,call late aaya client ka,late aaya client ka call,Client's call came late,0.49999999999999994,0.49999999999999994,0.9225000143051147,0.9236584305763245,,
164,work,proposal ka budget revise karna hoga,budget revise karna hoga proposal ka,revise karna hoga proposal ka budget,The budget of the proposal will have to be revised,0.6042750794713535,0.5081327481546147,0.9432873129844666,0.943966269493103,,
165,work,deadline ka pressure zyada ho raha,pressure zyada ho raha deadline ka,zyada ho raha deadline ka pressure,Deadline pressure is increasing,0.6042750794713535,0.5081327481546147,0.9514182806015015,0.9175835251808167,,
166,work,office ka internet unstable lag raha,internet unstable lag raha office ka,unstable lag raha office ka internet,office ka internet unstable lag raha,0.6042750794713535,0.5081327481546147,0.9219785928726196,0.9273402094841003,,
167,work,report ka format client ko pasand aaya,format client ko pasand aaya report ka,pasand aaya report ka format client ko,The client liked the format of the report,0.7071067811865478,0.7071067811865478,0.9394730925559998,0.9144266843795776,,
168,work,meeting ka minutes circulate kar dena,minutes circulate kar dena meeting ka,circulate kar dena meeting ka minutes,meeting ka minutes circulate kar dena,0.6042750794713535,0.5081327481546147,0.9309182167053223,0.9316386580467224,,
169,work,presentation ka rehearsal ek baar aur karte,rehearsal ek baar aur karte presentation ka,ek baar aur karte presentation ka rehearsal,Rehearse the presentation one more time,0.7071067811865478,0.5946035575013604,0.9519602656364441,0.9325675964355469,,
170,work,team ka standup meeting skip ho gaya,standup meeting skip ho gaya team ka,skip ho gaya team ka standup meeting,The team's breast-doop meeting was skipped.,0.7071067811865478,0.5946035575013604,0.9260131120681763,0.9544392228126526,,
171,social,party ka venue confirm ho gaya,venue confirm ho gaya party ka,confirm ho gaya party ka venue,Party venue confirmed,0.6042750794713535,0.5081327481546147,0.9437370896339417,0.9411351680755615,,
172,social,group ka plan last moment pe change hua,plan last moment pe change hua group ka,change hua group ka plan last moment pe,Group the Plan Less Message Pense,0.7652058832556893,0.7652058832556893,0.9332926273345947,0.9366479516029358,,
173,social,message ka reply kaafi late aaya,reply kaafi late aaya message ka,late aaya message ka reply kaafi,The reply to the message came quite late,0.6042750794713535,0.6042750794713535,0.941866934299469,0.9367884993553162,,
174,social,friend ka mood off lag raha,mood off lag raha friend ka,off lag raha friend ka mood,Friend's mood seems off,0.6042750794713535,0.5081327481546147,0.9302043914794922,0.9369378089904785,,
175,social,call ka response thoda cold tha,response thoda cold tha call ka,cold tha call ka response thoda,The response to the call was a bit cold,0.6042750794713535,0.6042750794713535,0.910455048084259,0.9172234535217285,,
176,social,chat ka screenshot save kar lena,screenshot save kar lena chat ka,save kar lena chat ka screenshot,Save chat screenshots,0.6042750794713535,0.5081327481546147,0.9440553784370422,0.9324005246162415,,
177,social,event ka invitation miss ho gaya,invitation miss ho gaya event ka,miss ho gaya event ka invitation,Event invitation missed,0.6042750794713535,0.5081327481546147,0.9367513656616211,0.937316358089447,,
178,social,status ka reaction kaafi funny tha,reaction kaafi funny tha status ka,funny tha status ka reaction kaafi,status ka reaction kaafi funny tha,0.6042750794713535,0.6042750794713535,0.9150840640068054,0.9136438369750977,,
179,social,group chat ka notification mute kar diya,notification mute kar diya group chat ka,mute kar diya group chat ka notification,Group chat notification muted,0.5946035575013604,0.5946035575013604,0.9449107646942139,0.9391147494316101,,
180,social,meetup ka time last minute pe shift hua,time last minute pe shift hua meetup ka,shift hua meetup ka time last minute pe,Meetup is the Time Last Menate Peel Shirt,0.7652058832556893,0.7652058832556893,0.9117189645767212,0.9239869713783264,,
181,transport,bus ka route map outdated lag raha,route map outdated lag raha bus ka,outdated lag raha bus ka route map,bus ka route map outdated lag raha,0.7071067811865478,0.5946035575013604,0.9427310228347778,0.9416319131851196,,
182,transport,traffic ka signal timing change hua,signal timing change hua traffic ka,change hua traffic ka signal timing,traffic ka signal timing change hua,0.6042750794713535,0.6042750794713535,0.9446672797203064,0.937699019908905,,
183,transport,cab ka fare surge pe chal raha,fare surge pe chal raha cab ka,surge pe chal raha cab ka fare,cab ride on the sun,0.7071067811865478,0.5946035575013604,0.9403631687164307,0.9363260865211487,,
184,transport,metro ka platform screen blank hai,platform screen blank hai metro ka,blank hai metro ka platform screen,metro platform screen is blank,0.6042750794713535,0.6042750794713535,0.9320909976959229,0.9226599931716919,,
185,transport,driver ka navigation galat direction dikha raha,navigation galat direction dikha raha driver ka,galat direction dikha raha driver ka navigation,Driver's navigation showing wrong direction,0.7071067811865478,0.5946035575013604,0.9554231762886047,0.9421721696853638,,
186,transport,road ka diversion unexpected nikla,diversion unexpected nikla road ka,unexpected nikla road ka diversion,road ka diversion unexpected nikla,0.49999999999999994,0.49999999999999994,0.9211822152137756,0.9191111922264099,,
187,transport,parking ka slot thoda narrow hai,slot thoda narrow hai parking ka,narrow hai parking ka slot thoda,The parking slot is a bit narrow,0.6042750794713535,0.6042750794713535,0.94361412525177,0.9375017881393433,,
188,transport,petrol pump ka card machine down hai,card machine down hai petrol pump ka,down hai petrol pump ka card machine,petrol pump ka card machine down hai,0.5946035575013604,0.7071067811865478,0.9295514822006226,0.9285821318626404,,
189,transport,bike ka engine sound unusual lag raha,engine sound unusual lag raha bike ka,unusual lag raha bike ka engine sound,bike and engine,0.7071067811865478,0.5946035575013604,0.9396244287490845,0.9220737218856812,,
190,transport,auto ka fare meter fast chal raha,fare meter fast chal raha auto ka,fast chal raha auto ka fare meter,auto fare meter running fast,0.7071067811865478,0.5946035575013604,0.9236351847648621,0.9319131374359131,,
191,transport,route ka shortcut risky lag raha,shortcut risky lag raha route ka,risky lag raha route ka shortcut,shortcut receipt,0.6042750794713535,0.5081327481546147,0.9364484548568726,0.9437181949615479,,
192,transport,traffic police ka checkpoint aage hai,checkpoint aage hai traffic police ka,aage hai traffic police ka checkpoint,Traffic police checkpoint ahead,0.5081327481546147,0.6042750794713535,0.9376131296157837,0.9300212860107422,,
193,transport,seat belt ka reminder beep aa raha,reminder beep aa raha seat belt ka,beep aa raha seat belt ka reminder,Seat belt reminder beep is coming.,0.5946035575013604,0.5946035575013604,0.9355007410049438,0.9272646307945251,,
194,transport,navigation ka reroute option aaya,reroute option aaya navigation ka,option aaya navigation ka reroute,Reroute option for navigation came,0.49999999999999994,0.49999999999999994,0.9176161885261536,0.9263147115707397,,
195,transport,toll plaza ka fastag scan nahi hua,fastag scan nahi hua toll plaza ka,scan nahi hua toll plaza ka fastag,Fastag scan of toll plaza was not done,0.5946035575013604,0.5946035575013604,0.9244123101234436,0.9328885674476624,,
196,transport,route ka alternative suggest kar do,alternative suggest kar do route ka,suggest kar do route ka alternative,route ka alternative suggest kar do,0.6042750794713535,0.5081327481546147,0.9264823794364929,0.9335320591926575,,
197,transport,station ka exit gate left side pe hai,exit gate left side pe hai station ka,left side pe hai station ka exit gate,station ka exit gate left side pe hai,0.7652058832556893,0.6914415692838819,0.9410647749900818,0.9388095736503601,,
198,transport,bus ka conductor change ho gaya,conductor change ho gaya bus ka,change ho gaya bus ka conductor,the bus conductor changed,0.6042750794713535,0.5081327481546147,0.9461151957511902,0.9410089254379272,,
199,transport,metro ka first coach ladies ke liye,first coach ladies ke liye metro ka,ladies ke liye metro ka first coach,Metro's first coach for ladies,0.7071067811865478,0.5946035575013604,0.9365866184234619,0.9265387654304504,,
200,travel,journey ka overall experience smooth raha,overall experience smooth raha journey ka,smooth raha journey ka overall experience,journey ka overall experience smooth raha,0.6042750794713535,0.6042750794713535,0.9293869137763977,0.9255303144454956,,
201,travel,train ka arrival time late ho gaya,arrival time late ho gaya train ka,late ho gaya train ka arrival time,Train arrival time was late,0.7071067811865478,0.5946035575013604,0.9364468455314636,0.9375386834144592,,
202,travel,bus ka conductor ticket check kar raha,conductor ticket check kar raha bus ka,check kar raha bus ka conductor ticket,bus conductor checking tickets,0.7071067811865478,0.5946035575013604,0.9508023858070374,0.9347952604293823,,
203,travel,platform ka announcement clear nahi sunai diya,announcement clear nahi sunai diya platform ka,clear nahi sunai diya platform ka announcement,Platform announcement not heard clearly,0.7071067811865478,0.5946035575013604,0.9538778066635132,0.9482924938201904,,
204,travel,seat ka number window side ka hai,number window side ka hai seat ka,window side ka hai seat ka number,ban',0.7071067811865478,0.5946035575013604,0.9252724647521973,0.9350576996803284,,
205,travel,journey ke beech me stop extra add hua,stop extra add hua journey ke beech me,extra add hua journey ke beech me stop,Stop extra added in the middle of the journey,0.6914415692838819,0.6914415692838819,0.9361817240715027,0.9379911422729492,,
206,food,restaurant ka order delay ho raha,order delay ho raha restaurant ka,delay ho raha restaurant ka order,Restaurant order is getting delayed,0.6042750794713535,0.5081327481546147,0.9407808184623718,0.9340750575065613,,
207,food,plate ka portion thoda kam laga,portion thoda kam laga plate ka,kam laga plate ka portion thoda,plate ka portion thoda kam laga,0.6042750794713535,0.6042750794713535,0.9499584436416626,0.9388170838356018,,
208,food,dish ka taste expected jaisa nahi tha,taste expected jaisa nahi tha dish ka,expected jaisa nahi tha dish ka taste,The taste of the dish was not as expected,0.7071067811865478,0.5946035575013604,0.9462358951568604,0.9421441555023193,,
209,food,order ka parcel properly seal nahi tha,parcel properly seal nahi tha order ka,seal nahi tha order ka parcel properly,The parcel of the order was not properly sealed,0.7071067811865478,0.5946035575013604,0.9337998032569885,0.92033851146698,,
210,food,menu ka item temporarily unavailable hai,item temporarily unavailable hai menu ka,temporarily unavailable hai menu ka item,Menu item is temporarily unavailable,0.6042750794713535,0.5081327481546147,0.9351840019226074,0.9318885803222656,,
211,shopping,product ka warranty card missing hai,warranty card missing hai product ka,missing hai product ka warranty card,product ka warranty card missing hai,0.6042750794713535,0.6042750794713535,0.9325628876686096,0.9267591834068298,,
212,shopping,item ka exchange option available nahi,exchange option available nahi item ka,available nahi item ka exchange option,Item exchange option not available,0.6042750794713535,0.6042750794713535,0.9279782176017761,0.9335051774978638,,
213,shopping,order ka tracking link kaam nahi kar raha,tracking link kaam nahi kar raha order ka,kaam nahi kar raha order ka tracking link,Order tracking link not working,0.7652058832556893,0.6914415692838819,0.9546060562133789,0.9345926642417908,,
214,shopping,cart ka total amount change ho gaya,total amount change ho gaya cart ka,change ho gaya cart ka total amount,Cart total amount changed,0.7071067811865478,0.5946035575013604,0.9477007389068604,0.93901526927948,,
215,shopping,offer ka validity kal expire ho raha,validity kal expire ho raha offer ka,expire ho raha offer ka validity kal,offer valid until it expires,0.7071067811865478,0.5946035575013604,0.9463502764701843,0.927558422088623,,
216,work,meeting ka start time postpone hua,start time postpone hua meeting ka,postpone hua meeting ka start time,meeting time postpones,0.6042750794713535,0.6042750794713535,0.9139660596847534,0.9364138841629028,,
217,work,task ka priority level high hai,priority level high hai task ka,high hai task ka priority level,The priority level of the task is high,0.6042750794713535,0.6042750794713535,0.9307965040206909,0.9279198050498962,,
218,work,document ka version outdated lag raha,version outdated lag raha document ka,outdated lag raha document ka version,document ka version outdated lag raha,0.6042750794713535,0.5081327481546147,0.9326921701431274,0.9281429052352905,,
219,work,call ka audio clear nahi aa raha,audio clear nahi aa raha call ka,clear nahi aa raha call ka audio,Call audio is not coming clear,0.7071067811865478,0.5946035575013604,0.9499761462211609,0.9443751573562622,,
220,work,discussion ka summary mail pe bhej dena,summary mail pe bhej dena discussion ka,bhej dena discussion ka summary mail pe,dissusion is complete,0.7071067811865478,0.7071067811865478,0.9510163068771362,0.9346644878387451,,
221,education,lecture ka slide deck download nahi ho raha,slide deck download nahi ho raha lecture ka,download nahi ho raha lecture ka slide deck,Lecture slide deck not downloading,0.7652058832556893,0.6914415692838819,0.950893759727478,0.9420943856239319,,
222,education,exam ka invigilator late aaya,invigilator late aaya exam ka,late aaya exam ka invigilator,Exam invigilator came late,0.49999999999999994,0.49999999999999994,0.9127347469329834,0.9323857426643372,,
223,education,class ka attendance register missing hai,attendance register missing hai class ka,missing hai class ka attendance register,class ka attendance register missing hai,0.6042750794713535,0.6042750794713535,0.9321666359901428,0.9256194829940796,,
224,education,project ka demo clearly samajh aaya,demo clearly samajh aaya project ka,clearly samajh aaya project ka demo,Demo of the project was clearly understood,0.6042750794713535,0.5081327481546147,0.9447271227836609,0.9483375549316406,,
225,education,seminar ka schedule last minute change hua,schedule last minute change hua seminar ka,change hua seminar ka schedule last minute,seminar ka schedule last minute change hua,0.7071067811865478,0.7071067811865478,0.9331604242324829,0.9195868968963623,,
226,education,hostel ka mess food average lag raha,mess food average lag raha hostel ka,average lag raha hostel ka mess food,hostel ka mess food average lag raha,0.7071067811865478,0.5946035575013604,0.9087445139884949,0.9157569408416748,,
227,education,whiteboard ka marker dry ho gaya,marker dry ho gaya whiteboard ka,dry ho gaya whiteboard ka marker,whiteboard ka marker dry ho gaya,0.6042750794713535,0.5081327481546147,0.9214538931846619,0.9215157628059387,,
228,education,assignment ka submission portal slow hai,submission portal slow hai assignment ka,slow hai assignment ka submission portal,assignment ka submission portal slow hai,0.6042750794713535,0.6042750794713535,0.9353864192962646,0.9389426708221436,,
229,education,class ka syllabus alignment clear nahi,syllabus alignment clear nahi class ka,clear nahi class ka syllabus alignment,class ka syllabus alignment clear nahi,0.6042750794713535,0.6042750794713535,0.9256530404090881,0.9362195730209351,,
230,education,tutorial ka recording link expire ho gaya,recording link expire ho gaya tutorial ka,expire ho gaya tutorial ka recording link,Tutorial recording link expired,0.7071067811865478,0.5946035575013604,0.9411171078681946,0.9378321170806885,,
231,household,kitchen ka sink water leak kar raha,sink water leak kar raha kitchen ka,leak kar raha kitchen ka sink water,sink water leak sink,0.7071067811865478,0.5946035575013604,0.9507689476013184,0.9289819002151489,,
232,household,room ka curtain properly slide nahi ho raha,curtain properly slide nahi ho raha room ka,slide nahi ho raha room ka curtain properly,Room curtain not sliding properly,0.7652058832556893,0.6914415692838819,0.9442160725593567,0.9320805668830872,,
233,household,bedroom ka switch board loose lag raha,switch board loose lag raha bedroom ka,loose lag raha bedroom ka switch board,bedroom ka switch board loose lag raha,0.7071067811865478,0.5946035575013604,0.9375305771827698,0.9418879747390747,,
234,household,washing powder ka stock khatam ho gaya,stock khatam ho gaya washing powder ka,khatam ho gaya washing powder ka stock,Washing powder ka stock khatam ho gaya,0.5946035575013604,0.5946035575013604,0.9352709650993347,0.9211457371711731,,
235,household,balcony ka plant water karna reh gaya,plant water karna reh gaya balcony ka,water karna reh gaya balcony ka plant,It remains to water the balcony plant.,0.7071067811865478,0.5946035575013604,0.9526270031929016,0.944925844669342,,
236,household,bathroom ka exhaust fan noise kar raha,exhaust fan noise kar raha bathroom ka,noise kar raha bathroom ka exhaust fan,bathroom exhaust fan making noise,0.7071067811865478,0.5946035575013604,0.9482007622718811,0.9369049668312073,,
237,household,fridge ka ice tray jam ho gaya,ice tray jam ho gaya fridge ka,jam ho gaya fridge ka ice tray,fridge ice tray jammed,0.7071067811865478,0.5946035575013604,0.9496582746505737,0.9457446932792664,,
238,household,sofa ka fabric stain easily pakad raha,fabric stain easily pakad raha sofa ka,easily pakad raha sofa ka fabric stain,The fabric of the sofa is holding the stain out.,0.7071067811865478,0.5946035575013604,0.9549699425697327,0.9471697807312012,,
239,household,wardrobe ka door alignment thoda off hai,door alignment thoda off hai wardrobe ka,off hai wardrobe ka door alignment thoda,The far alignment of the wardrobe is slightly off,0.7071067811865478,0.7071067811865478,0.9302206039428711,0.9347720146179199,,
240,household,home ka inverter backup weak lag raha,inverter backup weak lag raha home ka,weak lag raha home ka inverter backup,Home Inverter Backup Wop Raha,0.7071067811865478,0.5946035575013604,0.9327443838119507,0.9489436745643616,,
241,digital,app ka onboarding flow confusing laga,onboarding flow confusing laga app ka,confusing laga app ka onboarding flow,app ka onboarding flow confusing laga,0.6042750794713535,0.6042750794713535,0.9238609075546265,0.9406741857528687,,
242,digital,phone ka notification badge clear nahi hua,notification badge clear nahi hua phone ka,clear nahi hua phone ka notification badge,Phone's notification badge not cleared,0.7071067811865478,0.5946035575013604,0.9404974579811096,0.9382064938545227,,
243,digital,browser ka extension automatically disable hua,extension automatically disable hua browser ka,automatically disable hua browser ka extension,browser ka extension automatically disable hua,0.6042750794713535,0.5081327481546147,0.9466525912284851,0.942514955997467,,
244,digital,system ka storage cleanup recommend kar raha,storage cleanup recommend kar raha system ka,recommend kar raha system ka storage cleanup,System storage cleanup recommended,0.7071067811865478,0.5946035575013604,0.9384889006614685,0.9501416683197021,,
245,digital,email ka attachment size limit cross ho gaya,attachment size limit cross ho gaya email ka,cross ho gaya email ka attachment size limit,Email attachment size limit exceeded,0.7652058832556893,0.6914415692838819,0.924530029296875,0.9418663382530212,,
246,digital,wifi ka password recently change hua,password recently change hua wifi ka,change hua wifi ka password recently,wifi ka password recently change hua,0.6042750794713535,0.6042750794713535,0.9283744096755981,0.915168821811676,,
247,digital,app ka dark mode option missing hai,dark mode option missing hai app ka,missing hai app ka dark mode option,app ka dark mode option missing hai,0.7071067811865478,0.7071067811865478,0.941119372844696,0.9353521466255188,,
248,digital,file ka sync status stuck ho gaya,sync status stuck ho gaya file ka,stuck ho gaya file ka sync status,file ka sync status stuck ho gaya,0.7071067811865478,0.5946035575013604,0.9485715627670288,0.9482944011688232,,
249,digital,update ka changelog properly mention nahi,changelog properly mention nahi update ka,properly mention nahi update ka changelog,update ka changelog properly mention nahi,0.6042750794713535,0.5081327481546147,0.9061426520347595,0.9337117671966553,,
250,digital,system ka boot time zyada lag raha,boot time zyada lag raha system ka,zyada lag raha system ka boot time,System boot time is taking longer,0.7071067811865478,0.5946035575013604,0.9513245820999146,0.9300693869590759,,
251,health,doctor ka follow up visit next week hai,follow up visit next week hai doctor ka,next week hai doctor ka follow up visit,doctor ka follow up visit next week hai,0.7652058832556893,0.6914415692838819,0.9380873441696167,0.9256707429885864,,
252,health,medicine ka refill reminder set karna,refill reminder set karna medicine ka,set karna medicine ka refill reminder,medicine ka refill reminder set karna,0.6042750794713535,0.6042750794713535,0.9292111396789551,0.9314433932304382,,
253,health,clinic ka registration counter crowded tha,registration counter crowded tha clinic ka,crowded tha clinic ka registration counter,clinic ka registration counter crowded tha,0.6042750794713535,0.6042750794713535,0.9069967269897461,0.9203730225563049,,
254,health,test ka sample collection smooth raha,sample collection smooth raha test ka,smooth raha test ka sample collection,test ka sample collection smooth raha,0.6042750794713535,0.6042750794713535,0.9383718967437744,0.929612934589386,,
255,health,report ka turnaround time fast tha,turnaround time fast tha report ka,fast tha report ka turnaround time,report ka turnaround time fast tha,0.6042750794713535,0.6042750794713535,0.9010581374168396,0.9276466369628906,,
256,health,prescribed diet follow karna mushkil lag raha,diet follow karna mushkil lag raha prescribed,mushkil lag raha prescribed diet follow karna,Finding it difficult to follow the prescribed diet,0.8408964152537145,0.5946035575013604,0.9486030340194702,0.9350593090057373,,
257,health,exercise ka routine maintain nahi ho raha,routine maintain nahi ho raha exercise ka,maintain nahi ho raha exercise ka routine,Exercise routine is not being maintained,0.7071067811865478,0.5946035575013604,0.9467564821243286,0.9436646699905396,,
258,health,doctor ka waiting time manageable laga,waiting time manageable laga doctor ka,manageable laga doctor ka waiting time,doctor ka waiting time manageable laga,0.6042750794713535,0.6042750794713535,0.8967761397361755,0.934150218963623,,
259,health,medicine ka taste thoda bitter hai,taste thoda bitter hai medicine ka,bitter hai medicine ka taste thoda,The taste of medicine is a little bitter,0.6042750794713535,0.6042750794713535,0.9377704858779907,0.9299991726875305,,
260,health,health checkup ka package affordable laga,package affordable laga health checkup ka,affordable laga health checkup ka package,health checkup ka package affordable laga,0.5081327481546147,0.6042750794713535,0.9321458339691162,0.9387751221656799,,
261,work,manager ka approval abhi pending hai,approval abhi pending hai manager ka,pending hai manager ka approval abhi,Manager's approval is still pending,0.6042750794713535,0.6042750794713535,0.9275590777397156,0.9278508424758911,,
262,work,team ka workload evenly distribute nahi hua,workload evenly distribute nahi hua team ka,evenly distribute nahi hua team ka workload,team will workload evenly distribute results,0.7071067811865478,0.5946035575013604,0.956630289554596,0.9385356307029724,,
263,work,meeting ka follow up action pending raha,follow up action pending raha meeting ka,pending raha meeting ka follow up action,meeting ka follow up action pending raha,0.7071067811865478,0.7071067811865478,0.9288188815116882,0.9293069839477539,,
264,work,client ka response expected se slow aaya,response expected se slow aaya client ka,slow aaya client ka response expected se,client ka response expected se slow aaya,0.7071067811865478,0.7071067811865478,0.9251384735107422,0.9110122323036194,,
265,work,task ka ownership clearly define nahi hua,ownership clearly define nahi hua task ka,clearly define nahi hua task ka ownership,task ka ownership clearly define nahi hua,0.7071067811865478,0.5946035575013604,0.9408746361732483,0.9461455941200256,,
266,work,deadline ka buffer thoda kam tha,buffer thoda kam tha deadline ka,kam tha deadline ka buffer thoda,The deadline buffer was a little low,0.6042750794713535,0.6042750794713535,0.9386951923370361,0.9323089718818665,,
267,work,report ka final version abhi ready nahi,final version abhi ready nahi report ka,ready nahi report ka final version abhi,The final version of the report is not ready yet,0.7071067811865478,0.7071067811865478,0.9386289715766907,0.9351785778999329,,
268,work,discussion ka outcome clearly document nahi hua,outcome clearly document nahi hua discussion ka,clearly document nahi hua discussion ka outcome,discussion ka outcome clearly document nahi hua,0.7071067811865478,0.5946035575013604,0.9431123733520508,0.9380810260772705,,
269,work,team ka sync meeting skip ho gaya,sync meeting skip ho gaya team ka,skip ho gaya team ka sync meeting,Team sync meeting skipped,0.7071067811865478,0.5946035575013604,0.9482877254486084,0.9459053874015808,,
270,work,work ka stress level zyada lag raha,stress level zyada lag raha work ka,zyada lag raha work ka stress level,Work stress level seems high,0.7071067811865478,0.5946035575013604,0.9477000832557678,0.9262703061103821,,
271,social,group ka plan weekend ke liye bana,plan weekend ke liye bana group ka,weekend ke liye bana group ka plan,Group plan made for the weekend,0.7071067811865478,0.5946035575013604,0.9495237469673157,0.9408794045448303,,
272,social,friends ka meetup casual rakhenge,meetup casual rakhenge friends ka,casual rakhenge friends ka meetup,Will keep friends' meetup casual,0.49999999999999994,0.49999999999999994,0.9201140403747559,0.9288409352302551,,
273,social,chat ka tone thoda awkward lag raha,tone thoda awkward lag raha chat ka,awkward lag raha chat ka tone thoda,The tone of the chat seems a bit awkward,0.7071067811865478,0.5946035575013604,0.9483330845832825,0.933474063873291,,
274,social,message ka reply short rakhna better hai,reply short rakhna better hai message ka,short rakhna better hai message ka reply,It is better to keep the reply message short,0.7071067811865478,0.5946035575013604,0.9454553127288818,0.9473743438720703,,
275,social,call ka purpose clearly explain nahi hua,purpose clearly explain nahi hua call ka,clearly explain nahi hua call ka purpose,call ka purpose clearly explain nahi hua,0.7071067811865478,0.5946035575013604,0.9403743743896484,0.9380970597267151,,
276,social,status ka caption thoda confusing laga,caption thoda confusing laga status ka,confusing laga status ka caption thoda,you're struggling with capsion.,0.6042750794713535,0.6042750794713535,0.9369458556175232,0.9339971542358398,,
277,social,event ka dress code casual rakha,dress code casual rakha event ka,casual rakha event ka dress code,The dress code of the event was kept casual,0.6042750794713535,0.6042750794713535,0.9337441921234131,0.9254064559936523,,
278,social,invite ka response time kaafi slow tha,response time kaafi slow tha invite ka,slow tha invite ka response time kaafi,invite ka response time kaafi slow tha,0.7071067811865478,0.7071067811865478,0.9095831513404846,0.9211217761039734,,
279,social,conversation ka flow natural nahi lag raha,flow natural nahi lag raha conversation ka,natural nahi lag raha conversation ka flow,The flow of conversation doesn't seem natural.,0.7071067811865478,0.5946035575013604,0.9440733790397644,0.941483736038208,,
280,social,group chat ka discussion off topic chala,discussion off topic chala group chat ka,off topic chala group chat ka discussion,group chat ka discussion off topic chala,0.5946035575013604,0.5946035575013604,0.9395326375961304,0.9295075535774231,,
281,transport,bus ka frequency peak hours me kam hai,frequency peak hours me kam hai bus ka,peak hours me kam hai bus ka frequency,bus ka frequency peak hours me kam hai,0.7652058832556893,0.6914415692838819,0.9519206285476685,0.9330627918243408,,
282,transport,cab ka waiting time estimate wrong nikla,waiting time estimate wrong nikla cab ka,wrong nikla cab ka waiting time estimate,cab ka waiting time estimate wrong nikla,0.7071067811865478,0.7071067811865478,0.9414251446723938,0.9339630007743835,,
283,transport,metro ka entry gate rush me band ho gaya,entry gate rush me band ho gaya metro ka,band ho gaya metro ka entry gate rush me,Metro entry gate closed due to rush,0.8034284189446523,0.7476743906106104,0.9493756890296936,0.9375187754631042,,
284,transport,driver ka route choice thoda confusing tha,route choice thoda confusing tha driver ka,confusing tha driver ka route choice thoda,driver ka route choice thoda confusing tha,0.7071067811865478,0.7071067811865478,0.9230530858039856,0.9251862168312073,,
285,transport,signal ka countdown timer kaam nahi kar raha,countdown timer kaam nahi kar raha signal ka,kaam nahi kar raha signal ka countdown timer,Signal countdown timer not working,0.7652058832556893,0.6914415692838819,0.9493637681007385,0.9384437799453735,,
286,transport,parking ka guidance sign clearly visible nahi,guidance sign clearly visible nahi parking ka,clearly visible nahi parking ka guidance sign,parking ka guidance sign clearly visible nahi,0.7071067811865478,0.5946035575013604,0.927426815032959,0.9310113191604614,,
287,transport,road ka surface uneven lag raha,surface uneven lag raha road ka,uneven lag raha road ka surface,road ka surface uneven lag raha,0.6042750794713535,0.5081327481546147,0.9377532601356506,0.9348247051239014,,
288,transport,toll booth ka queue unexpectedly long tha,queue unexpectedly long tha toll booth ka,unexpectedly long tha toll booth ka queue,toll booth ka queue unexpectedly long tha,0.5946035575013604,0.5946035575013604,0.9137078523635864,0.9143146276473999,,
289,transport,bus ka interior cleanliness average laga,interior cleanliness average laga bus ka,average laga bus ka interior cleanliness,bus ka interior cleanliness average laga,0.6042750794713535,0.6042750794713535,0.9378621578216553,0.9457458257675171,,
290,transport,metro ka last mile connectivity weak hai,last mile connectivity weak hai metro ka,weak hai metro ka last mile connectivity,metro ka last mile connectivity weak hai,0.7071067811865478,0.7071067811865478,0.935088038444519,0.9316880702972412,,
291,travel,journey ka break duration thoda zyada tha,break duration thoda zyada tha journey ka,zyada tha journey ka break duration thoda,Journey's break darshan was a bit much,0.7071067811865478,0.7071067811865478,0.9374540448188782,0.9115436673164368,,
292,travel,station ka crowd level manageable tha,crowd level manageable tha station ka,manageable tha station ka crowd level,station ka crowd level manageable tha,0.6042750794713535,0.6042750794713535,0.898408830165863,0.9187667369842529,,
293,travel,ticket ka QR scan properly nahi hua,QR scan properly nahi hua ticket ka,properly nahi hua ticket ka QR scan,The ticket was not scanned properly,0.7071067811865478,0.5946035575013604,0.9430599808692932,0.9341192841529846,,
294,travel,platform ka display board refresh late hua,display board refresh late hua platform ka,late hua platform ka display board refresh,platform ka display board refresh late hua,0.7071067811865478,0.7071067811865478,0.9345003962516785,0.9480775594711304,,
295,travel,coach ka seating layout thoda cramped laga,seating layout thoda cramped laga coach ka,cramped laga coach ka seating layout thoda,coach ka seating layout thoda cramped laga,0.7071067811865478,0.7071067811865478,0.9514012336730957,0.9479695558547974,,
296,travel,journey ka overall pace smooth raha,overall pace smooth raha journey ka,smooth raha journey ka overall pace,journey ka overall pace smooth raha,0.6042750794713535,0.6042750794713535,0.9320104718208313,0.922213077545166,,
297,travel,travel ka buffer time useful prove hua,buffer time useful prove hua travel ka,useful prove hua travel ka buffer time,travel ka buffer time useful prove hua,0.7071067811865478,0.5946035575013604,0.9329668879508972,0.9211090207099915,,
298,travel,route ka scenic part kaafi acha laga,scenic part kaafi acha laga route ka,acha laga route ka scenic part kaafi,Enjoyed the scenic part of the route,0.7071067811865478,0.7071067811865478,0.943652868270874,0.9238473176956177,,
299,travel,journey ke end me fatigue thoda kam tha,fatigue thoda kam tha journey ke end me,thoda kam tha journey ke end me fatigue,There was less fatigue at the end of the journey,0.6914415692838819,0.6914415692838819,0.9272962212562561,0.919334888458252,,
300,travel,overall travel experience satisfying raha,travel experience satisfying raha overall,satisfying raha overall travel experience,overall travel experience satisfying raha,0.7071067811865478,0.49999999999999994,0.9436162114143372,0.9237297177314758,,
301,travel,train ka coach number clearly visible nahi,coach number clearly visible nahi train ka,clearly visible nahi train ka coach number,train ka coach number clearly visible nahi,0.7071067811865478,0.5946035575013604,0.9471120238304138,0.9363844394683838,,
302,travel,bus ka route diversion aaj laga hai,route diversion aaj laga hai bus ka,aaj laga hai bus ka route diversion,Bus route diversion is in place today,0.7071067811865478,0.5946035575013604,0.9561683535575867,0.9401130080223083,,
303,travel,cab ka drop point thoda confusing tha,drop point thoda confusing tha cab ka,confusing tha cab ka drop point thoda,Cab drop point was a bit confusing,0.7071067811865478,0.7071067811865478,0.9034789204597473,0.9283654093742371,,
304,travel,journey ka luggage allowance sufficient tha,luggage allowance sufficient tha journey ka,sufficient tha journey ka luggage allowance,journey ka luggage allowance sufficient tha,0.6042750794713535,0.6042750794713535,0.917924165725708,0.925529956817627,,
305,travel,station ka restroom maintenance poor laga,restroom maintenance poor laga station ka,poor laga station ka restroom maintenance,station ka restroom maintenance poor laga,0.6042750794713535,0.6042750794713535,0.9160770773887634,0.9250857830047607,,
306,food,restaurant ka seating arrangement cramped hai,seating arrangement cramped hai restaurant ka,cramped hai restaurant ka seating arrangement,restaurant ka seating arrangement cramped hai,0.6042750794713535,0.6042750794713535,0.93665611743927,0.9317229390144348,,
307,food,menu ka veg section limited laga,veg section limited laga menu ka,limited laga menu ka veg section,Menu Ka Veg Section Ltd Langa,0.6042750794713535,0.6042750794713535,0.9197162985801697,0.9305521249771118,,
308,food,order ka delivery slot reschedule ho gaya,delivery slot reschedule ho gaya order ka,reschedule ho gaya order ka delivery slot,order ka delivery slot reschedule ho gaya,0.7071067811865478,0.5946035575013604,0.9484540224075317,0.923313558101654,,
309,food,dish ka presentation thoda plain tha,presentation thoda plain tha dish ka,plain tha dish ka presentation thoda,The presentation of the dish was a bit plain,0.6042750794713535,0.6042750794713535,0.9163870811462402,0.9091907143592834,,
310,food,bill ka split option available nahi,split option available nahi bill ka,available nahi bill ka split option,Bill split option not available,0.6042750794713535,0.6042750794713535,0.9322293996810913,0.9348262548446655,,
311,shopping,shopping ka crowd weekend pe zyada hota,crowd weekend pe zyada hota shopping ka,zyada hota shopping ka crowd weekend pe,Shopping crowd is more on weekends,0.7071067811865478,0.7071067811865478,0.9440566301345825,0.8951322436332703,,
312,shopping,store ka return counter busy lag raha,return counter busy lag raha store ka,busy lag raha store ka return counter,stand counter busy.,0.7071067811865478,0.5946035575013604,0.935896098613739,0.9376037120819092,,
313,shopping,product ka color online photo se different tha,color online photo se different tha product ka,different tha product ka color online photo se,product ka color online photo se different tha,0.7652058832556893,0.7652058832556893,0.9348859786987305,0.9258222579956055,,
314,shopping,checkout ka process thoda slow laga,process thoda slow laga checkout ka,slow laga checkout ka process thoda,checkout ka process thoda slow laga,0.6042750794713535,0.6042750794713535,0.9425911903381348,0.9421180486679077,,
315,shopping,discount ka calculation automatically update nahi hua,calculation automatically update nahi hua discount ka,automatically update nahi hua discount ka calculation,discount ka calculation automatically update nahi hua,0.7071067811865478,0.5946035575013604,0.9503157734870911,0.9437034726142883,,
316,work,office ka entry process smooth raha,entry process smooth raha office ka,smooth raha office ka entry process,office ka entry process smooth raha,0.6042750794713535,0.6042750794713535,0.9368974566459656,0.9248868823051453,,
317,work,meeting ka discussion points clear the,discussion points clear the meeting ka,clear the meeting ka discussion points,meeting ka discussion points clear the,0.6042750794713535,0.6042750794713535,0.9029810428619385,0.9157958030700684,,
318,work,task ka estimation thoda optimistic lag raha,estimation thoda optimistic lag raha task ka,optimistic lag raha task ka estimation thoda,task ka estimation thoda optimistic lag raha,0.7071067811865478,0.5946035575013604,0.9516817331314087,0.9463557600975037,,
319,work,email ka response window short rakha,response window short rakha email ka,short rakha email ka response window,Email response window kept short,0.6042750794713535,0.6042750794713535,0.9198786020278931,0.9320130944252014,,
320,work,deadline ka reminder timely trigger hua,reminder timely trigger hua deadline ka,timely trigger hua deadline ka reminder,deadline ka reminder timely trigger hua,0.6042750794713535,0.5081327481546147,0.9336546063423157,0.9341281056404114,,
321,education,lecture ka timing notice board pe update hua,timing notice board pe update hua lecture ka,update hua lecture ka timing notice board pe,lecture ka timing notice board pe update hua,0.7652058832556893,0.7652058832556893,0.9510976672172546,0.9323192238807678,,
322,education,class ka projector properly focus nahi hua,projector properly focus nahi hua class ka,focus nahi hua class ka projector properly,Class projector not focused properly,0.7071067811865478,0.5946035575013604,0.9486711025238037,0.9366981983184814,,
323,education,exam ka paper difficulty moderate laga,paper difficulty moderate laga exam ka,moderate laga exam ka paper difficulty,exam ka paper difficulty moderate laga,0.6042750794713535,0.6042750794713535,0.9358618855476379,0.9354972243309021,,
324,education,assignment ka plagiarism check pending hai,plagiarism check pending hai assignment ka,pending hai assignment ka plagiarism check,assignment ka plagiarism check pending hai,0.6042750794713535,0.6042750794713535,0.9165797829627991,0.9336869716644287,,
325,education,tutorial ka pace thoda fast lag raha,pace thoda fast lag raha tutorial ka,fast lag raha tutorial ka pace thoda,The pace of the tutorial seems a little fast.,0.7071067811865478,0.5946035575013604,0.9426242709159851,0.9390820264816284,,
326,education,notes ka handwriting clearly readable nahi,handwriting clearly readable nahi notes ka,clearly readable nahi notes ka handwriting,notes ka handwriting clearly readable nahi,0.6042750794713535,0.5081327481546147,0.9303038120269775,0.9314263463020325,,
327,education,lab ka equipment calibration due hai,equipment calibration due hai lab ka,calibration due hai lab ka equipment,lab ka equipment calibration due hai,0.6042750794713535,0.5081327481546147,0.9442917704582214,0.9368889331817627,,
328,education,class ka seating layout cramped laga,seating layout cramped laga class ka,cramped laga class ka seating layout,class ka seating layout cramped laga,0.6042750794713535,0.6042750794713535,0.9252186417579651,0.9268152713775635,,
329,education,exam ka result portal slow chal raha,result portal slow chal raha exam ka,slow chal raha exam ka result portal,Exam result portal running slow,0.7071067811865478,0.5946035575013604,0.9464994072914124,0.9347318410873413,,
330,education,group project ka coordination smooth raha,coordination smooth raha group project ka,smooth raha group project ka coordination,group project ka coordination smooth raha,0.5081327481546147,0.6042750794713535,0.9282386898994446,0.9298290014266968,,
331,household,room ka ceiling fan vibration kar raha,ceiling fan vibration kar raha room ka,vibration kar raha room ka ceiling fan,The ceiling fan of the room is vibrating,0.7071067811865478,0.5946035575013604,0.94629967212677,0.940075159072876,,
332,household,window ka latch properly lock nahi hua,latch properly lock nahi hua window ka,lock nahi hua window ka latch properly,window ka latch properly lock nahi hua,0.7071067811865478,0.5946035575013604,0.949414074420929,0.9334079623222351,,
333,household,kitchen ka gas knob tight ho gaya,gas knob tight ho gaya kitchen ka,tight ho gaya kitchen ka gas knob,gaya gas on gas,0.7071067811865478,0.5946035575013604,0.9486778378486633,0.9443687796592712,,
334,household,drawer ka handle loose lag raha,handle loose lag raha drawer ka,loose lag raha drawer ka handle,drawer with handle loose lag kick,0.6042750794713535,0.5081327481546147,0.9389476180076599,0.9339378476142883,,
335,household,bathroom ka mirror fog easily pakad raha,mirror fog easily pakad raha bathroom ka,easily pakad raha bathroom ka mirror fog,bathroom mirror fogging up,0.7071067811865478,0.5946035575013604,0.9459116458892822,0.9421170353889465,,
336,household,home ka power backup unreliable lag raha,power backup unreliable lag raha home ka,unreliable lag raha home ka power backup,home with power backup unreliable lag kick,0.7071067811865478,0.5946035575013604,0.9416607022285461,0.9425758719444275,,
337,household,balcony ka railing paint chip ho raha,railing paint chip ho raha balcony ka,chip ho raha balcony ka railing paint,balcony railing paint chipping,0.7071067811865478,0.5946035575013604,0.9531486630439758,0.940333902835846,,
338,household,wardrobe ka drawer smooth slide nahi karta,drawer smooth slide nahi karta wardrobe ka,smooth slide nahi karta wardrobe ka drawer,Wardrobe drawer does not slide smoothly,0.7071067811865478,0.5946035575013604,0.9425801038742065,0.9299206137657166,,
339,household,door ka hinge squeak sound kar raha,hinge squeak sound kar raha door ka,squeak sound kar raha door ka hinge,door ka hinge squeak sound kar raha,0.7071067811865478,0.5946035575013604,0.9545390009880066,0.9184460043907166,,
340,household,room ka ventilation proper nahi lag raha,ventilation proper nahi lag raha room ka,proper nahi lag raha room ka ventilation,Room ventilation does not seem proper,0.7071067811865478,0.5946035575013604,0.9374226927757263,0.9421207308769226,,
341,digital,app ka loading time peak hours me badhta,loading time peak hours me badhta app ka,peak hours me badhta app ka loading time,App loading time increases at peak hours,0.7652058832556893,0.6914415692838819,0.9302150011062622,0.9251896142959595,,
342,digital,phone ka camera focus slow ho raha,camera focus slow ho raha phone ka,slow ho raha phone ka camera focus,phone with camera focus slow to kick,0.7071067811865478,0.5946035575013604,0.9443811774253845,0.939750075340271,,
343,digital,software ka update background me install hua,update background me install hua software ka,install hua software ka update background me,software ka update background me install hua,0.7071067811865478,0.7071067811865478,0.9436329007148743,0.9085043668746948,,
344,digital,browser ka cache clear karna padega,cache clear karna padega browser ka,clear karna padega browser ka cache,You will have to clear your browser's cache.,0.6042750794713535,0.5081327481546147,0.9476919770240784,0.9443020224571228,,
345,digital,file ka rename option greyed out hai,rename option greyed out hai file ka,greyed out hai file ka rename option,file ka rename option greyed out hai,0.7071067811865478,0.5946035575013604,0.9302461743354797,0.907345175743103,,
346,digital,app ka notification sound muted lag raha,notification sound muted lag raha app ka,muted lag raha app ka notification sound,app ka notification sound muted lag raha,0.7071067811865478,0.5946035575013604,0.9427524209022522,0.9416647553443909,,
347,digital,system ka restart issue solve kar deta,restart issue solve kar deta system ka,solve kar deta system ka restart issue,Restarting the system will resolve the issue.,0.7071067811865478,0.5946035575013604,0.9464787840843201,0.9369873404502869,,
348,digital,email ka spam filter aggressive lag raha,spam filter aggressive lag raha email ka,aggressive lag raha email ka spam filter,email ka spam filter aggressive lag raha,0.7071067811865478,0.5946035575013604,0.9342203140258789,0.9304414391517639,,
349,digital,device ka firmware update pending hai,firmware update pending hai device ka,pending hai device ka firmware update,device ka firmware update pending hai,0.6042750794713535,0.6042750794713535,0.9380485415458679,0.9289733171463013,,
350,digital,cloud sync ka conflict resolve nahi hua,sync ka conflict resolve nahi hua cloud,resolve nahi hua cloud sync ka conflict,cloud sync ka conflict resolve nahi hua,0.8408964152537145,0.5946035575013604,0.9613800644874573,0.9234052300453186,,
351,health,medicine ka dosage timing adjust karna hoga,dosage timing adjust karna hoga medicine ka,adjust karna hoga medicine ka dosage timing,Dosage timing of medicine will have to be adjusted,0.7071067811865478,0.5946035575013604,0.9508973360061646,0.940243124961853,,
352,health,clinic ka appointment slot reschedule hua,appointment slot reschedule hua clinic ka,reschedule hua clinic ka appointment slot,clinic ka appointment slot reschedule hua,0.6042750794713535,0.6042750794713535,0.9417445063591003,0.9119513630867004,,
353,health,test ka sample label missing nikla,sample label missing nikla test ka,missing nikla test ka sample label,Test sample label found missing,0.6042750794713535,0.6042750794713535,0.9453706741333008,0.9288492798805237,,
354,health,report ka interpretation thoda confusing laga,interpretation thoda confusing laga report ka,confusing laga report ka interpretation thoda,report interview with theola.,0.6042750794713535,0.6042750794713535,0.9371516108512878,0.940148651599884,,
355,health,medicine ka side effect mild lag raha,side effect mild lag raha medicine ka,mild lag raha medicine ka side effect,The side effects of the medicine seem mild.,0.7071067811865478,0.5946035575013604,0.9170913100242615,0.9305853843688965,,
356,health,doctor ka explanation easy samajh aaya,explanation easy samajh aaya doctor ka,easy samajh aaya doctor ka explanation,Doctor's explanation was easy to understand,0.6042750794713535,0.5081327481546147,0.9461784958839417,0.9334586262702942,,
357,health,health app ka step count inaccurate lag raha,step count inaccurate lag raha health app ka,inaccurate lag raha health app ka step count,health app ka step count inaccurate lag raha,0.6914415692838819,0.6914415692838819,0.9425516128540039,0.9395052194595337,,
358,health,exercise ka warm up skip nahi karna,warm up skip nahi karna exercise ka,skip nahi karna exercise ka warm up,Do not skip the warm up of the exercise.,0.7071067811865478,0.5946035575013604,0.9297431111335754,0.9322013258934021,,
359,health,diet ka protein intake insufficient lag raha,protein intake insufficient lag raha diet ka,insufficient lag raha diet ka protein intake,Protein intake of diet seems insufficient,0.7071067811865478,0.5946035575013604,0.9428017139434814,0.9357175230979919,,
360,health,sleep ka schedule recently disturb ho gaya,schedule recently disturb ho gaya sleep ka,disturb ho gaya sleep ka schedule recently,sleep ka schedule recently disturb ho gaya,0.7071067811865478,0.5946035575013604,0.9406226873397827,0.9445496797561646,,
361,work,work ka daily standup thoda late start hua,daily standup thoda late start hua work ka,late start hua work ka daily standup thoda,Work's daily routine started a little late,0.7652058832556893,0.6914415692838819,0.9512009024620056,0.9405407309532166,,
362,work,task ka dependency clear mention nahi tha,dependency clear mention nahi tha task ka,clear mention nahi tha task ka dependency,Task dependency was not clearly mentioned,0.7071067811865478,0.5946035575013604,0.935628354549408,0.9170507192611694,,
363,work,meeting ka action item tracker update hua,action item tracker update hua meeting ka,update hua meeting ka action item tracker,meeting ka action item tracker update hua,0.7071067811865478,0.7071067811865478,0.9445468187332153,0.936902642250061,,
364,work,project ka scope creep gradually badh raha,scope creep gradually badh raha project ka,gradually badh raha project ka scope creep,scope a gradually and project,0.7071067811865478,0.5946035575013604,0.9497411847114563,0.9348634481430054,,
365,work,deadline ka extension formally approve hua,extension formally approve hua deadline ka,formally approve hua deadline ka extension,deadline ka extension formally approve hua,0.6042750794713535,0.5081327481546147,0.9401342868804932,0.9187698364257812,,
366,work,presentation ka rehearsal confidence build karta,rehearsal confidence build karta presentation ka,confidence build karta presentation ka rehearsal,presentation ka rehearsal confidence build karta,0.6042750794713535,0.5081327481546147,0.9397624135017395,0.9243545532226562,,
367,work,feedback ka tone constructive lag raha,tone constructive lag raha feedback ka,constructive lag raha feedback ka tone,feedback ka tone constructive lag raha,0.6042750794713535,0.5081327481546147,0.9356861114501953,0.9370055198669434,,
368,work,work ka documentation up to date nahi,documentation up to date nahi work ka,up to date nahi work ka documentation,work ka documentation up to date nahi,0.7071067811865478,0.5946035575013604,0.9240483641624451,0.9191056489944458,,
369,work,code ka readability score improve ho sakta,readability score improve ho sakta code ka,improve ho sakta code ka readability score,Readability score of code can improve,0.7071067811865478,0.5946035575013604,0.9373970031738281,0.9459099769592285,,
370,work,review ka turnaround time acceptable tha,turnaround time acceptable tha review ka,acceptable tha review ka turnaround time,review ka turnaround time acceptable tha,0.6042750794713535,0.6042750794713535,0.9084340333938599,0.9160407185554504,,
371,social,friends ka plan last moment pe cancel hua,plan last moment pe cancel hua friends ka,cancel hua friends ka plan last moment pe,friends ka plan last moment pe cancel hua,0.7652058832556893,0.7652058832556893,0.9217188358306885,0.9074001312255859,,
372,social,group chat ka mood thoda serious lag raha,mood thoda serious lag raha group chat ka,serious lag raha group chat ka mood thoda,The mood of the group chat seems a bit serious,0.6914415692838819,0.6914415692838819,0.9432074427604675,0.9431290030479431,,
373,social,conversation ka pace slow ho gaya,pace slow ho gaya conversation ka,slow ho gaya conversation ka pace,Conversation pace slowed down,0.6042750794713535,0.5081327481546147,0.937294602394104,0.9386259913444519,,
374,social,message ka context sabko clear nahi tha,context sabko clear nahi tha message ka,clear nahi tha message ka context sabko,The context of the message was not clear to everyone,0.7071067811865478,0.5946035575013604,0.9368934035301208,0.9269790649414062,,
375,social,reply ka tone friendly rakhna zaruri hai,tone friendly rakhna zaruri hai reply ka,friendly rakhna zaruri hai reply ka tone,It is important to keep the tone of reply friendly,0.7071067811865478,0.5946035575013604,0.9564962387084961,0.9517455697059631,,
376,social,group ka decision unanimous nahi raha,decision unanimous nahi raha group ka,unanimous nahi raha group ka decision,The group's decision was not unanimous,0.6042750794713535,0.5081327481546147,0.9380980134010315,0.9325396418571472,,
377,social,event ka reminder sabko time pe mila,reminder sabko time pe mila event ka,time pe mila event ka reminder sabko,Everyone got the reminder of the event on time.,0.7071067811865478,0.5946035575013604,0.951532244682312,0.9467358589172363,,
378,social,status update ka wording neutral rakha,wording neutral rakha status update ka,neutral rakha status update ka wording,Boarding of status updates kept neutral,0.5081327481546147,0.6042750794713535,0.928022027015686,0.9207131266593933,,
379,social,chat ka screenshot accidentally share ho gaya,screenshot accidentally share ho gaya chat ka,accidentally share ho gaya chat ka screenshot,Chat screenshots shared accidentally,0.7071067811865478,0.5946035575013604,0.9438747763633728,0.9383169412612915,,
380,social,group ka admin role rotate karna chahiye,admin role rotate karna chahiye group ka,rotate karna chahiye group ka admin role,Group admin role should be rotated,0.7071067811865478,0.5946035575013604,0.9460347294807434,0.9463229775428772,,
381,transport,bus ka AC kaam nahi kar raha,AC kaam nahi kar raha bus ka,kaam nahi kar raha bus ka AC,just one thing is not working,0.7071067811865478,0.5946035575013604,0.9471797943115234,0.9342607259750366,,
382,transport,metro ka platform sign clearly visible tha,platform sign clearly visible tha metro ka,clearly visible tha metro ka platform sign,metro ka platform sign clearly visible tha,0.7071067811865478,0.5946035575013604,0.9291279911994934,0.9324684143066406,,
383,transport,cab ka fare estimate fluctuate kar raha,fare estimate fluctuate kar raha cab ka,fluctuate kar raha cab ka fare estimate,Cab fare estimate is fluctuating,0.7071067811865478,0.5946035575013604,0.9531406164169312,0.9227004647254944,,
384,transport,traffic ka bottleneck junction pe bana,bottleneck junction pe bana traffic ka,junction pe bana traffic ka bottleneck,traffic ka bottleneck junction pe bana,0.6042750794713535,0.5081327481546147,0.938630998134613,0.937988817691803,,
385,transport,parking ka slot thoda narrow laga,slot thoda narrow laga parking ka,narrow laga parking ka slot thoda,parking slotter,0.6042750794713535,0.6042750794713535,0.9401556849479675,0.941498339176178,,
386,transport,route ka alternative option suggest hua,alternative option suggest hua route ka,suggest hua route ka alternative option,route ka alternative option suggest hua,0.6042750794713535,0.6042750794713535,0.9301367402076721,0.9281322360038757,,
387,travel,journey ka rest stop clean maintain tha,rest stop clean maintain tha journey ka,clean maintain tha journey ka rest stop,journey ka rest stop clean maintain tha,0.7071067811865478,0.5946035575013604,0.9133699536323547,0.9065228700637817,,
388,travel,travel ka packing checklist useful prove hua,packing checklist useful prove hua travel ka,useful prove hua travel ka packing checklist,travel ka packing checklist useful prove hua,0.7071067811865478,0.5946035575013604,0.9342103600502014,0.9218028783798218,,
389,travel,station ka exit signage clear nahi tha,exit signage clear nahi tha station ka,clear nahi tha station ka exit signage,station ka exit signage clear nahi tha,0.7071067811865478,0.5946035575013604,0.9375674724578857,0.9334736466407776,,
390,travel,travel ka itinerary flexible rakhna acha,itinerary flexible rakhna acha travel ka,flexible rakhna acha travel ka itinerary,It is good to keep your travel itinerary flexible,0.6042750794713535,0.5081327481546147,0.9387385845184326,0.9425885677337646,,
391,travel,hotel ka check in process smooth raha,check in process smooth raha hotel ka,smooth raha hotel ka check in process,hotel ka check in process smooth raha,0.7071067811865478,0.7071067811865478,0.9303686022758484,0.9138762354850769,,
392,travel,room ka key card occasionally fail ho raha,key card occasionally fail ho raha room ka,fail ho raha room ka key card occasionally,room ka key card occasionally fail ho raha,0.7652058832556893,0.6914415692838819,0.9378401041030884,0.9385942220687866,,
393,travel,travel ka weather buffer plan me include tha,weather buffer plan me include tha travel ka,include tha travel ka weather buffer plan me,travel ka weather buffer plan me include tha,0.7652058832556893,0.7652058832556893,0.9269276857376099,0.9264968633651733,,
394,travel,journey ka final leg comfortable raha,final leg comfortable raha journey ka,comfortable raha journey ka final leg,journey ka final leg comfortable raha,0.6042750794713535,0.6042750794713535,0.9181822538375854,0.9249003529548645,,
395,travel,travel ka local commute easy mila,local commute easy mila travel ka,easy mila travel ka local commute,travel ka local commute easy mila,0.6042750794713535,0.6042750794713535,0.9379405975341797,0.9337541460990906,,
396,travel,tour ka guide instructions clearly de raha,guide instructions clearly de raha tour ka,clearly de raha tour ka guide instructions,tour ka guide instructions clearly de raha,0.7071067811865478,0.5946035575013604,0.9410098791122437,0.9340911507606506,,
397,travel,travel ka pace sabke liye comfortable raha,pace sabke liye comfortable raha travel ka,comfortable raha travel ka pace sabke liye,The pace of travel was comfortable for everyone,0.7071067811865478,0.7071067811865478,0.9459362030029297,0.9424903392791748,,
398,travel,journey ka feedback form simple tha,feedback form simple tha journey ka,simple tha journey ka feedback form,journey ka feedback form simple tha,0.6042750794713535,0.6042750794713535,0.8985102772712708,0.9064887166023254,,
399,travel,travel ka overall impression positive raha,overall impression positive raha travel ka,positive raha travel ka overall impression,travel ka overall impression positive raha,0.6042750794713535,0.6042750794713535,0.9333214163780212,0.9204637408256531,,
400,travel,trip ka closure feeling satisfying laga,closure feeling satisfying laga trip ka,satisfying laga trip ka closure feeling,trip ka closure feeling satisfying laga,0.6042750794713535,0.6042750794713535,0.9254700541496277,0.9196630120277405,,
401,digital,calendar ka reminder automatically set ho gaya,reminder automatically set ho gaya calendar ka,automatically set ho gaya calendar ka reminder,Calendar reminder set automatically,0.7071067811865478,0.5946035575013604,0.9555771350860596,0.9348687529563904,,
402,digital,phone ka vibration mode accidentally on tha,vibration mode accidentally on tha phone ka,accidentally on tha phone ka vibration mode,phone ka vibration mode accidentally on tha,0.7071067811865478,0.5946035575013604,0.9102566838264465,0.9128011465072632,,
403,digital,email ka subject line misleading laga,subject line misleading laga email ka,misleading laga email ka subject line,email you are a subject,0.6042750794713535,0.6042750794713535,0.9179987907409668,0.9109647274017334,,
404,digital,file ka size limit exceed ho gaya,size limit exceed ho gaya file ka,exceed ho gaya file ka size limit,File size limit exceeded,0.7071067811865478,0.5946035575013604,0.9489604830741882,0.9409359097480774,,
405,digital,browser ka tab accidentally close ho gaya,tab accidentally close ho gaya browser ka,accidentally close ho gaya browser ka tab,browser ka tab accidentally close ho gaya,0.7071067811865478,0.5946035575013604,0.9463241100311279,0.9421941041946411,,
406,digital,playlist ka shuffle mode off karna,shuffle mode off karna playlist ka,off karna playlist ka shuffle mode,playlist ka shuffle mode off karna,0.6042750794713535,0.6042750794713535,0.9412187933921814,0.9421882033348083,,
407,digital,video ka buffering issue baar baar aa raha,buffering issue baar baar aa raha video ka,baar baar aa raha video ka buffering issue,Buffering issue of video is coming again and again,0.7652058832556893,0.6914415692838819,0.9417847990989685,0.9321246147155762,,
408,digital,system ka storage cleanup pending hai,storage cleanup pending hai system ka,pending hai system ka storage cleanup,system ka storage cleanup pending hai,0.6042750794713535,0.6042750794713535,0.9397990703582764,0.9184017181396484,,
409,work,meeting ka follow up mail bhejna,follow up mail bhejna meeting ka,bhejna meeting ka follow up mail,send a follow up email to a meeting,0.6042750794713535,0.7952707287670507,0.9379884600639343,0.9136762619018555,,
410,work,task ka priority level change hua,priority level change hua task ka,change hua task ka priority level,task ka priority level change hua,0.6042750794713535,0.6042750794713535,0.9314318895339966,0.9292801022529602,,
411,work,office ka internet speed fluctuate kar raha,internet speed fluctuate kar raha office ka,fluctuate kar raha office ka internet speed,office ka internet speed fluctuate kar raha,0.7071067811865478,0.5946035575013604,0.952528178691864,0.9283741116523743,,
412,work,report ka formatting issue highlight hua,formatting issue highlight hua report ka,highlight hua report ka formatting issue,report ka formatting issue highlight hua,0.6042750794713535,0.6042750794713535,0.9241300821304321,0.936348557472229,,
413,work,client ka feedback document me add karna,feedback document me add karna client ka,add karna client ka feedback document me,Add to client feedback document,0.7071067811865478,0.7071067811865478,0.9313952326774597,0.9201310276985168,,
414,work,deadline ka buffer time helpful hota,buffer time helpful hota deadline ka,helpful hota deadline ka buffer time,deadline ka buffer time helpful hota,0.6042750794713535,0.6042750794713535,0.9192041158676147,0.9382900595664978,,
415,work,discussion ka summary notes me likhna,summary notes me likhna discussion ka,likhna discussion ka summary notes me,discression you have a number of media.,0.6042750794713535,0.7952707287670507,0.9321271181106567,0.8769492506980896,,
416,work,team ka sync meeting weekly hota,sync meeting weekly hota team ka,weekly hota team ka sync meeting,team ka sync meeting weekly hota,0.6042750794713535,0.6042750794713535,0.9351671934127808,0.939294159412384,,
417,work,presentation ka slide order revise karna,slide order revise karna presentation ka,revise karna presentation ka slide order,presentation ka slide order revise karna,0.6042750794713535,0.6042750794713535,0.9263803958892822,0.9381950497627258,,
418,work,office ka pantry stock refill karna,pantry stock refill karna office ka,refill karna office ka pantry stock,office.,0.6042750794713535,0.6042750794713535,0.9255820512771606,0.944135844707489,,
419,work,team ka workload evenly distribute karna,workload evenly distribute karna team ka,distribute karna team ka workload evenly,team ka workload evenly distribute karna,0.6042750794713535,0.6042750794713535,0.9412832856178284,0.9380422830581665,,
420,work,project ka milestone tracker update hua,milestone tracker update hua project ka,update hua project ka milestone tracker,project ka milestone tracker update hua,0.6042750794713535,0.6042750794713535,0.9383813142776489,0.9295256733894348,,
421,household,home ka grocery list ready karna,grocery list ready karna home ka,ready karna home ka grocery list,home ka grocery list ready karna,0.6042750794713535,0.6042750794713535,0.9310510158538818,0.9348267316818237,,
422,household,kitchen ka sink water slow drain ho raha,sink water slow drain ho raha kitchen ka,slow drain ho raha kitchen ka sink water,kitchen ka sink water slow drain ho raha,0.7652058832556893,0.6914415692838819,0.9398772120475769,0.9401262402534485,,
423,household,bedroom ka curtain rod loose ho gaya,curtain rod loose ho gaya bedroom ka,loose ho gaya bedroom ka curtain rod,Bedroom curtain rod became loose,0.7071067811865478,0.5946035575013604,0.9270530343055725,0.94085294008255,,
424,household,balcony ka plant watering schedule miss hua,watering schedule miss hua balcony ka plant,miss hua balcony ka plant watering schedule,balcony ka plant watering schedule miss hua,0.5946035575013604,0.7071067811865478,0.923423171043396,0.9365736246109009,,
425,household,room ka dust accumulation noticeable lag raha,dust accumulation noticeable lag raha room ka,noticeable lag raha room ka dust accumulation,room ka dust accumulation noticeable lag raha,0.7071067811865478,0.5946035575013604,0.9332664012908936,0.9414552450180054,,
426,education,study ka revision plan weekend pe banana,revision plan weekend pe banana study ka,banana study ka revision plan weekend pe,you study revision plan weekend pe banana,0.7071067811865478,0.8408964152537145,0.9269341230392456,0.9455023407936096,,
427,education,lecture ka attendance sheet late circulate hua,attendance sheet late circulate hua lecture ka,late circulate hua lecture ka attendance sheet,lecture ka attendance sheet late circulate hua,0.7071067811865478,0.5946035575013604,0.9297325015068054,0.928941547870636,,
428,education,course ka reading list lengthy lag raha,reading list lengthy lag raha course ka,lengthy lag raha course ka reading list,course ka reading list lengthy lag raha,0.7071067811865478,0.5946035575013604,0.9373685121536255,0.946671187877655,,
429,education,assignment ka grading rubric clear tha,grading rubric clear tha assignment ka,clear tha assignment ka grading rubric,assignment ka grading rubric clear tha,0.6042750794713535,0.6042750794713535,0.9148098230361938,0.9316376447677612,,
430,education,exam ka invigilation process smooth raha,invigilation process smooth raha exam ka,smooth raha exam ka invigilation process,exam ka invigilation process smooth raha,0.6042750794713535,0.6042750794713535,0.914328932762146,0.935967206954956,,
431,education,syllabus ka overlap thoda confusing laga,overlap thoda confusing laga syllabus ka,confusing laga syllabus ka overlap thoda,syllabus ka overlap thoda confusing laga,0.6042750794713535,0.6042750794713535,0.9171331524848938,0.9265873432159424,,
432,education,practical ka evaluation criteria strict tha,evaluation criteria strict tha practical ka,strict tha practical ka evaluation criteria,practical ka evaluation criteria strict tha,0.6042750794713535,0.6042750794713535,0.9143320322036743,0.9239306449890137,,
433,education,tutorial ka doubt clearing session helpful raha,doubt clearing session helpful raha tutorial ka,helpful raha tutorial ka doubt clearing session,tutorial ka doubt clearing session helpful raha,0.7071067811865478,0.7071067811865478,0.9427046179771423,0.941476583480835,,
434,education,notes ka diagram explanation clear tha,diagram explanation clear tha notes ka,clear tha notes ka diagram explanation,notes ka diagram explanation clear tha,0.6042750794713535,0.6042750794713535,0.9126701951026917,0.9194275736808777,,
435,education,online class ka audio occasionally break ho raha,audio occasionally break ho raha online class ka,occasionally break ho raha online class ka audio,online class ka audio occasionally break ho raha,0.6914415692838819,0.6914415692838819,0.9396623373031616,0.9390120506286621,,
436,household,neighbour ka dog barking raat me zyada hota,dog barking raat me zyada hota neighbour ka,zyada hota neighbour ka dog barking raat me,Neighbor's dog barks more at night,0.7652058832556893,0.7652058832556893,0.9427502155303955,0.8678211569786072,,
437,household,society ka lift maintenance due ho gaya,lift maintenance due ho gaya society ka,due ho gaya society ka lift maintenance,Society's lift maintenance became due,0.7071067811865478,0.5946035575013604,0.9403912425041199,0.9408562779426575,,
438,household,water ka pressure subah kam hota,pressure subah kam hota water ka,kam hota water ka pressure subah,water pressure is less in the morning,0.6042750794713535,0.6042750794713535,0.9430996775627136,0.9287766814231873,,
439,household,electricity ka outage notice pehle aaya,outage notice pehle aaya electricity ka,pehle aaya electricity ka outage notice,Electricity outage notice came first,0.6042750794713535,0.6042750794713535,0.9429338574409485,0.9116764068603516,,
440,household,flat ka paint shade slightly dull laga,paint shade slightly dull laga flat ka,slightly dull laga flat ka paint shade,flat ka paint shade slightly dull laga,0.7071067811865478,0.5946035575013604,0.9408318996429443,0.9193877577781677,,
441,household,door ka bell sound faint ho gaya,bell sound faint ho gaya door ka,faint ho gaya door ka bell sound,The distant bell sound has become faint,0.7071067811865478,0.5946035575013604,0.9360645413398743,0.9367583394050598,,
442,household,laundry ka washing cycle longer laga,washing cycle longer laga laundry ka,longer laga laundry ka washing cycle,laundry ka washing cycle longer laga,0.6042750794713535,0.6042750794713535,0.9258699417114258,0.9276213645935059,,
443,household,garbage ka pickup schedule miss hua,pickup schedule miss hua garbage ka,miss hua garbage ka pickup schedule,garbage ka pickup schedule miss hua,0.6042750794713535,0.6042750794713535,0.9254842400550842,0.9196924567222595,,
444,digital,app ka dark mode preference save nahi hua,dark mode preference save nahi hua app ka,save nahi hua app ka dark mode preference,app ka dark mode preference save nahi hua,0.7652058832556893,0.6914415692838819,0.9552839994430542,0.9438456892967224,,
445,digital,website ka login captcha repeatedly fail ho raha,login captcha repeatedly fail ho raha website ka,repeatedly fail ho raha website ka login captcha,website ka login captcha repeatedly fail ho raha,0.7652058832556893,0.6914415692838819,0.9498578310012817,0.9425172805786133,,
446,digital,phone ka software update overnight install hua,software update overnight install hua phone ka,overnight install hua phone ka software update,phone ka software update overnight install hua,0.7071067811865478,0.5946035575013604,0.947167694568634,0.9298035502433777,,
447,digital,app ka logout issue security risk lag raha,logout issue security risk lag raha app ka,security risk lag raha app ka logout issue,Logout issue of the app seems to be a security risk.,0.7652058832556893,0.6914415692838819,0.9386417865753174,0.9432038068771362,,
448,digital,browser ka bookmark folder accidentally delete hua,bookmark folder accidentally delete hua browser ka,accidentally delete hua browser ka bookmark folder,browser ka bookmark folder accidentally delete hua,0.7071067811865478,0.5946035575013604,0.9515702128410339,0.9396600723266602,,
449,digital,system ka auto sleep feature annoying lag raha,auto sleep feature annoying lag raha system ka,annoying lag raha system ka auto sleep feature,system ka auto sleep feature annoying lag raha,0.7652058832556893,0.6914415692838819,0.9464564323425293,0.9494107961654663,,
450,digital,mobile data ka usage spike achanak aaya,usage spike achanak aaya mobile data ka,achanak aaya mobile data ka usage spike,Mobile data usage spike came suddenly,0.5946035575013604,0.7071067811865478,0.948280394077301,0.9299124479293823,,
451,education,lecture ka assignment submission portal open hua,assignment submission portal open hua lecture ka,open hua lecture ka assignment submission portal,lecture ka assignment submission portal open hua,0.7071067811865478,0.7071067811865478,0.9410557746887207,0.9403234124183655,,
452,education,exam ka seating arrangement notice late aaya,seating arrangement notice late aaya exam ka,late aaya exam ka seating arrangement notice,exam ka seating arrangement notice late aaya,0.7071067811865478,0.7071067811865478,0.9257944822311401,0.9273477792739868,,
453,education,course ka prerequisite document clearly mention tha,prerequisite document clearly mention tha course ka,clearly mention tha course ka prerequisite document,course ka prerequisite document clearly mention tha,0.7071067811865478,0.5946035575013604,0.9260315299034119,0.9195252060890198,,
454,education,tutorial ka practice sheet helpful lagi,practice sheet helpful lagi tutorial ka,helpful lagi tutorial ka practice sheet,tutorial ka practice sheet helpful lagi,0.6042750794713535,0.6042750794713535,0.9294137358665466,0.9431837201118469,,
455,education,lab ka safety instruction board visible nahi,safety instruction board visible nahi lab ka,visible nahi lab ka safety instruction board,lab ka safety instruction board visible nahi,0.7071067811865478,0.7071067811865478,0.9306938052177429,0.9416679739952087,,
456,education,syllabus ka mid semester split balanced laga,mid semester split balanced laga syllabus ka,balanced laga syllabus ka mid semester split,syllabus ka mid semester split balanced laga,0.7071067811865478,0.7071067811865478,0.926929235458374,0.9281039834022522,,
457,education,project ka evaluation panel external tha,evaluation panel external tha project ka,external tha project ka evaluation panel,project ka evaluation panel external tha,0.6042750794713535,0.6042750794713535,0.9174139499664307,0.923018753528595,,
458,education,seminar ka attendance mandatory mention hua,attendance mandatory mention hua seminar ka,mandatory mention hua seminar ka attendance,seminar ka attendance mandatory mention hua,0.6042750794713535,0.5081327481546147,0.9202229976654053,0.9216075539588928,,
459,education,online quiz ka timer unexpectedly reset hua,quiz ka timer unexpectedly reset hua online,unexpectedly reset hua online quiz ka timer,online quiz ka timer unexpectedly reset hua,0.8408964152537145,0.5946035575013604,0.9512620568275452,0.9444079995155334,,
460,education,class ka participation score calculate hoga,participation score calculate hoga class ka,calculate hoga class ka participation score,class ka participation score calculate hoga,0.6042750794713535,0.6042750794713535,0.9309014081954956,0.9442724585533142,,
461,household,society ka security guard shift change hua,security guard shift change hua society ka,shift change hua society ka security guard,society ka security guard shift change hua,0.7071067811865478,0.5946035575013604,0.9407522082328796,0.9271957278251648,,
462,household,building ka fire drill notice circulate hua,fire drill notice circulate hua building ka,circulate hua building ka fire drill notice,building ka fire drill notice circulate hua,0.7071067811865478,0.7071067811865478,0.9299306273460388,0.9463010430335999,,
463,household,parking ka visitor entry register missing tha,visitor entry register missing tha parking ka,missing tha parking ka visitor entry register,parking ka visitor entry register missing tha,0.7071067811865478,0.7071067811865478,0.9073398113250732,0.9312342405319214,,
464,household,water tank ka cleaning schedule announced hua,cleaning schedule announced hua water tank ka,announced hua water tank ka cleaning schedule,water tank ka cleaning schedule announced hua,0.5946035575013604,0.7071067811865478,0.9286198019981384,0.9258254766464233,,
465,household,apartment ka maintenance bill generate hua,maintenance bill generate hua apartment ka,generate hua apartment ka maintenance bill,apartment ka maintenance bill generate hua,0.6042750794713535,0.6042750794713535,0.9370719790458679,0.9385979175567627,,
466,household,staircase ka emergency light working nahi,emergency light working nahi staircase ka,working nahi staircase ka emergency light,staircase ka emergency light working nahi,0.6042750794713535,0.6042750794713535,0.931370735168457,0.9291902780532837,,
467,household,gate ka access card temporarily deactivate hua,access card temporarily deactivate hua gate ka,temporarily deactivate hua gate ka access card,gate ka access card temporarily deactivate hua,0.7071067811865478,0.5946035575013604,0.9489367008209229,0.937398374080658,,
468,household,elevator ka weight sensor malfunction kar raha,weight sensor malfunction kar raha elevator ka,malfunction kar raha elevator ka weight sensor,elevator ka weight sensor malfunction kar raha,0.7071067811865478,0.5946035575013604,0.9467560648918152,0.9372646808624268,,
469,household,corridor ka lighting level insufficient laga,lighting level insufficient laga corridor ka,insufficient laga corridor ka lighting level,corridor ka lighting level insufficient laga,0.6042750794713535,0.6042750794713535,0.9177278876304626,0.9280899167060852,,
470,household,water purifier ka filter replacement due hai,filter replacement due hai water purifier ka,due hai water purifier ka filter replacement,water purifier ka filter replacement due hai,0.5946035575013604,0.7071067811865478,0.9275540113449097,0.9285230040550232,,
471,digital,music app ka equalizer preset change hua,equalizer preset change hua music app ka,change hua music app ka equalizer preset,music app ka equalizer preset change hua,0.5946035575013604,0.7071067811865478,0.9277448654174805,0.9339461922645569,,
472,digital,cloud storage ka sync delay noticeable tha,sync delay noticeable tha cloud storage ka,noticeable tha cloud storage ka sync delay,cloud storage ka sync delay noticeable tha,0.5946035575013604,0.7071067811865478,0.9341086745262146,0.9371822476387024,,
473,digital,browser ka extension update automatically install hua,extension update automatically install hua browser ka,automatically install hua browser ka extension update,browser ka extension update automatically install hua,0.7071067811865478,0.5946035575013604,0.9423406720161438,0.925931990146637,,
474,digital,phone ka screen calibration off lag raha,screen calibration off lag raha phone ka,off lag raha phone ka screen calibration,phone ka screen calibration off lag raha,0.7071067811865478,0.5946035575013604,0.9520168900489807,0.9355175495147705,,
475,digital,system ka startup time noticeably increase hua,startup time noticeably increase hua system ka,noticeably increase hua system ka startup time,system ka startup time noticeably increase hua,0.7071067811865478,0.5946035575013604,0.9281555414199829,0.9252238273620605,,
476,education,exam ka result announcement date shift ho gaya,result announcement date shift ho gaya exam ka,shift ho gaya exam ka result announcement date,exam ka result announcement date shift ho gaya,0.7652058832556893,0.6914415692838819,0.9502928853034973,0.938352108001709,,
477,education,course ka feedback form anonymous raha,feedback form anonymous raha course ka,anonymous raha course ka feedback form,course ka feedback form anonymous raha,0.6042750794713535,0.6042750794713535,0.9268191456794739,0.932013988494873,,
478,education,lecture ka slide deck revised version upload hua,slide deck revised version upload hua lecture ka,revised version upload hua lecture ka slide deck,lecture ka slide deck revised version upload hua,0.7652058832556893,0.6914415692838819,0.9455873966217041,0.9374850392341614,,
479,education,lab ka experiment procedure clearly document tha,experiment procedure clearly document tha lab ka,clearly document tha lab ka experiment procedure,lab ka experiment procedure clearly document tha,0.7071067811865478,0.5946035575013604,0.9338271617889404,0.9369348287582397,,
480,education,assignment ka late penalty policy strict hai,late penalty policy strict hai assignment ka,strict hai assignment ka late penalty policy,assignment ka late penalty policy strict hai,0.7071067811865478,0.7071067811865478,0.9400607347488403,0.9314942359924316,,
481,household,apartment ka water leakage complaint register hua,water leakage complaint register hua apartment ka,register hua apartment ka water leakage complaint,apartment ka water leakage complaint register hua,0.7071067811865478,0.7071067811865478,0.9382808208465576,0.939723551273346,,
482,household,society ka CCTV footage access restricted hai,CCTV footage access restricted hai society ka,restricted hai society ka CCTV footage access,society ka CCTV footage access restricted hai,0.7071067811865478,0.7071067811865478,0.9458523392677307,0.92808997631073,,
483,household,parking ka reserved slot clearly mark nahi tha,reserved slot clearly mark nahi tha parking ka,clearly mark nahi tha parking ka reserved slot,parking ka reserved slot clearly mark nahi tha,0.7652058832556893,0.6914415692838819,0.9310869574546814,0.9256014227867126,,
484,household,power backup ka battery health degrade ho raha,battery health degrade ho raha power backup ka,degrade ho raha power backup ka battery health,power backup is the health area of,0.6914415692838819,0.6914415692838819,0.9424650073051453,0.9465569853782654,,
485,household,house ka renovation timeline extend ho gaya,renovation timeline extend ho gaya house ka,extend ho gaya house ka renovation timeline,House renovation timeline extended,0.7071067811865478,0.5946035575013604,0.9470116496086121,0.9402542114257812,,
486,work,team ka sprint planning session productive raha,sprint planning session productive raha team ka,productive raha team ka sprint planning session,team ka sprint planning session productive raha,0.7071067811865478,0.7071067811865478,0.9471330046653748,0.9479166269302368,,
487,work,project ka risk assessment document update hua,risk assessment document update hua project ka,update hua project ka risk assessment document,project ka risk assessment document update hua,0.7071067811865478,0.7071067811865478,0.9422428011894226,0.9416217803955078,,
488,work,meeting ka minutes shared folder me upload hua,minutes shared folder me upload hua meeting ka,upload hua meeting ka minutes shared folder me,meeting ka minutes shared folder me upload hua,0.7652058832556893,0.7652058832556893,0.9326249957084656,0.9160664081573486,,
489,work,client ka approval mail officially receive hua,approval mail officially receive hua client ka,officially receive hua client ka approval mail,client ka approval mail officially receive hua,0.7071067811865478,0.5946035575013604,0.9436623454093933,0.9232797622680664,,
490,work,work ka knowledge transfer session scheduled hai,knowledge transfer session scheduled hai work ka,scheduled hai work ka knowledge transfer session,work ka knowledge transfer session scheduled hai,0.7071067811865478,0.7071067811865478,0.9327618479728699,0.9314675331115723,,
491,social,friends ka weekend outing plan finalize hua,weekend outing plan finalize hua friends ka,finalize hua friends ka weekend outing plan,friends ka weekend outing plan finalize hua,0.7071067811865478,0.7071067811865478,0.9456580877304077,0.9225510954856873,,
492,social,group chat ka message tone misunderstanding cause bana,message tone misunderstanding cause bana group chat ka,misunderstanding cause bana group chat ka message tone,group chat ka message tone misunderstanding cause bana,0.6914415692838819,0.6914415692838819,0.9504677653312683,0.9304724931716919,,
493,social,event ka dress code informal mention tha,dress code informal mention tha event ka,informal mention tha event ka dress code,event ka dress code informal mention tha,0.7071067811865478,0.5946035575013604,0.8850582242012024,0.9230549931526184,,
494,social,call ka audio delay awkward laga,audio delay awkward laga call ka,awkward laga call ka audio delay,call from audio delay awkward,0.6042750794713535,0.6042750794713535,0.9247477054595947,0.9323834776878357,,
495,social,conversation ka closure politely handle hua,closure politely handle hua conversation ka,politely handle hua conversation ka closure,conversation ka closure politely handle hua,0.6042750794713535,0.5081327481546147,0.9200568795204163,0.922980785369873,,
496,travel,travel ka emergency contact list ready rakhna,emergency contact list ready rakhna travel ka,ready rakhna travel ka emergency contact list,travel ka emergency contact list ready rakhna,0.7071067811865478,0.7071067811865478,0.9479912519454956,0.9415736794471741,,
497,travel,journey ka luggage tag number mismatch nikla,luggage tag number mismatch nikla journey ka,mismatch nikla journey ka luggage tag number,journey ka luggage tag number mismatch nikla,0.7071067811865478,0.7071067811865478,0.9442844986915588,0.9459069967269897,,
498,travel,airport ka security check process systematic laga,security check process systematic laga airport ka,systematic laga airport ka security check process,airport ka security check process systematic laga,0.7071067811865478,0.7071067811865478,0.9402037262916565,0.9422973394393921,,
499,travel,trip ka budget estimation accurate prove hua,budget estimation accurate prove hua trip ka,accurate prove hua trip ka budget estimation,trip ka budget estimation accurate prove hua,0.7071067811865478,0.5946035575013604,0.9340512156486511,0.9198969006538391,,
500,travel,travel ka post trip survey short aur simple tha,post trip survey short aur simple tha travel ka,short aur simple tha travel ka post trip survey,Travel's post trip survey was short and simple,0.8034284189446523,0.7476743906106104,0.9370127320289612,0.9411969184875488,,
